author_id,login,display_name,email_hash,source
email:0038fde4a3bde71aeeed84edacfc719bafec2917d65db9666a919ffdacd48570,,Yury Zholobov,0038fde4a3bde71aeeed84edacfc719bafec2917d65db9666a919ffdacd48570,commit
email:003c56bd7d9b9019a050e3755c2a7e2a0a75d30f82a377c0217e82cb41507f72,,Russell Porter,003c56bd7d9b9019a050e3755c2a7e2a0a75d30f82a377c0217e82cb41507f72,commit
email:0042a5c54e241f1c1035d7939aa9ec6d3651fdb1fee29181ac10a9ea97497052,,Andrew Gray,0042a5c54e241f1c1035d7939aa9ec6d3651fdb1fee29181ac10a9ea97497052,commit
email:0070f79038131349a127265fd29330996d90e5a68cfe85e8e8465fe57a41628e,,Stephen Keep,0070f79038131349a127265fd29330996d90e5a68cfe85e8e8465fe57a41628e,commit
email:00812bd22d651fb86c519aed99bb50f02da427035a7ca56bdc1763750ffe90a5,,Ron Heft,00812bd22d651fb86c519aed99bb50f02da427035a7ca56bdc1763750ffe90a5,commit
email:00efc35aa0a105c533400fc8cf440e61bda054b9ed2a864d2313dc507f0b8fac,,Benjamin Henrik Robson,00efc35aa0a105c533400fc8cf440e61bda054b9ed2a864d2313dc507f0b8fac,commit
email:0149f402cb1df80e168aeaf20deb8f5bd582e0262948cbd26723ffd059fa2124,,xiaenlong,0149f402cb1df80e168aeaf20deb8f5bd582e0262948cbd26723ffd059fa2124,commit
email:01cf63a57415d918ffae20b3c32e0edc311047ef8fcf01fb73d4ccf970d02c5d,,Igor Sugak,01cf63a57415d918ffae20b3c32e0edc311047ef8fcf01fb73d4ccf970d02c5d,commit
email:02146675b6301db6a6b1b76e832b93558e89129eeda807ec37fd6c34d641e9a9,,Lea Bärtschi,02146675b6301db6a6b1b76e832b93558e89129eeda807ec37fd6c34d641e9a9,commit
email:029a1ceba199ada7fa8c2a97c90733e47da5794405286987a62b632bb1bb9bad,,Shaozhen Zhang,029a1ceba199ada7fa8c2a97c90733e47da5794405286987a62b632bb1bb9bad,commit
email:02ebfcc210f001de5a0ebb9804740f79789815b07cdffbc549534990e2a756c4,,Yang Li,02ebfcc210f001de5a0ebb9804740f79789815b07cdffbc549534990e2a756c4,commit
email:02f744b3e9647a066ff35fc97c601de5e365d52232bff526f958e3d6418b4089,,Alex Koller,02f744b3e9647a066ff35fc97c601de5e365d52232bff526f958e3d6418b4089,commit
email:0396d2b3e0d069589a838983485d545ae1fc8082fc0156243e881012ee9e5a5d,,Nick,0396d2b3e0d069589a838983485d545ae1fc8082fc0156243e881012ee9e5a5d,commit
email:0397dd0c73374884e91a32dd979ad2082a6c0c8a68dc0c784907df542746a04b,,Qian Wu,0397dd0c73374884e91a32dd979ad2082a6c0c8a68dc0c784907df542746a04b,commit
email:042c2890929637d25363221ebb3a048b6aeb094b9e2b2b136c340744dd184bc3,,Thorben Primke,042c2890929637d25363221ebb3a048b6aeb094b9e2b2b136c340744dd184bc3,commit
email:047ba27759beaf62fc3958cfb33e082ed6c2a21d446300b3ab7bbfd393ad0391,,Wendi Du,047ba27759beaf62fc3958cfb33e082ed6c2a21d446300b3ab7bbfd393ad0391,commit
email:04899229c312954df59962b6f2291b439f20c91ce721b2e7dc81e3e3bbeaa70e,,Josh Leibsly,04899229c312954df59962b6f2291b439f20c91ce721b2e7dc81e3e3bbeaa70e,commit
email:048f00d0a371956b685cce8f4cc89d607747be3c1581a5080809af9eccd38ae5,,Luna Wei,048f00d0a371956b685cce8f4cc89d607747be3c1581a5080809af9eccd38ae5,commit
email:04c922f888ba5fe8f9f2c88afc966e1dfc9ecd82a9709dde4ee04f1aa0e06db8,,David Perrenoud,04c922f888ba5fe8f9f2c88afc966e1dfc9ecd82a9709dde4ee04f1aa0e06db8,commit
email:04fcb9d87130917c0f54a4e0395480e9008333c8f4fda1f75cc7c4e21f527e24,,Sahil Jain,04fcb9d87130917c0f54a4e0395480e9008333c8f4fda1f75cc7c4e21f527e24,commit
email:05253816ab2ebdfbbf2c4d46531124272e69f6c2dc41957f70918b06edcb042d,,Benoit Girard,05253816ab2ebdfbbf2c4d46531124272e69f6c2dc41957f70918b06edcb042d,commit
email:058d1f1a2d90145e1399f4edd06e3281791fc6c54b2222145a189271b8f47124,,RichardCao,058d1f1a2d90145e1399f4edd06e3281791fc6c54b2222145a189271b8f47124,commit
email:05a1c11fe4da5c92c8a6dff4bb4ba440ed345c8c7b1c9590f6269501983cffc8,,Naris Siamwalla,05a1c11fe4da5c92c8a6dff4bb4ba440ed345c8c7b1c9590f6269501983cffc8,commit
email:05a509ac3a9e1cafc30f52586ded7f73f01e27b6d3d75d1cccd8c94a49880957,,Matt Blagden,05a509ac3a9e1cafc30f52586ded7f73f01e27b6d3d75d1cccd8c94a49880957,commit
email:05e6cb95567cbf8ecbd1782a6220e0b705c1ec9966b1675906dc53bfeae79c19,,Matt Sessions,05e6cb95567cbf8ecbd1782a6220e0b705c1ec9966b1675906dc53bfeae79c19,commit
email:065c1609902c6cfa473a333057e503190c511f813a55eb4c526511677a433a1d,,Heinrich Tremblay,065c1609902c6cfa473a333057e503190c511f813a55eb4c526511677a433a1d,commit
email:06a7fe0575eaff6a38e1f912c93eeb0b0dfd36061ca962a31f414c0be0002690,,James,06a7fe0575eaff6a38e1f912c93eeb0b0dfd36061ca962a31f414c0be0002690,commit
email:070262d483f7d0dff759dd82500a88f63ebb8c2b789f6594e18e51d277e5f1b8,,Nicholas Block,070262d483f7d0dff759dd82500a88f63ebb8c2b789f6594e18e51d277e5f1b8,commit
email:0707dc112ec9bf9b4d36c9fedb683e9453ce696470e160d8eb59c627ec611aeb,,Edvin Erikson,0707dc112ec9bf9b4d36c9fedb683e9453ce696470e160d8eb59c627ec611aeb,commit
email:08434493ab1e4badbe2413092695d124bcdc333ec18f0c720b35788793faaf29,,Junfeng Li,08434493ab1e4badbe2413092695d124bcdc333ec18f0c720b35788793faaf29,commit
email:085841a97f31e2280fd03c3c56eb507083c07197e317cd624d6351ef144bc0ce,,Janette Cheng,085841a97f31e2280fd03c3c56eb507083c07197e317cd624d6351ef144bc0ce,commit
email:0866cab4bc8fefa6975633425acd3ade8f4f5bcc0cdb54fe0d0ce121cab05f38,,Lulu Wu,0866cab4bc8fefa6975633425acd3ade8f4f5bcc0cdb54fe0d0ce121cab05f38,commit
email:0880a813348ad499f7fc5809ae59be6ce4b38229f64ff4d8c4b85652ad59b06d,,Marko Novakovic,0880a813348ad499f7fc5809ae59be6ce4b38229f64ff4d8c4b85652ad59b06d,commit
email:0896844b0d8d571f5d915fcb3b4b5acb0c5d52c4f8847efda45cd4505b4a485e,,Ludovico Fischer,0896844b0d8d571f5d915fcb3b4b5acb0c5d52c4f8847efda45cd4505b4a485e,commit
email:08b06c1048f60a629941da6eb33bd5d77e853d3ba0f47df55d38bc6fd5929950,,Greg Herlihy,08b06c1048f60a629941da6eb33bd5d77e853d3ba0f47df55d38bc6fd5929950,commit
email:08b88345ad7497978907bf13be11247f458bbd5f8af909051201e263725f6595,,Regina Tuk,08b88345ad7497978907bf13be11247f458bbd5f8af909051201e263725f6595,commit
email:08d0ccb1800b2e3bebdd81a6370feafc061de7e0fcdaa7c0c173a723fff1d20f,,Evghenii Nicolaev,08d0ccb1800b2e3bebdd81a6370feafc061de7e0fcdaa7c0c173a723fff1d20f,commit
email:096e9b57f9c314e82b876ab9216a59cd68f29b8b1f73f4d52ee1db39ea7061d1,,Martin Sherburn,096e9b57f9c314e82b876ab9216a59cd68f29b8b1f73f4d52ee1db39ea7061d1,commit
email:09a3f654eec8ab9884cc5a170daacd00c72443449224068f559372dd7c0e8128,,Nicholas Young,09a3f654eec8ab9884cc5a170daacd00c72443449224068f559372dd7c0e8128,commit
email:0a04fe94640b96549c3e4791b3c67e0a35aee1c351a5902b1e1b5b9d4a846ddc,,mohitcharkha,0a04fe94640b96549c3e4791b3c67e0a35aee1c351a5902b1e1b5b9d4a846ddc,commit
email:0a110c146515278a0029028c6cebc2c7d9cf067c91cb6ce4d5df58cdb8b806de,,=?UTF-8?q?=E6=AD=A3=E9=9C=96?=,0a110c146515278a0029028c6cebc2c7d9cf067c91cb6ce4d5df58cdb8b806de,commit
email:0a71b4859d15ba8a78dd18b9f4b96430edb55c4eba6441bd8c435f1b08cb2e71,,Mike Adams,0a71b4859d15ba8a78dd18b9f4b96430edb55c4eba6441bd8c435f1b08cb2e71,commit
email:0acddec17ebce1cc03af842d203a13a61a5ee4a7aa78326baa079790a427b2cc,,Arian Stolwijk,0acddec17ebce1cc03af842d203a13a61a5ee4a7aa78326baa079790a427b2cc,commit
email:0b2151b74dd64055a5c49872cab2e751e0483617b6e93d16bfdc3dca2d6cfc25,,Martin Cerny,0b2151b74dd64055a5c49872cab2e751e0483617b6e93d16bfdc3dca2d6cfc25,commit
email:0b58f55edc10334dd0e502e75d9e643617b3e20dfaeb7bc867801be83621a47e,,Yinan Na,0b58f55edc10334dd0e502e75d9e643617b3e20dfaeb7bc867801be83621a47e,commit
email:0bc04bfc9bda6e5d2f416999c28509996d9c32e0ee4eb0a442e6c651d2b765a4,,generatedunixname89002005232357,0bc04bfc9bda6e5d2f416999c28509996d9c32e0ee4eb0a442e6c651d2b765a4,commit
email:0bc6e35b8af18e65c07b2bb04d9ae6398e2cc811afd632a873843ea046cd44eb,,Üstün Ergenoglu,0bc6e35b8af18e65c07b2bb04d9ae6398e2cc811afd632a873843ea046cd44eb,commit
email:0bdc5f5eeb57910999fb85ff078de389aed5e7119dfec3176b10e43a38b70f5c,,Harini Malothu,0bdc5f5eeb57910999fb85ff078de389aed5e7119dfec3176b10e43a38b70f5c,commit
email:0c19aaac674d7c5690519d860e173a4e63056fab6b4669b8fac91b52104a6128,,Georgiy Kassabli,0c19aaac674d7c5690519d860e173a4e63056fab6b4669b8fac91b52104a6128,commit
email:0c323cc58291ae61fffc06e15afec57e530248e9460430d5a2a093482d49018f,,ztodorovic,0c323cc58291ae61fffc06e15afec57e530248e9460430d5a2a093482d49018f,commit
email:0c837c80e7229301ee64e5bd9fac505444c04846ad1bc3d1ae7c2d3354a413d0,,Peter Ammon,0c837c80e7229301ee64e5bd9fac505444c04846ad1bc3d1ae7c2d3354a413d0,commit
email:0cf88c83d42232796af30bfac7deba1bafe4faaafacfe53d52d064904cf079af,,Andy Chou,0cf88c83d42232796af30bfac7deba1bafe4faaafacfe53d52d064904cf079af,commit
email:0d17b3174f9214b55bdf6636740b15c004270e5e0640564315895ad5d799f751,,anthony,0d17b3174f9214b55bdf6636740b15c004270e5e0640564315895ad5d799f751,commit
email:0d363d4d436f5e00d7324cd44d42fbfd5e58ae09d07097292aba88d5946ca201,,generatedunixname1899117597419293,0d363d4d436f5e00d7324cd44d42fbfd5e58ae09d07097292aba88d5946ca201,commit
email:0d5a9a5f5bd7b9b3256ca5812743df6aebccae7e91fe6a07910006ae0c881997,,Ed Voas,0d5a9a5f5bd7b9b3256ca5812743df6aebccae7e91fe6a07910006ae0c881997,commit
email:0d7613d6321cc501c8de62b4e801cabbd631789a4254843f1e9c9eb5a01df0a6,,Edoardo Moreni,0d7613d6321cc501c8de62b4e801cabbd631789a4254843f1e9c9eb5a01df0a6,commit
email:0da5ea35bbfdcdef7e9935b91a7b466afd5a395a8221a818082de95873654343,,Ciprian Pãtru,0da5ea35bbfdcdef7e9935b91a7b466afd5a395a8221a818082de95873654343,commit
email:0e214bc7516f98b7c97e4d7d3a48d5ac6c2e2617fcb8a992b4536d78663e05b0,,Anand Bashyam,0e214bc7516f98b7c97e4d7d3a48d5ac6c2e2617fcb8a992b4536d78663e05b0,commit
email:0e249ccd329fbff10fa205eb7e85da4b5c9c0cd78ce81ea349eaa0c1f9981881,,Thomas Nardone,0e249ccd329fbff10fa205eb7e85da4b5c9c0cd78ce81ea349eaa0c1f9981881,commit
email:0e303cab5883e02b92790576a48222dc56ee293f42ace6cffdcf6409d1697116,,Justin Myers,0e303cab5883e02b92790576a48222dc56ee293f42ace6cffdcf6409d1697116,commit
email:0e41ad69365248314f0faa817ec243a2bb2be25a5627f1f3becec71582e3e2de,,Intl Scheduler,0e41ad69365248314f0faa817ec243a2bb2be25a5627f1f3becec71582e3e2de,commit
email:0e494a106621d0acb4e59a3196dea288c26e34f15b9b801e5b7182b22320a390,,Micha Reiser,0e494a106621d0acb4e59a3196dea288c26e34f15b9b801e5b7182b22320a390,commit
email:0e4c3180cf962269e2742c413b79c425f3fe76300b74bcafbefc66bf5d72665e,,Scott Yost,0e4c3180cf962269e2742c413b79c425f3fe76300b74bcafbefc66bf5d72665e,commit
email:0eab314af410c79d2c1d3eed6f377abab6812b40dd6f1e6e921aa212c73586ea,,Umar Mohammad,0eab314af410c79d2c1d3eed6f377abab6812b40dd6f1e6e921aa212c73586ea,commit
email:0eff1a58c47c3cb44615c5d5b0e8e4a0f3a2e8eaad33325e2959db0af86b2d27,,Aaron (Li Bo) Tao,0eff1a58c47c3cb44615c5d5b0e8e4a0f3a2e8eaad33325e2959db0af86b2d27,commit
email:0f678c1f9aff9afff94d56a0bfe5a67320a78fcf120b6c8df456be78e54f15f3,,Onur Ersel,0f678c1f9aff9afff94d56a0bfe5a67320a78fcf120b6c8df456be78e54f15f3,commit
email:0f6e4d18e586eb2c824fe7406ecbfef5cd47f111b1390f00e12dd7131a8596e0,,Alan Lee,0f6e4d18e586eb2c824fe7406ecbfef5cd47f111b1390f00e12dd7131a8596e0,commit
email:0fd5da87b82a647b3fa4e81c207a12bf11501952ac2205bef67418a54c062e9f,,Michał Gregorczyk,0fd5da87b82a647b3fa4e81c207a12bf11501952ac2205bef67418a54c062e9f,commit
email:0fe166967a476c72b0589efd85b24fd297fbd04a7c4760f315d82d4f479603aa,,wenzhe.lv,0fe166967a476c72b0589efd85b24fd297fbd04a7c4760f315d82d4f479603aa,commit
email:0fec3aa49366b0b38358fed705cc9c5859de1726bada2e77c20b3a2227938c2c,,Chunlok Lo,0fec3aa49366b0b38358fed705cc9c5859de1726bada2e77c20b3a2227938c2c,commit
email:1033f10b8c4cf6406d40c5bda9f44cbc1bbcee62b4cdea627c63d900e4ddc03a,,Makar Kotlov,1033f10b8c4cf6406d40c5bda9f44cbc1bbcee62b4cdea627c63d900e4ddc03a,commit
email:10504c0c6dac7354bdaf2e1844689d7e16145142104f5565b82c97662c3e3549,,Ben Cheng,10504c0c6dac7354bdaf2e1844689d7e16145142104f5565b82c97662c3e3549,commit
email:1055e8023fde856b9309cff060a0b94680a562f53c111a4b93e1b910a7223ac4,,Brent Vatne,1055e8023fde856b9309cff060a0b94680a562f53c111a4b93e1b910a7223ac4,commit
email:10b3d79b81f389f284279805cf0484db83371963985a5eb16c1e0eba5c330cbe,,Mark Smith,10b3d79b81f389f284279805cf0484db83371963985a5eb16c1e0eba5c330cbe,commit
email:10c0d707de6f00e6ab205f4b5c35e14b1cce1aee4a072d8500dc1fef0c987b1d,,Yury Korzun,10c0d707de6f00e6ab205f4b5c35e14b1cce1aee4a072d8500dc1fef0c987b1d,commit
email:10e725fe6cafd891e603846738539f8b9b90097ddec344412bbf1b6e2440e82a,,Jonathan Kim,10e725fe6cafd891e603846738539f8b9b90097ddec344412bbf1b6e2440e82a,commit
email:1102574c87841a2e05ba8d0d08c5424af85bfca997a4f9e6031c9636d1fd67aa,,Tobias Ritzau,1102574c87841a2e05ba8d0d08c5424af85bfca997a4f9e6031c9636d1fd67aa,commit
email:11052ed4b8b0f574643aa566d49c1a22b5d9c9a0d9880957d00c3dc09ca70460,,Elliot Lynde,11052ed4b8b0f574643aa566d49c1a22b5d9c9a0d9880957d00c3dc09ca70460,commit
email:11182b5a16107130481d8c1614f712b9febf67e172115ee677d097203295e328,,Petr Nikolaev,11182b5a16107130481d8c1614f712b9febf67e172115ee677d097203295e328,commit
email:1138864a794961fbcf0cf3ef1ab4ece58453331c8ef65a5b40d9b5a2d1e7f94e,,Patrik Tomas Chamelo,1138864a794961fbcf0cf3ef1ab4ece58453331c8ef65a5b40d9b5a2d1e7f94e,commit
email:11adb4e3acf5e6a1c667edd5e900a05ea0da3ef57c6e328efd14a7fe0d1851e0,,Juan Tejada,11adb4e3acf5e6a1c667edd5e900a05ea0da3ef57c6e328efd14a7fe0d1851e0,commit
email:121f5c5a6c5680fca4dc83b53f066682c0c6b4ac11bf0de9f43556a94bf5d41c,,Justin,121f5c5a6c5680fca4dc83b53f066682c0c6b4ac11bf0de9f43556a94bf5d41c,commit
email:124c279931d346a69cb12bcd88d406db1d90613180b9b0fb31acd2468b9cd10a,,Julius Parishy,124c279931d346a69cb12bcd88d406db1d90613180b9b0fb31acd2468b9cd10a,commit
email:12d2c573e55f4ea3cfe150fb6bab82e699e034846e91f4527786208242160432,,Artem Kholodnyi,12d2c573e55f4ea3cfe150fb6bab82e699e034846e91f4527786208242160432,commit
email:1343c04c9bee25d1e574b7fd676e65b3438ff344405442ce60b882122b47731a,,Gal Shirin,1343c04c9bee25d1e574b7fd676e65b3438ff344405442ce60b882122b47731a,commit
email:13a0f7ac993a7fba74b12d714844c4b45968842406a8d2874db259c4f227fee5,,Eric Vicenti,13a0f7ac993a7fba74b12d714844c4b45968842406a8d2874db259c4f227fee5,commit
email:13a93862d6832073b08bf98b6ca249e507e1d639fabb5e7e8ad083f531f55a3d,,Oleh Malanchuk,13a93862d6832073b08bf98b6ca249e507e1d639fabb5e7e8ad083f531f55a3d,commit
email:13fa024081d77692cae737c230413a47987e709e91863655f37d6addc17eb141,,Boyang Yu,13fa024081d77692cae737c230413a47987e709e91863655f37d6addc17eb141,commit
email:142bb3e0add1c9a6f342d7941d34d31a3a411f85d7a8fd823f7b4f07b26b3f87,,Eyal Eizenberg,142bb3e0add1c9a6f342d7941d34d31a3a411f85d7a8fd823f7b4f07b26b3f87,commit
email:144f7e7bca3d504f6dd9424c287dfbba6c30a4914148b0cad91fce1f0bc8037e,,Yu Huang,144f7e7bca3d504f6dd9424c287dfbba6c30a4914148b0cad91fce1f0bc8037e,commit
email:146327e4a2379bf867c44064c51cb041bc713d64218738a72686537629527b44,,spdr admin,146327e4a2379bf867c44064c51cb041bc713d64218738a72686537629527b44,commit
email:14b0b2b2c4c1c3c1015105eb1064f7046fc71a17ccd8c5749f4f63d88030961f,,Dheeraj Kumar,14b0b2b2c4c1c3c1015105eb1064f7046fc71a17ccd8c5749f4f63d88030961f,commit
email:14f0e721e4d05ddd86ee1a001ecf36ab9ecfdeca95b5b12702c04db60db65750,,Ben Hiller,14f0e721e4d05ddd86ee1a001ecf36ab9ecfdeca95b5b12702c04db60db65750,commit
email:1538e7b5da051a4ad7d4a3777b926ccd37e8ff349222fd6df46acde8f5e51ebe,,Nico,1538e7b5da051a4ad7d4a3777b926ccd37e8ff349222fd6df46acde8f5e51ebe,commit
email:157f411ba1c3e5efd501ea2a9ad173f91c0a6c7121051c04a1cce59f0eccf50c,,q--,157f411ba1c3e5efd501ea2a9ad173f91c0a6c7121051c04a1cce59f0eccf50c,commit
email:169dcf5e913165705398ada64639e7df365a6acf934958c1b1c3cbeb9c938a34,,Irene Feng,169dcf5e913165705398ada64639e7df365a6acf934958c1b1c3cbeb9c938a34,commit
email:16bb286a96ddc1e1d30154d38a105e1c31f8cde9530f5c2b22d54bdccf4317d9,,Tzvetan Mikov,16bb286a96ddc1e1d30154d38a105e1c31f8cde9530f5c2b22d54bdccf4317d9,commit
email:16ccc9b789173b605ef704304baa292fcc48e88f4ff66c7daabef8c8994ab4d9,,Kaibin Yin,16ccc9b789173b605ef704304baa292fcc48e88f4ff66c7daabef8c8994ab4d9,commit
email:17f4b8730124e8730e532a3d2535daf9c12b66a7d53d92198b74f91f959018f7,,Nick Lefever,17f4b8730124e8730e532a3d2535daf9c12b66a7d53d92198b74f91f959018f7,commit
email:18260f94b8074cca96ce7ca31f3c4ec58f5594b4ffcf6c3243451a1f5a1b8dca,,Shawn Dempsey,18260f94b8074cca96ce7ca31f3c4ec58f5594b4ffcf6c3243451a1f5a1b8dca,commit
email:187226fe15533438ca1c9c428f3d099033bd4aa701101851578b4ea106f25135,,Abishek Sethuraman,187226fe15533438ca1c9c428f3d099033bd4aa701101851578b4ea106f25135,commit
email:191557132e8f9dca12a07df051bcbadb8e4df0e76a0c0bf833f90f7de6c46809,,Christine Abernathy,191557132e8f9dca12a07df051bcbadb8e4df0e76a0c0bf833f90f7de6c46809,commit
email:19175725688ea9873226f4f0b81fbd67b269078258e3bca41a1abfb1629cd197,,Joe Savona,19175725688ea9873226f4f0b81fbd67b269078258e3bca41a1abfb1629cd197,commit
email:194e889976fc74d34a08e6b2a90b38f96ea09ba65716efb6e28b55f2c3d1fcf2,,Hilke Heremans,194e889976fc74d34a08e6b2a90b38f96ea09ba65716efb6e28b55f2c3d1fcf2,commit
email:196083f5a87aea5c40c7ee6953978a4548f0e007dba5e6aa37e465dba8d10e37,,Ji An Yang,196083f5a87aea5c40c7ee6953978a4548f0e007dba5e6aa37e465dba8d10e37,commit
email:1964cc780b6f9847aeec513f17b75a53b02ca43d989024c870b60eaa44bbb280,,Sensen Chen,1964cc780b6f9847aeec513f17b75a53b02ca43d989024c870b60eaa44bbb280,commit
email:198496b19b77d3a248a311f7a79619cc55e7435cc553bdef67fa58dedea991f9,,Shubho Sadhu,198496b19b77d3a248a311f7a79619cc55e7435cc553bdef67fa58dedea991f9,commit
email:19beccecac0eb346f46559cb1c2a317ab58aaaa84aa2369d9a2e5fcae1d7306e,,Eric Williamson,19beccecac0eb346f46559cb1c2a317ab58aaaa84aa2369d9a2e5fcae1d7306e,commit
email:19dec3d6d44f7b8238a4ca9ffab70461e245166de784f8254aa55e0a42e1203d,,Prashanth Sampath Kumar,19dec3d6d44f7b8238a4ca9ffab70461e245166de784f8254aa55e0a42e1203d,commit
email:1a4789677968b2927885e33a206dcaf3693dc8b7155f78b7b6db168da5ac5cfc,,Flip Stewart,1a4789677968b2927885e33a206dcaf3693dc8b7155f78b7b6db168da5ac5cfc,commit
email:1a5764fdd8e94eca070287bedff88b3c6350ebea3d6bd9124b2aefb82fa76043,,John Wang,1a5764fdd8e94eca070287bedff88b3c6350ebea3d6bd9124b2aefb82fa76043,commit
email:1abf57c224769de124d39f15b82f09c72b8ef28afb65905efe635e1ac89614df,,Naor Matania,1abf57c224769de124d39f15b82f09c72b8ef28afb65905efe635e1ac89614df,commit
email:1ac67526a5ff1c73b84bcf548027825a2126b672cc6108b3e603c401f996b02a,,Jiawei Lü,1ac67526a5ff1c73b84bcf548027825a2126b672cc6108b3e603c401f996b02a,commit
email:1baf2fa141a5b2e96c93caf2681ded14180fb9432a793bcc11598f72f34874c5,,Satish Sampath,1baf2fa141a5b2e96c93caf2681ded14180fb9432a793bcc11598f72f34874c5,commit
email:1bc115e0a9924d7cb66c7f1fd88763699ddc38e3d6df64c1a6f5cf0c65028d7e,,Attila Jakabfi,1bc115e0a9924d7cb66c7f1fd88763699ddc38e3d6df64c1a6f5cf0c65028d7e,commit
email:1c2166c40511ba7e3c4cd07c33c07e934eb2f3a3884e004ff7fb158e9d5c905c,,Jason Axelson,1c2166c40511ba7e3c4cd07c33c07e934eb2f3a3884e004ff7fb158e9d5c905c,commit
email:1caaa2a312008ea92ae11e1e00b1f0bd8d1ca1a3c868d53a3a995da69d91b166,,Miguel Jimenez Esun,1caaa2a312008ea92ae11e1e00b1f0bd8d1ca1a3c868d53a3a995da69d91b166,commit
email:1d20c6921f5df2d8a67167e9342606dc0c56b5521f60d09bfbde03a475b88840,,generatedunixname89002005325672,1d20c6921f5df2d8a67167e9342606dc0c56b5521f60d09bfbde03a475b88840,commit
email:1d9910d049c2646cd00d80f806a11d5ea107eaff9a9ca6b7e1daa8d5d113f0a8,,Thomas Mchugh,1d9910d049c2646cd00d80f806a11d5ea107eaff9a9ca6b7e1daa8d5d113f0a8,commit
email:1d9a62500bdaa20d608ec58c899544acff9b0d0679dd1ac5daa566a8fcec9c7a,,Kevin Han,1d9a62500bdaa20d608ec58c899544acff9b0d0679dd1ac5daa566a8fcec9c7a,commit
email:1da70586a04cbe31eebabc4f7743413f15803ac965930aaff1d76ab9f3ce4758,,Ziqi Chen,1da70586a04cbe31eebabc4f7743413f15803ac965930aaff1d76ab9f3ce4758,commit
email:1dc02d474e9ccb340cfd7191b06a3b9f19e98f4d10d4e8c3dfa9f9067e36c45a,,Greg Pstrucha,1dc02d474e9ccb340cfd7191b06a3b9f19e98f4d10d4e8c3dfa9f9067e36c45a,commit
email:1dfb05b027ca9ea4ca03604a9c3f8d5944aaf435d78fdbd53ae164beb64b88e1,,Henry Lung,1dfb05b027ca9ea4ca03604a9c3f8d5944aaf435d78fdbd53ae164beb64b88e1,commit
email:1e135cc0c2483f7245e4a5274e0656dae8295839fee1bc16855681107f44b294,,ericvera,1e135cc0c2483f7245e4a5274e0656dae8295839fee1bc16855681107f44b294,commit
email:1e3754c2fc4f5ff0b5e4b4f7a4eeeac1cef747ab20c5d4de9052aa0911760d32,,Sergei Karpukhin,1e3754c2fc4f5ff0b5e4b4f7a4eeeac1cef747ab20c5d4de9052aa0911760d32,commit
email:1e622e21ff77c2c42554f6c6bb5e9fc5aabfe8de5035b5193f54168d3a7ae681,,Jeffrey Beauchamp,1e622e21ff77c2c42554f6c6bb5e9fc5aabfe8de5035b5193f54168d3a7ae681,commit
email:1e911d473c44565778ec680974542e3199b03d01c594271fa0278a974d798784,,Siddhant Soni,1e911d473c44565778ec680974542e3199b03d01c594271fa0278a974d798784,commit
email:1eae398d4226b49dfbfd60b652b3e5c904ce504f0b87ff58d6ed794214a2b53b,,Bartol Karuza,1eae398d4226b49dfbfd60b652b3e5c904ce504f0b87ff58d6ed794214a2b53b,commit
email:1f033c5c77b37dc783e39c93d8ad346263267316fbea9b98f0d5611afeb5959d,,Keyan Zhang,1f033c5c77b37dc783e39c93d8ad346263267316fbea9b98f0d5611afeb5959d,commit
email:1f1ae9135ede71e46b2c610636f4e0a1a3b27e80284c01dd1927b4be2db6d248,,yeshuang,1f1ae9135ede71e46b2c610636f4e0a1a3b27e80284c01dd1927b4be2db6d248,commit
email:1f2f5a6ea79ae9b46b75efc4d490d6f31d084ed0ea000b64179c4d0ae9ad968e,,Qi Zhao,1f2f5a6ea79ae9b46b75efc4d490d6f31d084ed0ea000b64179c4d0ae9ad968e,commit
email:1f8abeaa0cee141b026d85227893be75cf9591b51c7eb19618ba8eb83821ed72,,Urban Cvek,1f8abeaa0cee141b026d85227893be75cf9591b51c7eb19618ba8eb83821ed72,commit
email:1fc055341f8ad9265d93aaf28c55fe8297055fde33198164735b1ffd477ba40c,,Jonathan Maurice,1fc055341f8ad9265d93aaf28c55fe8297055fde33198164735b1ffd477ba40c,commit
email:1fe7327bfb436645476e8e09831851dfc817b4297dd2bdb47269f428a641ea50,,Saleel Salam,1fe7327bfb436645476e8e09831851dfc817b4297dd2bdb47269f428a641ea50,commit
email:2030e65a04900ebff10e8a59fac23c66373da27935bd9e6d5cb2145397f3e415,,David Detlefs,2030e65a04900ebff10e8a59fac23c66373da27935bd9e6d5cb2145397f3e415,commit
email:205a430e3c771a6c5578eb7b92ba28e8617e8ddf535378518c553d1019db63a1,,Jack Worden,205a430e3c771a6c5578eb7b92ba28e8617e8ddf535378518c553d1019db63a1,commit
email:20c07795ea124eb76a7f141adbe4ce3316cde14e136c9427053f5bc235a049b1,,Sreejumon,20c07795ea124eb76a7f141adbe4ce3316cde14e136c9427053f5bc235a049b1,commit
email:20e14b2e6a027d4c51ce8cf0ff650c88f7643c28182b69801f43e41adb013742,,André Costa,20e14b2e6a027d4c51ce8cf0ff650c88f7643c28182b69801f43e41adb013742,commit
email:20eded9b1b07623eb7adfb1a52bb567fe9dde9aa7ae0b69abe7c650265ef0e64,,generatedunixname89002005232357,20eded9b1b07623eb7adfb1a52bb567fe9dde9aa7ae0b69abe7c650265ef0e64,commit
email:2110d0be50e68870a1653ef466e6c27bd8b1de006cb1463451d2865cea401e25,,安秋亮,2110d0be50e68870a1653ef466e6c27bd8b1de006cb1463451d2865cea401e25,commit
email:215372dcba3f42e39a6ecb58199600b22fb9b4cf40c8107df3c8538934d3f81f,,Gabriel Cadden,215372dcba3f42e39a6ecb58199600b22fb9b4cf40c8107df3c8538934d3f81f,commit
email:21f12e1e3ef7112d8f89fb09b0414013d9ba2a606c1e6aeef71644fe9db7ebb2,,origsun,21f12e1e3ef7112d8f89fb09b0414013d9ba2a606c1e6aeef71644fe9db7ebb2,commit
email:21f84134e7284c550dc26e8e52b26b85615134b6ecf1308d7783382f017ddec7,,Kody Greenbaum,21f84134e7284c550dc26e8e52b26b85615134b6ecf1308d7783382f017ddec7,commit
email:22479e5c634658b7e6830ff7abfe8a38655d3358c9f68762ab8d0d99f5d7444b,,Estevão Lucas,22479e5c634658b7e6830ff7abfe8a38655d3358c9f68762ab8d0d99f5d7444b,commit
email:22709eab929a6b7749ee9d11091bc1ae7f3ad87a8eaed50eba2d61ffdacd00e7,,Jeremy Kun,22709eab929a6b7749ee9d11091bc1ae7f3ad87a8eaed50eba2d61ffdacd00e7,commit
email:22b7b362c23c62a72ff2bb2bdea6850f23b72a3f5a9ab609d08a9fd5348e86bc,,Ritesh Kadmawala,22b7b362c23c62a72ff2bb2bdea6850f23b72a3f5a9ab609d08a9fd5348e86bc,commit
email:22ba78bd4433512e35b444d7595972793a048c0a5bb233416261edbaf3964b3b,,Zack,22ba78bd4433512e35b444d7595972793a048c0a5bb233416261edbaf3964b3b,commit
email:22d361fa8e59dfb29cc25bd7f700aaae10d22f7188dd6e78772b7b877f398a25,,Jakub Urban,22d361fa8e59dfb29cc25bd7f700aaae10d22f7188dd6e78772b7b877f398a25,commit
email:230475b0841a8727dd79e51d105ef5f3c4ad9837a61f1648ba06fd165e8eaf4f,,Richard Evans,230475b0841a8727dd79e51d105ef5f3c4ad9837a61f1648ba06fd165e8eaf4f,commit
email:231d7a054e2f519c48e3c4732a14de12fa0b4b68be1264a126590d79d0ce324b,,Eileen Zhang,231d7a054e2f519c48e3c4732a14de12fa0b4b68be1264a126590d79d0ce324b,commit
email:23676ecf30e30da49bb7a1fd8b2c0f02595b7dfbc7ce96e952c122aa7ff05352,,Mani Ghasemlou,23676ecf30e30da49bb7a1fd8b2c0f02595b7dfbc7ce96e952c122aa7ff05352,commit
email:23d1935c68cf51296e0284a85b8e3f42da0a016c0dee3599260ced1afa008ed8,,Yujie Liu,23d1935c68cf51296e0284a85b8e3f42da0a016c0dee3599260ced1afa008ed8,commit
email:242dd28c5fdc59c40ee394a920a5cf0f9508ef8fb9d999b6dc354af5f7635c1d,,Timothy Kukulski,242dd28c5fdc59c40ee394a920a5cf0f9508ef8fb9d999b6dc354af5f7635c1d,commit
email:243ee4ebddc922fe7df5936de7aa8a2cace572ea5b81fdf2bdc8b9c03d773872,,generatedunixname89002005287564@sandcastle995.atn2.facebook.com,243ee4ebddc922fe7df5936de7aa8a2cace572ea5b81fdf2bdc8b9c03d773872,commit
email:24f3e0a8cfa866e2f0d7f1a7c9472e252828a0722fe1cf9e75cbefd81a58b975,,Alexander Micklewright,24f3e0a8cfa866e2f0d7f1a7c9472e252828a0722fe1cf9e75cbefd81a58b975,commit
email:26094715922994d95dd924e2d5934f5ffc19f586139f8678bab1556ca2e5e29a,,On Saint Tiong,26094715922994d95dd924e2d5934f5ffc19f586139f8678bab1556ca2e5e29a,commit
email:267586bd4e26c671ca34d91674dbb15736aac62ac5c438234f6e94fe698c786f,,Supreet Singh,267586bd4e26c671ca34d91674dbb15736aac62ac5c438234f6e94fe698c786f,commit
email:2679ae4ce7ec25a54d2c200d1144ce6bfcfbbee00bebc8d5e9f6c3eb8568bbf5,,Peter van der Zee,2679ae4ce7ec25a54d2c200d1144ce6bfcfbbee00bebc8d5e9f6c3eb8568bbf5,commit
email:2687c25fbfa63280dc57e4c75ba4615c645ac358d158303dc0315b62bee4de99,,Garrett Forbes Monroe,2687c25fbfa63280dc57e4c75ba4615c645ac358d158303dc0315b62bee4de99,commit
email:272490f6c32368792e8141a007c5d41360ac898f4e781b74b8fcf6dbc7277ca4,,Thanich Juthapisuth,272490f6c32368792e8141a007c5d41360ac898f4e781b74b8fcf6dbc7277ca4,commit
email:275bf77087b623555f0672056873e00ebc1f973827588d4fa956d501a17b6ef1,,Ron Edelstein,275bf77087b623555f0672056873e00ebc1f973827588d4fa956d501a17b6ef1,commit
email:27684c709fbd593b8f8a880976570328827775b3646f2f6b7f22c8d3ceab42cf,,Becky Van Bussel,27684c709fbd593b8f8a880976570328827775b3646f2f6b7f22c8d3ceab42cf,commit
email:2784ab0e1ac1a7b344b3cd11906d92d3f70bf7059fd3a97c0fc5797b416115d6,,generatedunixname89002005287564,2784ab0e1ac1a7b344b3cd11906d92d3f70bf7059fd3a97c0fc5797b416115d6,commit
email:27c806fb9fdacb0578bfc6670f12c2637c9bb5693938597652b78ed82d59c9e8,,wangqingyang,27c806fb9fdacb0578bfc6670f12c2637c9bb5693938597652b78ed82d59c9e8,commit
email:28135c287fceb6d3f02ca60f0a43b2f198339cc69f6cf6cf79da0ecd53b42219,,Marcus Zarra,28135c287fceb6d3f02ca60f0a43b2f198339cc69f6cf6cf79da0ecd53b42219,commit
email:286e9198276e0a56e4632ff2d4d0d80e6263845b16af6f16519d814c150ecf5b,,Francois Laberge,286e9198276e0a56e4632ff2d4d0d80e6263845b16af6f16519d814c150ecf5b,commit
email:28edcb3433fef2986a704dbae249d39498a42dd9e13a0485cde6247b42066259,,张亦驰,28edcb3433fef2986a704dbae249d39498a42dd9e13a0485cde6247b42066259,commit
email:290446e368319dd827699f850b2c9a1941645a91a923462e63738d3d5ad8ea06,,Lukas Weber,290446e368319dd827699f850b2c9a1941645a91a923462e63738d3d5ad8ea06,commit
email:292951b83171784fa59f5b89c37cd5feb0365beaf73508297b4fe0f0f7105fd8,,David Ashinsky,292951b83171784fa59f5b89c37cd5feb0365beaf73508297b4fe0f0f7105fd8,commit
email:29a2658d5f17663034ebb962ed205c2e44b752d338ce38fbb34a5d562c956891,,Roshan Jossey,29a2658d5f17663034ebb962ed205c2e44b752d338ce38fbb34a5d562c956891,commit
email:29a511abd1c10d34587231c37b424e3c736ef9f599d10db32658e87185919889,,Geoff Lawson,29a511abd1c10d34587231c37b424e3c736ef9f599d10db32658e87185919889,commit
email:29b03200edac73dfeedca811559b3bce71c1de5f222d7d8100c82b26bfeeece3,,BaihaoTian,29b03200edac73dfeedca811559b3bce71c1de5f222d7d8100c82b26bfeeece3,commit
email:2a00c14b497947b8f3b06e7dc307d6c52bbf51e397e68d96287179178c397c66,,Richard Zito,2a00c14b497947b8f3b06e7dc307d6c52bbf51e397e68d96287179178c397c66,commit
email:2a5f9d6cc297aa81d5f7105fc1c2155095b25b1c62392a301e57ba4f6f9ff071,,Yike Xue,2a5f9d6cc297aa81d5f7105fc1c2155095b25b1c62392a301e57ba4f6f9ff071,commit
email:2a88c10fe82674b985da8feec782193293015765bc8863b9fe3b69b23946e1c4,,Aaron Coplan,2a88c10fe82674b985da8feec782193293015765bc8863b9fe3b69b23946e1c4,commit
email:2ae597e6a40041a5a1a2b84fd68842375285b6e63f99b950c8165cda45dcb1b3,,Martino Luca,2ae597e6a40041a5a1a2b84fd68842375285b6e63f99b950c8165cda45dcb1b3,commit
email:2b9a90572ead8ca7078e3ff3e85ff02e48a90dfd1f3e070f2271eab9d6670600,,Felix Oghină,2b9a90572ead8ca7078e3ff3e85ff02e48a90dfd1f3e070f2271eab9d6670600,commit
email:2bdf779cfeb762d8cf70414bc3745357e9c69574f82b27166df28a1e183afcfb,,Sahil Ohri,2bdf779cfeb762d8cf70414bc3745357e9c69574f82b27166df28a1e183afcfb,commit
email:2c12664cdea6e4134120d74dc6f3151e6201402df744a063245c59225c443734,,Harrison Spain,2c12664cdea6e4134120d74dc6f3151e6201402df744a063245c59225c443734,commit
email:2c84ba93a594d805223d3b0cc8ce40884d4d36443a119e12a6ee3c6219eb7996,,Jakub Grzmiel,2c84ba93a594d805223d3b0cc8ce40884d4d36443a119e12a6ee3c6219eb7996,commit
email:2ca1c2c1e8e28924e4c87a58e51bfdd694003d4ea3cc35ca4a6dd73d5314e0d5,,mattds,2ca1c2c1e8e28924e4c87a58e51bfdd694003d4ea3cc35ca4a6dd73d5314e0d5,commit
email:2ccf19b7dfc1d28426dd7c1c2ea18d0e005d7dd14ca4b7ec87e58df173933a13,,Huang Yu,2ccf19b7dfc1d28426dd7c1c2ea18d0e005d7dd14ca4b7ec87e58df173933a13,commit
email:2cfbf52319503ae030917de7b298d5f8f6440aeaf013b37a4a62d5ea77d578b0,,Kai Wood,2cfbf52319503ae030917de7b298d5f8f6440aeaf013b37a4a62d5ea77d578b0,commit
email:2d1cd807292e5a17eccbcd9d29a41136910759d85f1dc24ab7f5d4ff67131ddf,,Devon Mars,2d1cd807292e5a17eccbcd9d29a41136910759d85f1dc24ab7f5d4ff67131ddf,commit
email:2d6763e4dbe06619724ef085d0df2cb0aa9d3fcda1edb9989bb5f3ffea61fb27,,Joachim Reiersen,2d6763e4dbe06619724ef085d0df2cb0aa9d3fcda1edb9989bb5f3ffea61fb27,commit
email:2de11d50589257b6b90cb0dd5f1487cec26281c5080e6719a5039a7be0b05eda,,mikaello,2de11d50589257b6b90cb0dd5f1487cec26281c5080e6719a5039a7be0b05eda,commit
email:2df4fcd5cdd70fb23ac337ee45d3e1d447d1ab937a61f86f24098ea0643c3017,,John Days,2df4fcd5cdd70fb23ac337ee45d3e1d447d1ab937a61f86f24098ea0643c3017,commit
email:2e0cace00c305bf61ddb6cdd979e831e6b137d3a6b6a46a96932db39f725d804,,Elisa Lou,2e0cace00c305bf61ddb6cdd979e831e6b137d3a6b6a46a96932db39f725d804,commit
email:2e79b33f73354c635f08945cc674238b8b70a23ca58903cf182822aab5df7fa5,,Ingrid Wang,2e79b33f73354c635f08945cc674238b8b70a23ca58903cf182822aab5df7fa5,commit
email:2e81d984fa3cd91b47450dfb57ba6fc9da5a6f159fdf4d20b4fd5168372be6f4,,Andy Huang,2e81d984fa3cd91b47450dfb57ba6fc9da5a6f159fdf4d20b4fd5168372be6f4,commit
email:2f04efb18fafd3c183d81fc9b92c1dfe1a1104cc96598b2c33f8129ecdb166dc,,wenzhao.yin,2f04efb18fafd3c183d81fc9b92c1dfe1a1104cc96598b2c33f8129ecdb166dc,commit
email:2f414815bbb9ad26db15d327cbce4f35898cd98efeb020b9f9e099b4ebcbea48,,Rick,2f414815bbb9ad26db15d327cbce4f35898cd98efeb020b9f9e099b4ebcbea48,commit
email:2f8c6d74b98a43abdfdedb97f4e86ed991fea614f81ea8be591193da49cb36e3,,Chuck Dishmon,2f8c6d74b98a43abdfdedb97f4e86ed991fea614f81ea8be591193da49cb36e3,commit
email:2fb5ce4c8af7ae551a8654dd9c8393203cb2a14221c5b01612b756c7f291fae4,,Amy Lee,2fb5ce4c8af7ae551a8654dd9c8393203cb2a14221c5b01612b756c7f291fae4,commit
email:2fb845a6993dceb5dd802c9c3e1abab130ee0cbb8b7a8dba20937275e4d75c04,,Jonathan Kim,2fb845a6993dceb5dd802c9c3e1abab130ee0cbb8b7a8dba20937275e4d75c04,commit
email:2fca60e28f7100d5c2a60159b9f686f6afcc655474109e6af34f4fbe73a514f1,,Weichun Yuan,2fca60e28f7100d5c2a60159b9f686f6afcc655474109e6af34f4fbe73a514f1,commit
email:2ffedc509a81c368904d79cc5f67137238b35c76b9522664f297dba1f1988b7b,,Lucy Beatriz Gomez,2ffedc509a81c368904d79cc5f67137238b35c76b9522664f297dba1f1988b7b,commit
email:306cb92a1d215a2ddd5fd1f738a2409d1702d3c6e1d6fe019376d0df5558a21b,,Dileep Siva Sai Nallabothu,306cb92a1d215a2ddd5fd1f738a2409d1702d3c6e1d6fe019376d0df5558a21b,commit
email:30918dc0997dbdbe1e4212fbbb732a7f68915093c92882dadfe3b66c8a98dfd3,,Krystof Woldrich,30918dc0997dbdbe1e4212fbbb732a7f68915093c92882dadfe3b66c8a98dfd3,commit
email:30bdef4bb75318e0e3c8326558c344de128f8dfcb8c67298a9ba38353159a9bb,,Jakub Woyke,30bdef4bb75318e0e3c8326558c344de128f8dfcb8c67298a9ba38353159a9bb,commit
email:30c81b91578336ae1fd45839ee83a929886f5da487d0e100a45f5c788656ca14,,Yonah Karp,30c81b91578336ae1fd45839ee83a929886f5da487d0e100a45f5c788656ca14,commit
email:30f8d42901da861337f695e05258f1a203fde229fffeb2c8de721d3f423bc574,,Austin Kuo,30f8d42901da861337f695e05258f1a203fde229fffeb2c8de721d3f423bc574,commit
email:3110b59e9647211d197a2d17b5dc99afcf6528aac95d3395111db865f37c770f,,Injung Chung,3110b59e9647211d197a2d17b5dc99afcf6528aac95d3395111db865f37c770f,commit
email:3113b778ed2a8d7c0cc436e7c2321c23f81587ae55087a33302f880bb8e4e2df,,Alexey Litvinov,3113b778ed2a8d7c0cc436e7c2321c23f81587ae55087a33302f880bb8e4e2df,commit
email:31179aaf202a44c2525dca9c5d6c0704ee67b0ea433a77c119210fa4dec1a09c,,Cody Unger,31179aaf202a44c2525dca9c5d6c0704ee67b0ea433a77c119210fa4dec1a09c,commit
email:311fe03fd3f2146c28cd791c28c8b4b17f590109d608571bf6902feb5ed7dcf9,,Zeya Peng,311fe03fd3f2146c28cd791c28c8b4b17f590109d608571bf6902feb5ed7dcf9,commit
email:315cf25ce0e697dd57fcc9266691c1e4dd24395d3d89d39811b03c07a1e43389,,Dorota Kapturkiewicz,315cf25ce0e697dd57fcc9266691c1e4dd24395d3d89d39811b03c07a1e43389,commit
email:316f6db4afcf3c205685b714a78a4cf98269ef6e0a30c801add560dbfda75ba2,,Matej Strasek,316f6db4afcf3c205685b714a78a4cf98269ef6e0a30c801add560dbfda75ba2,commit
email:31aadd2eddc7d50e927cbc1073b07985bffdcf8addff80160aee3dcc175cf9c8,,Yupeng Li,31aadd2eddc7d50e927cbc1073b07985bffdcf8addff80160aee3dcc175cf9c8,commit
email:31e62209ac3b08cfe0ccf0c3bea150ccadc481b4e3daa8e259941f1cac7ec6e3,,Delyan Kratunov,31e62209ac3b08cfe0ccf0c3bea150ccadc481b4e3daa8e259941f1cac7ec6e3,commit
email:31f7517e56e20b964d12f8a4b173226b1032d10881496644ede9532bf272c517,,Brian Long,31f7517e56e20b964d12f8a4b173226b1032d10881496644ede9532bf272c517,commit
email:325c156182404c52e083dd50c9fc255b61c512fdc82cfa91c37ca5fd01d60318,,Dan Melnic,325c156182404c52e083dd50c9fc255b61c512fdc82cfa91c37ca5fd01d60318,commit
email:32d0c96407f2effc96aad039b3c6f92cf442422b988ba7c2de1f43c0891b6f81,,Maxime Aoustin,32d0c96407f2effc96aad039b3c6f92cf442422b988ba7c2de1f43c0891b6f81,commit
email:32e1257a1c620d9e069781624d9b4a533c02f8e6b1f84fba9400bc87461e3fbd,,David Rickard,32e1257a1c620d9e069781624d9b4a533c02f8e6b1f84fba9400bc87461e3fbd,commit
email:32e2bc182735893dc20c912f1c9d6bd798d196d5aea1b7aea01d4ff5946a0bc1,,AgtLucas,32e2bc182735893dc20c912f1c9d6bd798d196d5aea1b7aea01d4ff5946a0bc1,commit
email:336f90727bab4caf2bbe5f4b1e5946e69b52129a836cd6a9bddfdec0689579d6,,Zaan,336f90727bab4caf2bbe5f4b1e5946e69b52129a836cd6a9bddfdec0689579d6,commit
email:33c560dbca126897fa7a41e3899358a12950ee76ee349a4642bb053a5227df63,,Alex Danoff,33c560dbca126897fa7a41e3899358a12950ee76ee349a4642bb053a5227df63,commit
email:340353b4cd70fb41910fd144b7e06818947d842636103c9d1d46ab9c82b750f5,,Nivetha Singara Vadivelu,340353b4cd70fb41910fd144b7e06818947d842636103c9d1d46ab9c82b750f5,commit
email:3426b4b38292b851f7e882aa60e8348bd34d0e6160f3f1328011098910309404,,Susmita Horrow,3426b4b38292b851f7e882aa60e8348bd34d0e6160f3f1328011098910309404,commit
email:34a2ff84e2d701b08ceb188e4cc11a3a7119ea588507854cc01b4a0a7424c487,,Mani Ghasemlou,34a2ff84e2d701b08ceb188e4cc11a3a7119ea588507854cc01b4a0a7424c487,commit
email:34d3cc8053dc1fbd2a1d391c4e33a1909e3a99e17a33018c6aaba953fba9dc9a,,FBShipIt,34d3cc8053dc1fbd2a1d391c4e33a1909e3a99e17a33018c6aaba953fba9dc9a,commit
email:34d9a4dc7288c13e13862c4994c1b6c5ebc7d6f43d238f1e44846dca1a962b65,,Nick Simmons,34d9a4dc7288c13e13862c4994c1b6c5ebc7d6f43d238f1e44846dca1a962b65,commit
email:352c39aa56f3fdedd6ae04f9a53bd95a43de537385b39eaf714830e003b8b7d8,,YuTeh Shen,352c39aa56f3fdedd6ae04f9a53bd95a43de537385b39eaf714830e003b8b7d8,commit
email:3563e4a720a09b5597f3d75fde25776970f200bffa8c6662ace749f7faa87692,,Pim de Witte,3563e4a720a09b5597f3d75fde25776970f200bffa8c6662ace749f7faa87692,commit
email:360ba2d3f33aaf32295f19d31c496c6c6df7b55ebaa04d4544b630f6893f0c37,,Riley Dulin,360ba2d3f33aaf32295f19d31c496c6c6df7b55ebaa04d4544b630f6893f0c37,commit
email:376eda7d305d73eeb526173e6bb3c70b8aaacf43e9ae51647c9058e4494713f1,,Josh Katz,376eda7d305d73eeb526173e6bb3c70b8aaacf43e9ae51647c9058e4494713f1,commit
email:37eb2d73a8d1ffde1fd90e0b7ece712f6eb925f17ee09f035a548405c44c38b2,,Dmitry Halavin,37eb2d73a8d1ffde1fd90e0b7ece712f6eb925f17ee09f035a548405c44c38b2,commit
email:387ca7f8ba5a2c5bf9199d5fecc69999a7f65b79ada92b52fd09215fb255e4c5,,Andrew Rasmussen,387ca7f8ba5a2c5bf9199d5fecc69999a7f65b79ada92b52fd09215fb255e4c5,commit
email:38a5f3a3f53cf70442268b8ec000bd3b1e5fa775ed0c3891b485164ee8bf2e1c,,Jack Su,38a5f3a3f53cf70442268b8ec000bd3b1e5fa775ed0c3891b485164ee8bf2e1c,commit
email:38b3dfad5b758e336aaaced4668bb37faacfc0d0a089af6b4365b99ac7ff424c,,filip131311,38b3dfad5b758e336aaaced4668bb37faacfc0d0a089af6b4365b99ac7ff424c,commit
email:38b7b428d37ffd163ab228a6525e152056e5d1a3cc47778b234bafcb08bd640d,,Aaron Grider,38b7b428d37ffd163ab228a6525e152056e5d1a3cc47778b234bafcb08bd640d,commit
email:397cf26a17258fdf673756f425b27c69bb27cd0f5468430685ec423a7139e8ce,,Matt Hargett,397cf26a17258fdf673756f425b27c69bb27cd0f5468430685ec423a7139e8ce,commit
email:399e2c59d699bd03d74cbe4d881f392881de19948feba942cdf36473efb974b9,,Benoit Lemaire,399e2c59d699bd03d74cbe4d881f392881de19948feba942cdf36473efb974b9,commit
email:39bf66985a03077a1e19a07340dedc7209f98726ac338975db67e3ef97109fe1,,Max Thorson,39bf66985a03077a1e19a07340dedc7209f98726ac338975db67e3ef97109fe1,commit
email:3a0ecc439bbacdfa06b7358d6fbcfaa07e8e632367f48ca1c453e6f35d32618d,,Kunal Farmah,3a0ecc439bbacdfa06b7358d6fbcfaa07e8e632367f48ca1c453e6f35d32618d,commit
email:3a7890066ebc86bd863ce54e9de1368bfaf7352016fc1b06b65343557f2ec30e,,Mazin Zakaria,3a7890066ebc86bd863ce54e9de1368bfaf7352016fc1b06b65343557f2ec30e,commit
email:3a98da2fdd29a72446dad9b98a78e6120b20c097b24a662228e9fe8beaaf2ac7,,Nikita Rubilov,3a98da2fdd29a72446dad9b98a78e6120b20c097b24a662228e9fe8beaaf2ac7,commit
email:3b3ea480f36d85f8c761d36d491e1fbcd9d1ab4ce5a8c09c43d649a009339bad,,Noah Jorgenson,3b3ea480f36d85f8c761d36d491e1fbcd9d1ab4ce5a8c09c43d649a009339bad,commit
email:3b862cbd378cb4cd51bc909627f11bf0fcb8e872262d685d8b4ad80a7a1507e6,,Daniel Mueller,3b862cbd378cb4cd51bc909627f11bf0fcb8e872262d685d8b4ad80a7a1507e6,commit
email:3b8f8f7d3a9f57f81d0f9b926a9b37621a0aff84e98feaac9e71adb6fe0b830a,,Daniel Woelfel,3b8f8f7d3a9f57f81d0f9b926a9b37621a0aff84e98feaac9e71adb6fe0b830a,commit
email:3b9be8c6ab25fc56ac08c9687c037fe4b912254b3bc730ec80028eead335ff53,,Himanshi Goyal,3b9be8c6ab25fc56ac08c9687c037fe4b912254b3bc730ec80028eead335ff53,commit
email:3c1b8b3aa77e826b2a662bb6ebaea7186ab43badb95a674970f240155feb4457,,Matthew Denner,3c1b8b3aa77e826b2a662bb6ebaea7186ab43badb95a674970f240155feb4457,commit
email:3c1e2c471c4492f8c8aab44553fc2de403d1bc3bf067c8227616d9020089448b,,Ali Najafizadeh,3c1e2c471c4492f8c8aab44553fc2de403d1bc3bf067c8227616d9020089448b,commit
email:3cdf43c17f4d44fb9617adda91b27bb5c54f95ae08e8ee0efc63d325e9b4986f,,Alexandre Kirszenberg,3cdf43c17f4d44fb9617adda91b27bb5c54f95ae08e8ee0efc63d325e9b4986f,commit
email:3ce45d3a061df9619f4b5078262a8c0e6d9342d524bdda169287d209d40ddc4d,,Jeff Berg,3ce45d3a061df9619f4b5078262a8c0e6d9342d524bdda169287d209d40ddc4d,commit
email:3ce55bfa6dd76ee6b030021ba6a54845311515c0b8541cf433bbdd1f103ce587,,Cassio Zen,3ce55bfa6dd76ee6b030021ba6a54845311515c0b8541cf433bbdd1f103ce587,commit
email:3d06d60b2e42943e8544f74dca3965e5d8d5cec949ad97a6a4612c6fabc437e3,,Evgen Filatov,3d06d60b2e42943e8544f74dca3965e5d8d5cec949ad97a6a4612c6fabc437e3,commit
email:3dc0f640a0480bfae0e5336e79bc4c853ea528fbc538a0d39106035305fa6775,,trave7er,3dc0f640a0480bfae0e5336e79bc4c853ea528fbc538a0d39106035305fa6775,commit
email:3dc9bc070db66458a41df51f42ea71ba3c332887695135357193197c763f0161,,Kyle Pinkham,3dc9bc070db66458a41df51f42ea71ba3c332887695135357193197c763f0161,commit
email:3e23916df0698ab3b335146e8515b7c12a4c3049223bac78bb0224ea83364e54,,grgmo,3e23916df0698ab3b335146e8515b7c12a4c3049223bac78bb0224ea83364e54,commit
email:3e39d7af26f120924c36f607f758a7d13f16e42d69eeea1e1ca7fbed42e2486b,,Sasha Nikiforov,3e39d7af26f120924c36f607f758a7d13f16e42d69eeea1e1ca7fbed42e2486b,commit
email:3e3cd8dffa9aed6ed07e206371e83227f401e1ac40de152073ea958e18cc8983,,generatedunixname3865450666924320,3e3cd8dffa9aed6ed07e206371e83227f401e1ac40de152073ea958e18cc8983,commit
email:3e3d12f4fb34bd8315d4f5cf1c27c64b088bb6d3d986b805a3765f91a7fc1935,,Marcel Lasaj,3e3d12f4fb34bd8315d4f5cf1c27c64b088bb6d3d986b805a3765f91a7fc1935,commit
email:3e610a961c785ad54bea620455b7095094995374b0f300ec0c5107186406a1d2,,Pranjal Shankhdhar,3e610a961c785ad54bea620455b7095094995374b0f300ec0c5107186406a1d2,commit
email:3e9083e589051b529f8b4536ee99175f48838c080824dad0baf812d838e0caf9,,Krzysztof Ciombor,3e9083e589051b529f8b4536ee99175f48838c080824dad0baf812d838e0caf9,commit
email:3ec4ddb93919ef049d29ca3604969011b4c844694a29b658f1ac6fa27efb0666,,Ian Park,3ec4ddb93919ef049d29ca3604969011b4c844694a29b658f1ac6fa27efb0666,commit
email:3fb2df313c92310755b91003f52a61e976091d0690ff17518a0ce2529070f58b,,Isabel Chai,3fb2df313c92310755b91003f52a61e976091d0690ff17518a0ce2529070f58b,commit
email:3fb352eef4e5c296accc55917cf4cadfe3106b02af38187ce5f524bfd13af627,,Pawel Sienkowski,3fb352eef4e5c296accc55917cf4cadfe3106b02af38187ce5f524bfd13af627,commit
email:400778d0836e7c0d8f06f2c48817f19eda6e226081c58e184663ea803802b9fe,,Hedger Wang,400778d0836e7c0d8f06f2c48817f19eda6e226081c58e184663ea803802b9fe,commit
email:401611f0314cdf1a6fbf19b7ebf70c87b3062b41a752b28ae9ad6464415ee5ff,,Adriano Melo,401611f0314cdf1a6fbf19b7ebf70c87b3062b41a752b28ae9ad6464415ee5ff,commit
email:402147491cf519d9f8ed1aa4464b0697f01a9612be584853c8f265bc9c62bd66,,Wenjia Ma,402147491cf519d9f8ed1aa4464b0697f01a9612be584853c8f265bc9c62bd66,commit
email:4028ed9426e862acf7aa1c1cabdf628dfccbe024c403b0a5e8bfcdfc5e495a2a,,Yu Zheng(Sam),4028ed9426e862acf7aa1c1cabdf628dfccbe024c403b0a5e8bfcdfc5e495a2a,commit
email:4031e0bcc07ad84db958662cd662b568c6f94d8ede74979b81f1d789486f7239,,Shawn Shihang Wei,4031e0bcc07ad84db958662cd662b568c6f94d8ede74979b81f1d789486f7239,commit
email:40341b1d3bc197808f515e6eb004538d74c723a5fa4089091ccbc8df56d91c28,,REDMOND\acoates,40341b1d3bc197808f515e6eb004538d74c723a5fa4089091ccbc8df56d91c28,commit
email:408a3968cb25200b28c75f6fe6b44cb88971d81f20b65950dd48dbe82dcfada7,,Keion Anvaripour,408a3968cb25200b28c75f6fe6b44cb88971d81f20b65950dd48dbe82dcfada7,commit
email:40b2d163ce694bc3d67a4cfe66283e618b4db7a0ba87362a5dfbbdbcb40e0f04,,Eddie Dugan,40b2d163ce694bc3d67a4cfe66283e618b4db7a0ba87362a5dfbbdbcb40e0f04,commit
email:41a6bdbf3607613a495878a1dd3fd765ba70f0c9e555c7501227e31ee6ed2ffe,,Daryl Rowland,41a6bdbf3607613a495878a1dd3fd765ba70f0c9e555c7501227e31ee6ed2ffe,commit
email:41cbfc5a4ed2e2cb25cc1631b7c2d49caa092aa36194a2587d3bfef23091a1ca,,Gunnar Kudrjavets,41cbfc5a4ed2e2cb25cc1631b7c2d49caa092aa36194a2587d3bfef23091a1ca,commit
email:428112049beed6b0a4f7cd44f0f6739a8f670bd03f19d68b3e76c10ec3041eac,,Kim Svatos,428112049beed6b0a4f7cd44f0f6739a8f670bd03f19d68b3e76c10ec3041eac,commit
email:428e6fc2ed0072b3a1bf76297dba1eb163918bf45defd54894df21752f860007,,Bruno Aybar,428e6fc2ed0072b3a1bf76297dba1eb163918bf45defd54894df21752f860007,commit
email:4314d902a8e1f9bba8036de987996d3124f2272cac13985e85717b012b9d2a89,,Zhaojun Zhang,4314d902a8e1f9bba8036de987996d3124f2272cac13985e85717b012b9d2a89,commit
email:432af7ad88671ea4685b25bfe1d316a565569ad959f628920f334b91fdab2969,,Job Vranish,432af7ad88671ea4685b25bfe1d316a565569ad959f628920f334b91fdab2969,commit
email:439eadda2e73f076ffa4792649861976a66878c6c445f975343a0dae08b37e2f,,Dmytro Voronkevych,439eadda2e73f076ffa4792649861976a66878c6c445f975343a0dae08b37e2f,commit
email:44116ffe1d0400c5162595a78b224a967f8787c2723f639c7281b5270c1e65a3,,Chetan Ambekar,44116ffe1d0400c5162595a78b224a967f8787c2723f639c7281b5270c1e65a3,commit
email:441dee305133b2d78ca853799b0249716246d4db64a0398396f328cbeb51bc19,,Abhishek Sood,441dee305133b2d78ca853799b0249716246d4db64a0398396f328cbeb51bc19,commit
email:446cc5dce8afa1eb54ef38f3fd5a5fc0564af3122f6ae5933866adfec30a5132,,Jack Pope,446cc5dce8afa1eb54ef38f3fd5a5fc0564af3122f6ae5933866adfec30a5132,commit
email:452c86e871ca06cf1dba0032133d3496b51b5f1686c3c50e6fd37c7ed86d4783,,ShiHui,452c86e871ca06cf1dba0032133d3496b51b5f1686c3c50e6fd37c7ed86d4783,commit
email:455e21a44c92323dbb0982e26ca334c7f843d0273db412432a8440a89923ae54,,Liam Doran,455e21a44c92323dbb0982e26ca334c7f843d0273db412432a8440a89923ae54,commit
email:463682757f90724052dc28be472209c0cba1ee4314029a45d8f0c1f513f2738e,,Nam Se Hyun,463682757f90724052dc28be472209c0cba1ee4314029a45d8f0c1f513f2738e,commit
email:467a5a8821c1d604302718a6963efe91eb6a164807db238b34b7fb44260bc1a6,,Robert Fleischmann,467a5a8821c1d604302718a6963efe91eb6a164807db238b34b7fb44260bc1a6,commit
email:4714a8489e38a6962f596db11ae1b870c892dd6962c515d5979eff7d071eb404,,Hermanyo,4714a8489e38a6962f596db11ae1b870c892dd6962c515d5979eff7d071eb404,commit
email:4766065acf6d45f90ff9ec5a2cd96a21ba4452dbcc9ac58625ce62cedca9c561,,AntoineDoubovetzky,4766065acf6d45f90ff9ec5a2cd96a21ba4452dbcc9ac58625ce62cedca9c561,commit
email:47df493e4cb14f9ce925468f7ee0c836cb9de6c4ae2dd85e9aae8f62eeaf093d,,Yuichi ONO,47df493e4cb14f9ce925468f7ee0c836cb9de6c4ae2dd85e9aae8f62eeaf093d,commit
email:47ea0bf71bde970bfa930644739e9b9a0b13c2cce0bcaebdccaa242a1330bba8,,Peng Jiang,47ea0bf71bde970bfa930644739e9b9a0b13c2cce0bcaebdccaa242a1330bba8,commit
email:47fe89a7f2273f09a7d1eef3dc2d204607b65f161bd8e02f82b196b2136aa4a2,,Marco Bonaldo,47fe89a7f2273f09a7d1eef3dc2d204607b65f161bd8e02f82b196b2136aa4a2,commit
email:487f922a42661c7b97af352e10ffe45ae8afbf68f5e87ee7151226ab759d0133,,Pratham Agrawal,487f922a42661c7b97af352e10ffe45ae8afbf68f5e87ee7151226ab759d0133,commit
email:491c43af3f71f644ba8bfac797102e9748b66c9a84e3e97849d42febfad6d64f,,Andrey Mishanin,491c43af3f71f644ba8bfac797102e9748b66c9a84e3e97849d42febfad6d64f,commit
email:4962cae111410e095f2251de366c77d0b1d285fbc36fe81489b69954e442b7e4,,Anton Bryukhov,4962cae111410e095f2251de366c77d0b1d285fbc36fe81489b69954e442b7e4,commit
email:49bc461ecda7814e88aa11253683bef7da6bc0cf0d99d52adb128cfd4b0f10d4,,Indragie Karunaratne,49bc461ecda7814e88aa11253683bef7da6bc0cf0d99d52adb128cfd4b0f10d4,commit
email:4a05d6b0f66a245142399088933ca954485139f6dd8378d60f568a9fc7eae26b,,Seph Soliman,4a05d6b0f66a245142399088933ca954485139f6dd8378d60f568a9fc7eae26b,commit
email:4a2be6b64b11d5f1494cdf2fce5eb4892fce33c3f7909aa11a333df6093ed9f3,,Alex Kring,4a2be6b64b11d5f1494cdf2fce5eb4892fce33c3f7909aa11a333df6093ed9f3,commit
email:4a30db49b8b511c1edfae20d1f568633a4624de133b349623e28b36ac09e9cb4,,Matt Johnston,4a30db49b8b511c1edfae20d1f568633a4624de133b349623e28b36ac09e9cb4,commit
email:4a74df7d51ecf606d716c0899234a3317fef4564b93dff11f85c33b72c10fa26,,alvaromb,4a74df7d51ecf606d716c0899234a3317fef4564b93dff11f85c33b72c10fa26,commit
email:4aa15c2c89128d25e742f0ceb056d2d361d32bbcae174c44770c5f6632b55b43,,gilchenzion,4aa15c2c89128d25e742f0ceb056d2d361d32bbcae174c44770c5f6632b55b43,commit
email:4ab7158a0101eb6409f483515b0492ad1a5865add27f8a67e47b3e79d5a3c3d4,,Mack Solomon,4ab7158a0101eb6409f483515b0492ad1a5865add27f8a67e47b3e79d5a3c3d4,commit
email:4ad93875f83371373dc638c10296717f59f056e5ef2942fc1b62ed8aa6ff31cd,,Henry Garant,4ad93875f83371373dc638c10296717f59f056e5ef2942fc1b62ed8aa6ff31cd,commit
email:4ae3181df99ac14879cf3cf951c0e52aae43632b6ff152b3624db99c935f3d74,,Kevin McCray,4ae3181df99ac14879cf3cf951c0e52aae43632b6ff152b3624db99c935f3d74,commit
email:4b9d7325de6b6d24109981a9fa33587f728d402c74180d61ee8a8ce23d7b8c02,,Andrew Schenk,4b9d7325de6b6d24109981a9fa33587f728d402c74180d61ee8a8ce23d7b8c02,commit
email:4bbac6c66b83c7a2ee8de8e8e3682dbd5d862922c3da1fb80460a8ba91017352,,Alan Norbauer,4bbac6c66b83c7a2ee8de8e8e3682dbd5d862922c3da1fb80460a8ba91017352,commit
email:4c74cfcfe8e9cfe7eb6dafe17c115f3de952d53159f5721b72032dfd0e03a95a,,Andrew Monshizadeh,4c74cfcfe8e9cfe7eb6dafe17c115f3de952d53159f5721b72032dfd0e03a95a,commit
email:4cdfe616623eafb81fcb093162404e28dabd80a9f2ed8d41727b85027129f295,,Bowen Xie,4cdfe616623eafb81fcb093162404e28dabd80a9f2ed8d41727b85027129f295,commit
email:4d748600cc53895ae6dba922ce87880b8633d0d30491c2626ad654bd00c32e1b,,Will Piers,4d748600cc53895ae6dba922ce87880b8633d0d30491c2626ad654bd00c32e1b,commit
email:4da4ae9d5f7fe4a1741c956040ece51dee770c7758c3fcc5119351a94afc1a39,,Nitin George,4da4ae9d5f7fe4a1741c956040ece51dee770c7758c3fcc5119351a94afc1a39,commit
email:4ee70fb9256f3b218ccc8f1336304da9303d174e20a3aeabe3e9914bc89f31df,,Chang Hua,4ee70fb9256f3b218ccc8f1336304da9303d174e20a3aeabe3e9914bc89f31df,commit
email:4eedb9d9fa79706fcad476af6c9dbda446b23a0e4d95826ed1aaad4e153b182e,,Shu Lin,4eedb9d9fa79706fcad476af6c9dbda446b23a0e4d95826ed1aaad4e153b182e,commit
email:4f0727ea051f3b5c6a6da80ba3e8a3afde7e6417fba613e8024863d0547ce791,,Tj,4f0727ea051f3b5c6a6da80ba3e8a3afde7e6417fba613e8024863d0547ce791,commit
email:4f67a3939124a2e8d217a22affeb9511ef002353b92db58d5b340afe18e919e7,,Peter Janak,4f67a3939124a2e8d217a22affeb9511ef002353b92db58d5b340afe18e919e7,commit
email:4ffcf0ea044dcf5d3ea8b7a032820eda3c53a83a884890e1dcf0e70045c97ab0,,unordered,4ffcf0ea044dcf5d3ea8b7a032820eda3c53a83a884890e1dcf0e70045c97ab0,commit
email:503c7e6ca7f6ab6e1b272a9e6437ff573a43e79036965639c0e3c4164e95c57c,,Mohammed,503c7e6ca7f6ab6e1b272a9e6437ff573a43e79036965639c0e3c4164e95c57c,commit
email:508a71415e3b1c6277145eb0cd18c1837c2dc137cc05e11d7ca0c62f7fc325ab,,Sean Kelley,508a71415e3b1c6277145eb0cd18c1837c2dc137cc05e11d7ca0c62f7fc325ab,commit
email:5098747603e88ae1aa3347059782a60d86383234259d76846f809d771b8a8b3f,,楚怀,5098747603e88ae1aa3347059782a60d86383234259d76846f809d771b8a8b3f,commit
email:50a90811a65e7b4554df0d3b77f4fc2c5509992b85e6db638e3a3829bdb136bc,,Giulio Jiang,50a90811a65e7b4554df0d3b77f4fc2c5509992b85e6db638e3a3829bdb136bc,commit
email:50dd3a7296cfb51a45dd90aa90103ae6872a34ffebd6233490ce2993f1e36f7a,,Roman Kushnarenko,50dd3a7296cfb51a45dd90aa90103ae6872a34ffebd6233490ce2993f1e36f7a,commit
email:50e311c5a15ba8b7c0fd059beaef326722e9458175639e4ea700873f4b613044,,Vincent Wong,50e311c5a15ba8b7c0fd059beaef326722e9458175639e4ea700873f4b613044,commit
email:51517c653c83a8c571188c01aeb0d333bcc638e20bb4e1cd56d0e6048a564844,,Uri Baghin,51517c653c83a8c571188c01aeb0d333bcc638e20bb4e1cd56d0e6048a564844,commit
email:517d0cf4a4a9596d33c4001515853c210549c018e05f2c651c2f2cb2c8c91ac1,,116-7,517d0cf4a4a9596d33c4001515853c210549c018e05f2c651c2f2cb2c8c91ac1,commit
email:5184a31c9fbe1bc7584fad8df5310c1c224214aa0a5aa262422a5b4496d50bc7,,Jonathan Keljo,5184a31c9fbe1bc7584fad8df5310c1c224214aa0a5aa262422a5b4496d50bc7,commit
email:51ad54e74c37e86d6192ed4c7be915d879f48ffa3d711d466cae18aa34974865,,Marc Mulcahy,51ad54e74c37e86d6192ed4c7be915d879f48ffa3d711d466cae18aa34974865,commit
email:51af94087db17a6d85129d548cc3b1ef07bdee666f57dae93b7ca1bc96822a1e,,Jingbo Yang,51af94087db17a6d85129d548cc3b1ef07bdee666f57dae93b7ca1bc96822a1e,commit
email:520d34640a5c54f10a6cb3d6ace928a3cf4f50b6e7db2018754269369304e5a2,,Manish Balayan,520d34640a5c54f10a6cb3d6ace928a3cf4f50b6e7db2018754269369304e5a2,commit
email:522b47727c58e4cbc9a4592b9c665d4c39f47b9b8b00c444315743553d5fee5d,,facebook-github-bot-6,522b47727c58e4cbc9a4592b9c665d4c39f47b9b8b00c444315743553d5fee5d,commit
email:523de3eb56c97fb78559319079f0797faecf7cb2078e7515f950c2fd515ddb28,,Abraham Romero,523de3eb56c97fb78559319079f0797faecf7cb2078e7515f950c2fd515ddb28,commit
email:52736f344b02cf28ab7fe79e7321e9ab84d1a51a7e5e15ef32b4af829fb38997,,yukai1,52736f344b02cf28ab7fe79e7321e9ab84d1a51a7e5e15ef32b4af829fb38997,commit
email:52b491402f31e6a89ba4c2e40dc81e3e5f460e0751ebf6d39ae62efda32d3f12,,Mark Hahnenberg,52b491402f31e6a89ba4c2e40dc81e3e5f460e0751ebf6d39ae62efda32d3f12,commit
email:537e1e151249256a8b228eb3585d84fd1292ad3590792b3990438840bc4f06c7,,Michael Yoon (LAX),537e1e151249256a8b228eb3585d84fd1292ad3590792b3990438840bc4f06c7,commit
email:53929f44e36612205f4bc873d4b1e16d42e7139360861a94842a7a530088d940,,Chandra Patni,53929f44e36612205f4bc873d4b1e16d42e7139360861a94842a7a530088d940,commit
email:53bad1fa00a0c96c2e440d9dd4906db3ce4262cc9811968488685c574afc12c0,,Arthur Lee,53bad1fa00a0c96c2e440d9dd4906db3ce4262cc9811968488685c574afc12c0,commit
email:54bb919481bef617999729901975151a0e3d6e0739ea2b25f24c895a2cc3a2f4,,rsudekum,54bb919481bef617999729901975151a0e3d6e0739ea2b25f24c895a2cc3a2f4,commit
email:5552a3f867f157a7c70eaeb6b875bbe1997e826f8772d8a68f418a78ceb24a19,,Pedro Veras,5552a3f867f157a7c70eaeb6b875bbe1997e826f8772d8a68f418a78ceb24a19,commit
email:55b5e257cdd571c197ee068f346616dba1e13894f73711ce42c3db013441bdff,,Brett Lavalla,55b5e257cdd571c197ee068f346616dba1e13894f73711ce42c3db013441bdff,commit
email:563fac4646ee2f17195ff2c66e8552a79169bfb3cec8f832954c0ee0937df29f,,Bhavik Patel,563fac4646ee2f17195ff2c66e8552a79169bfb3cec8f832954c0ee0937df29f,commit
email:565d23443f369087a09bda8e0d6eb63f379cfeb439605a7e01af9c9782bbd391,,Olga Zinoveva,565d23443f369087a09bda8e0d6eb63f379cfeb439605a7e01af9c9782bbd391,commit
email:56a71502b32bcfeae3d1dfae18c520890a91962186d9b48829f5a35a51b44130,,Dan Witte,56a71502b32bcfeae3d1dfae18c520890a91962186d9b48829f5a35a51b44130,commit
email:56b8ec6e08cd610a2de8ff258a375707255ea4ba9a293e878e9edeaf03537b4b,,Zack Argyle,56b8ec6e08cd610a2de8ff258a375707255ea4ba9a293e878e9edeaf03537b4b,commit
email:57279a99de5dc49c5d52dcefb90d1ffaec727cd56467beb36e9344bd47e06aa9,,Steven Goff,57279a99de5dc49c5d52dcefb90d1ffaec727cd56467beb36e9344bd47e06aa9,commit
email:574bf99409840028ff50f5a4d7eaed69b2be486d8f4f1fa8f3eb2de90ad4ed10,,Troy Anderson,574bf99409840028ff50f5a4d7eaed69b2be486d8f4f1fa8f3eb2de90ad4ed10,commit
email:575df6ea2efa18866e756ea19a21b8b96a13b90991ff658db0e62a2b9840dacc,,Nikita Kraev,575df6ea2efa18866e756ea19a21b8b96a13b90991ff658db0e62a2b9840dacc,commit
email:576253c0ceb6b85e4fcc5d049f7a56eaaab27603ffd8b8586d475f804fa55358,,Emily Janzer,576253c0ceb6b85e4fcc5d049f7a56eaaab27603ffd8b8586d475f804fa55358,commit
email:57bd25c86f7c5daf5711d34127120f5b383a50c92cc34fbb49edd5c7a5924419,,Pavel Rotek,57bd25c86f7c5daf5711d34127120f5b383a50c92cc34fbb49edd5c7a5924419,commit
email:58278c0e187d9dcc5c7f1a8a5de746111a9c028cf0e0a5e506d00dab749acf4b,,Vladimir Kolbun,58278c0e187d9dcc5c7f1a8a5de746111a9c028cf0e0a5e506d00dab749acf4b,commit
email:583519c29942cc341544fe4f9a703fad52e0c40df86bcb6ca2f2d0dd58befcf6,,Marco Zandonadi,583519c29942cc341544fe4f9a703fad52e0c40df86bcb6ca2f2d0dd58befcf6,commit
email:58848d723c6a702977df9897bfa20fb7cf1a580c7f7336a6f71168b14eb4e27e,,androidtrunkagent,58848d723c6a702977df9897bfa20fb7cf1a580c7f7336a6f71168b14eb4e27e,commit
email:5898c81622dc19718705945ce57d033a78382bc846e112032ced910ccc15e2b3,,Trish Saylor,5898c81622dc19718705945ce57d033a78382bc846e112032ced910ccc15e2b3,commit
email:58d0f97844343f17cff493ed4064ec11a69395f1361b6e1f8f96d203fc71b814,,Dave Miller,58d0f97844343f17cff493ed4064ec11a69395f1361b6e1f8f96d203fc71b814,commit
email:58fb3144dca59412a6b84cdd5cad03d6329f2a627a390dbe0d45bfca6423df49,,Baldy Lukasz,58fb3144dca59412a6b84cdd5cad03d6329f2a627a390dbe0d45bfca6423df49,commit
email:590eff1a861437bf78ba5acc313a1edca94354f1a36074889148f9ca4dae59ad,,Eric Butler,590eff1a861437bf78ba5acc313a1edca94354f1a36074889148f9ca4dae59ad,commit
email:593e452718944ea3c6a5c3d78f21d745f2300ba8fd155e28907dfc4829e99019,,generatedunixname89002005325674,593e452718944ea3c6a5c3d78f21d745f2300ba8fd155e28907dfc4829e99019,commit
email:593ef0618af665b9285d0708caf87e78c9ee312f733542de7b22df0e885651cd,,Jared Forsyth,593ef0618af665b9285d0708caf87e78c9ee312f733542de7b22df0e885651cd,commit
email:594a3b1593bd4c45afe98d54e4f95e04400838815b1a205b51f743b2216c8084,,Andrew Wang,594a3b1593bd4c45afe98d54e4f95e04400838815b1a205b51f743b2216c8084,commit
email:596d18039d2d424434a69d783d891f031c6cf1fe8441e34a51cd959e14640f2c,,Aditya Koukuntla,596d18039d2d424434a69d783d891f031c6cf1fe8441e34a51cd959e14640f2c,commit
email:59ab15f52364510533164e7e5a2f77af059c0b1230bb47f7c925f382f31c14f5,,Igor Avramovic,59ab15f52364510533164e7e5a2f77af059c0b1230bb47f7c925f382f31c14f5,commit
email:59b58539c62a6cc41a48cce879f6098e438c96ab3b82b8c674ff08fada1db1fa,,yakupozbaydar,59b58539c62a6cc41a48cce879f6098e438c96ab3b82b8c674ff08fada1db1fa,commit
email:5a38b0f95e372721ef413d6c8a09401b1dae86f4597a3cdcfd8b2745e61a403d,,Adam Barth,5a38b0f95e372721ef413d6c8a09401b1dae86f4597a3cdcfd8b2745e61a403d,commit
email:5a788263cab870d5fbbf9c4b038030b63c7bbbafcc308fd22e8ce95d772b0024,,lihaitao,5a788263cab870d5fbbf9c4b038030b63c7bbbafcc308fd22e8ce95d772b0024,commit
email:5aab281f16fe9176888b74f47c0feafdafa9385bf7885d997fdbeadb1092dd31,,Brian Vaughn,5aab281f16fe9176888b74f47c0feafdafa9385bf7885d997fdbeadb1092dd31,commit
email:5aefc7cad04fb7d609c0048a3a42961c6f46eaa0f8d58d6a081f256609910854,,Kaining Zhong,5aefc7cad04fb7d609c0048a3a42961c6f46eaa0f8d58d6a081f256609910854,commit
email:5b49bec28f60aa0c668c014e8cee79435a5c6b49cf1c18672098f4c029cc72c0,,Chris Trinh,5b49bec28f60aa0c668c014e8cee79435a5c6b49cf1c18672098f4c029cc72c0,commit
email:5bf863bd75b3d2da59601897ab8ca0fc480b989177c78c7c5b238fad52031f35,,Douglas Lowder,5bf863bd75b3d2da59601897ab8ca0fc480b989177c78c7c5b238fad52031f35,commit
email:5bf9eeb75e3110032c51bae06e16330e1add33f8f0ef02d536c307048964cbf6,,J.T. Yim,5bf9eeb75e3110032c51bae06e16330e1add33f8f0ef02d536c307048964cbf6,commit
email:5c1eb00956bfb3d8bd246ae4acd9b8d42839bba6e0057630cd3cfdecb07fb365,,nbondanca,5c1eb00956bfb3d8bd246ae4acd9b8d42839bba6e0057630cd3cfdecb07fb365,commit
email:5c78c5aab08331a45fec42755f857d205f1633d26236e75ff6f01da6f2d47294,,Christopher Glantschnig,5c78c5aab08331a45fec42755f857d205f1633d26236e75ff6f01da6f2d47294,commit
email:5c7d4dd99769089cdada749957fe6840f43228b2e1eef57cc3332cf1af25f450,,Bartlomiej Bloniarz,5c7d4dd99769089cdada749957fe6840f43228b2e1eef57cc3332cf1af25f450,commit
email:5c93134248632263b855f2a8c5fb3687edb5d485958bf358a39a6b156f860f3b,,Piotr Trocki,5c93134248632263b855f2a8c5fb3687edb5d485958bf358a39a6b156f860f3b,commit
email:5cc81c4e651b6cd0b9fd94320a2fa99ffc3cc0698964ff405751aa50fa839a6b,,Enrico Bern Hardy Tanuwidjaja,5cc81c4e651b6cd0b9fd94320a2fa99ffc3cc0698964ff405751aa50fa839a6b,commit
email:5d0eebfe0848b9708729059f3ea6e413228ec37ecb9a713519d7bd01d6db0cd7,,Gilson Takaasi Gil,5d0eebfe0848b9708729059f3ea6e413228ec37ecb9a713519d7bd01d6db0cd7,commit
email:5d4b00518cbca78d55e5a52735dbfa47f03526fe050fd59604bcecb25d097e2a,,Elias Toivanen,5d4b00518cbca78d55e5a52735dbfa47f03526fe050fd59604bcecb25d097e2a,commit
email:5d586d2f6b83bcd9b4a66edee166cf762c90cbae77cc94b39101a70381985d14,,pecheriere,5d586d2f6b83bcd9b4a66edee166cf762c90cbae77cc94b39101a70381985d14,commit
email:5d726d485d90c81505f3dc52865a219b03686955e09a5550db6b9bc9eee30269,,Calvin Flegal,5d726d485d90c81505f3dc52865a219b03686955e09a5550db6b9bc9eee30269,commit
email:5dec1424d959a68a4c26008512aa3d32c8e63b8b6e0d41f9171a8421173923ce,,jsfu,5dec1424d959a68a4c26008512aa3d32c8e63b8b6e0d41f9171a8421173923ce,commit
email:5e8235d36a2927b61ff979fdca92fff40d9ee65bc57523d80ef9e08c5f42efef,,Abhishek Ghosh,5e8235d36a2927b61ff979fdca92fff40d9ee65bc57523d80ef9e08c5f42efef,commit
email:5e8af1e0872c079ac55eb0c61a0d304d8bd872dbf0391068e3bea761a18c00c6,,Donald Wong,5e8af1e0872c079ac55eb0c61a0d304d8bd872dbf0391068e3bea761a18c00c6,commit
email:5eb44a5ea8cbaed6e130759df33712109787c825237891b4d19aee70e014d4ac,,Tim Wang,5eb44a5ea8cbaed6e130759df33712109787c825237891b4d19aee70e014d4ac,commit
email:5eeb84e0879057c0a8a3d79da5423ffe18b88598fe6438851ab5b6dbbcbdabfe,,Rajat Gupta,5eeb84e0879057c0a8a3d79da5423ffe18b88598fe6438851ab5b6dbbcbdabfe,commit
email:5ef69dc5846952121a7640930de2f12ad8a370a24fc3cbd542138861c86a6654,,Rizwaan Bhikha,5ef69dc5846952121a7640930de2f12ad8a370a24fc3cbd542138861c86a6654,commit
email:5f4c3ac6d19135ca4566c4c29027a77a59225a356ca2e563ea423f34032ccc93,,DougBanksPersonal,5f4c3ac6d19135ca4566c4c29027a77a59225a356ca2e563ea423f34032ccc93,commit
email:605ed002780e9ae23e47bab84dd91a45fb0ea1aff1940610a9e6ec52e93752b1,,Mitch Powell,605ed002780e9ae23e47bab84dd91a45fb0ea1aff1940610a9e6ec52e93752b1,commit
email:60852d6a7cdf9674a99281571308ba3c623c1a1cf0c2225ac7df4509b756750a,,alicata,60852d6a7cdf9674a99281571308ba3c623c1a1cf0c2225ac7df4509b756750a,commit
email:60e40599ed1c1c2a429eebb7797af4f61fc428f9499ddc2f2c4f562cafe2366e,,Radu Marin,60e40599ed1c1c2a429eebb7797af4f61fc428f9499ddc2f2c4f562cafe2366e,commit
email:610b371fc3a0842f8901a679d869f546235dc52fe95ad11b59edaf72665184ce,,Ryan Elliott,610b371fc3a0842f8901a679d869f546235dc52fe95ad11b59edaf72665184ce,commit
email:611382f2de680e788aed35ec409b779136c7affbc3ab1bcb5e05005be4da1d82,,Forbes Lindesay,611382f2de680e788aed35ec409b779136c7affbc3ab1bcb5e05005be4da1d82,commit
email:611774460aacd2d4e652342e6937235bc1679edd356fdcd87586952c263e8f51,,Adrian Zgorzalek,611774460aacd2d4e652342e6937235bc1679edd356fdcd87586952c263e8f51,commit
email:616560a44c2ab7dfc92b93810c9fc21d64e0e68946f50642d1d96fde57d8990e,,Michal Lowicki,616560a44c2ab7dfc92b93810c9fc21d64e0e68946f50642d1d96fde57d8990e,commit
email:61aab148051243b9f455912b0d06852787a073ce1fd76179b015c49b052264ca,,Alexander Zhang,61aab148051243b9f455912b0d06852787a073ce1fd76179b015c49b052264ca,commit
email:61cf16d5d1594bd32919e7d411bffef13888a726f4a28e86a0a026354a025dbb,,James Moran,61cf16d5d1594bd32919e7d411bffef13888a726f4a28e86a0a026354a025dbb,commit
email:61e7484a8949329db40bec444297b58764d8ab43779c02957d1f90e318cd46bf,,Igor Klemenski,61e7484a8949329db40bec444297b58764d8ab43779c02957d1f90e318cd46bf,commit
email:622d590ca513a4c20c57090d3533392cee9543c5c6b5e2cfcf1f34e2c4e4caa2,,Hermes Pique,622d590ca513a4c20c57090d3533392cee9543c5c6b5e2cfcf1f34e2c4e4caa2,commit
email:62db2b577d7b735a58e9c7af3a8000f65da4fb7ed8f769819180945b237112d1,,Pedro Belo,62db2b577d7b735a58e9c7af3a8000f65da4fb7ed8f769819180945b237112d1,commit
email:62f7a6766d04a676af35bf1e687da2ba631d28be90e2b9d91dd8703f6cf17444,,Donald Webster,62f7a6766d04a676af35bf1e687da2ba631d28be90e2b9d91dd8703f6cf17444,commit
email:6303cd239795589e3acca158eec680d404437229b8bc4c7622c281df8c5d56f7,,Adam Comella,6303cd239795589e3acca158eec680d404437229b8bc4c7622c281df8c5d56f7,commit
email:633634f8b182e7c336d33aa15affb7c7a1aa57fb699b62ebe5c57283fadeac55,,Amjad Masad,633634f8b182e7c336d33aa15affb7c7a1aa57fb699b62ebe5c57283fadeac55,commit
email:6354ab34be44168ff0ffbaa2f664d33601d297958bf2b020337c6849e4992931,,louiszawadzki,6354ab34be44168ff0ffbaa2f664d33601d297958bf2b020337c6849e4992931,commit
email:63eaf53be778d023134bec94249ff7334cec433fd007e9e2117aab3b576e3a27,,Aditya Sharat,63eaf53be778d023134bec94249ff7334cec433fd007e9e2117aab3b576e3a27,commit
email:6435f5e6d2a022aea1cc08f07cf380ccc7917fa64b2cf7a0535089e4a6af3dc7,,Harry Tormey,6435f5e6d2a022aea1cc08f07cf380ccc7917fa64b2cf7a0535089e4a6af3dc7,commit
email:643e42ca7366c0cb8d6eea9ac53f7c1d953d90ba632573f0240beac804cd0ada,,generatedunixname89002005287564,643e42ca7366c0cb8d6eea9ac53f7c1d953d90ba632573f0240beac804cd0ada,commit
email:64e24374dfe2c77a673c69bca0b74c3052984b12f06fdf87f325c07d95ce8c29,,Peter Lai,64e24374dfe2c77a673c69bca0b74c3052984b12f06fdf87f325c07d95ce8c29,commit
email:64f3fb8f15c105ec01376af9c119f07d5cc1af15a718974a6dd08045a624a83c,,Zachary Liu,64f3fb8f15c105ec01376af9c119f07d5cc1af15a718974a6dd08045a624a83c,commit
email:650244b9f190b541b335a67e987b2d4ffe6f20abe892ddd078894ae6dfca358a,,Sebastian Silbermann,650244b9f190b541b335a67e987b2d4ffe6f20abe892ddd078894ae6dfca358a,commit
email:6552c861241827a477d9935596dce77027f54915d3a60b6080c73f8d81d01622,,Ashok Menon,6552c861241827a477d9935596dce77027f54915d3a60b6080c73f8d81d01622,commit
email:655d37cc3337f989c37131ac3dec88dec13a4ce0715b1313cea867891cab503d,,Jelle van den Hooff,655d37cc3337f989c37131ac3dec88dec13a4ce0715b1313cea867891cab503d,commit
email:657aa07002fb80cbd3bf3964d7fbea0b4d631f578bd078ab49e18931790b9fd9,,Xin Chen,657aa07002fb80cbd3bf3964d7fbea0b4d631f578bd078ab49e18931790b9fd9,commit
email:65a63f7ef97d649d21959e7851cf1fd0f517241530804ffde1524f366f2fdb69,,Guy Blank,65a63f7ef97d649d21959e7851cf1fd0f517241530804ffde1524f366f2fdb69,commit
email:65e6ee945e66029b72c8c23ff500d643d241a184ba85a0f5def35de0149ef8da,,Keri Clowes,65e6ee945e66029b72c8c23ff500d643d241a184ba85a0f5def35de0149ef8da,commit
email:662dda6cf7505b7635a8b74cf0e794743322578646a5ea0138c3de2392893a49,,Alex Taylor (alta),662dda6cf7505b7635a8b74cf0e794743322578646a5ea0138c3de2392893a49,commit
email:669d5c660911fa948746ffa626561c32dc0cd291482274d8d6f24fd53da1839e,,Ahmed Shehata,669d5c660911fa948746ffa626561c32dc0cd291482274d8d6f24fd53da1839e,commit
email:670e428f42018b2f7a1e2003f65467496a160967c4ffa486ace710e18a8674bb,,Stephanie Nicholson,670e428f42018b2f7a1e2003f65467496a160967c4ffa486ace710e18a8674bb,commit
email:6755f733c463796c995df1f3acb75cb72a1efe417b5a24ea89c361d9bd725cc8,,Ján Ondrušek,6755f733c463796c995df1f3acb75cb72a1efe417b5a24ea89c361d9bd725cc8,commit
email:675ec5f87c9c9186ebe4a5d60d68d3ed41812c369e99e5f82d626e97e470b1ac,,Nacho Lopez Sais,675ec5f87c9c9186ebe4a5d60d68d3ed41812c369e99e5f82d626e97e470b1ac,commit
email:67e25e8a321cdaed15415d267cd52fb8e4185b8c43123a4bcf117e6f16cc527d,,Lucas Bento,67e25e8a321cdaed15415d267cd52fb8e4185b8c43123a4bcf117e6f16cc527d,commit
email:67fc7d1216f08799a2b101d444d4e7a0a820782c7eae17b0cee674ae03f8bc30,,briancaw,67fc7d1216f08799a2b101d444d4e7a0a820782c7eae17b0cee674ae03f8bc30,commit
email:68919c95676569ecb791200930a0d372a117698f732c9b1550599baeeb67aeef,,Yann Pringault,68919c95676569ecb791200930a0d372a117698f732c9b1550599baeeb67aeef,commit
email:68ce0b0d95d725bff0045db950d3e8ebb01072798b400533ec51e44b675d0ed2,,Nick Wilson,68ce0b0d95d725bff0045db950d3e8ebb01072798b400533ec51e44b675d0ed2,commit
email:68d1d8ce1ec4952c41da6f2bc86032a770853f3b7b43f6bd995d103a783406b1,,Tianyu Li,68d1d8ce1ec4952c41da6f2bc86032a770853f3b7b43f6bd995d103a783406b1,commit
email:69c4d6f536f99bfa8fce3359aa3cc463a4d3034df63cecc8770c3e0aefdc9a84,,AnishKumar Dubey,69c4d6f536f99bfa8fce3359aa3cc463a4d3034df63cecc8770c3e0aefdc9a84,commit
email:69dd55fc4bc7c1ac779c29b0e833c0916e919f184205d09412cf6f14de432c7b,,Shir Levkowitz,69dd55fc4bc7c1ac779c29b0e833c0916e919f184205d09412cf6f14de432c7b,commit
email:69e2f25213c4e66431345a7ebf517196595af13b8d9329eb47ba982e3d20d946,,Matthew Pearcy,69e2f25213c4e66431345a7ebf517196595af13b8d9329eb47ba982e3d20d946,commit
email:69fa48d125ac405b0d6376a06b3df77265b3cb23c32912f69e3bf1b118a820ff,,James Burnett,69fa48d125ac405b0d6376a06b3df77265b3cb23c32912f69e3bf1b118a820ff,commit
email:6a1dc4ed036f1822a79746206d2ce496f16966266bdd8212d8f9c0f857e04942,,Olivier Payen,6a1dc4ed036f1822a79746206d2ce496f16966266bdd8212d8f9c0f857e04942,commit
email:6a461d89204a4b81f812d2182f95ec0df414ee835fdcdfaef09e44eba4f6ae85,,Joan Saum,6a461d89204a4b81f812d2182f95ec0df414ee835fdcdfaef09e44eba4f6ae85,commit
email:6aeaff4f3f22c6a5be88e54cd43268e75096144b742a16a5b4df97af5fec9be2,,Ovidiu Viorel Iepure,6aeaff4f3f22c6a5be88e54cd43268e75096144b742a16a5b4df97af5fec9be2,commit
email:6b220784dd7c2c411e4c67d6f54eca0460127745ce657db29977f4fa680a686f,,Russ,6b220784dd7c2c411e4c67d6f54eca0460127745ce657db29977f4fa680a686f,commit
email:6b2538d49ba039cddd844a96ec25026d21dfbe38adb78b3532837d957fad9f83,,Vlad Hnatiuk,6b2538d49ba039cddd844a96ec25026d21dfbe38adb78b3532837d957fad9f83,commit
email:6b2e6ab698cddaea2f0926c090c9c842e7bf39dccde8c3187d2cbf76fc98ff77,,yushimatenjin,6b2e6ab698cddaea2f0926c090c9c842e7bf39dccde8c3187d2cbf76fc98ff77,commit
email:6b48091cd60cfbd60839f9a3c20772689442ede7ca05f51461317d531c0adc7e,,Will Fong,6b48091cd60cfbd60839f9a3c20772689442ede7ca05f51461317d531c0adc7e,commit
email:6b51ed7da115e6fac1746512cfb99e4d46913546a98ea9087c40d36dac7cc05a,,Vegas Murphy,6b51ed7da115e6fac1746512cfb99e4d46913546a98ea9087c40d36dac7cc05a,commit
email:6bd61ced622c9372516259d412c821a53392901131ef928377a1f65c3db67350,,Guilherme Iscaro,6bd61ced622c9372516259d412c821a53392901131ef928377a1f65c3db67350,commit
email:6c1cc56a687658da8ade8be04361581181744a712e3bab50f0ffe6f1a7af0cf1,,Alexander Kawrykow,6c1cc56a687658da8ade8be04361581181744a712e3bab50f0ffe6f1a7af0cf1,commit
email:6c5fe9937d10fb90e5e368bf6119aeed4e6d968948869f6c4c8f303592010c1f,,Mugilan Kumarasamy,6c5fe9937d10fb90e5e368bf6119aeed4e6d968948869f6c4c8f303592010c1f,commit
email:6d8afa33e7c8299a68d423d17540ee537308782954b0fcd768d5d15b8fb42434,,Stas Veretennikov,6d8afa33e7c8299a68d423d17540ee537308782954b0fcd768d5d15b8fb42434,commit
email:6dcda2bf43f9d897713a2927784b1607c98cb0b4862c51e04766d22629238bf1,,Wei Han,6dcda2bf43f9d897713a2927784b1607c98cb0b4862c51e04766d22629238bf1,commit
email:6de0ba40760b29f0b29951046eff8fc18d111b4f8f95781ca832d96fd93d5edc,,Fredia Huya-Kouadio,6de0ba40760b29f0b29951046eff8fc18d111b4f8f95781ca832d96fd93d5edc,commit
email:6f17d8f0a7d0bb86f27e7e786331324c3b4a8816ef79b4bf98b0b736a33bd7be,,Ramiro González Maciel,6f17d8f0a7d0bb86f27e7e786331324c3b4a8816ef79b4bf98b0b736a33bd7be,commit
email:6f6f99e1813109593ecf5dee87863de2a29d57123c8ccf770c20253c202b6ade,,Kevin Brown,6f6f99e1813109593ecf5dee87863de2a29d57123c8ccf770c20253c202b6ade,commit
email:6fc747d9725686e9b1b6184a66154d2e94b47b55fb05a09c856ab769e71607b8,,Huyue Gu,6fc747d9725686e9b1b6184a66154d2e94b47b55fb05a09c856ab769e71607b8,commit
email:7027dc4a25cdec6b7b541b29d70bc13d47c6f3a915cc9a29422cef604bc2f724,,Rayner Kristanto,7027dc4a25cdec6b7b541b29d70bc13d47c6f3a915cc9a29422cef604bc2f724,commit
email:7048b78aff0e6527b08c31b96faa3828b7b1c1f616e5dce3f17827aa727f626e,,Kræn Hansen,7048b78aff0e6527b08c31b96faa3828b7b1c1f616e5dce3f17827aa727f626e,commit
email:704cb990878e363553df547f24ca1abffb011c5ef6ec371e9fb09bd139859b04,,Wei Yeh,704cb990878e363553df547f24ca1abffb011c5ef6ec371e9fb09bd139859b04,commit
email:7051b99c0abc789ddf838e9532bbc8b35b5005c034d2414ada70e560146e6115,,Maddie Lord,7051b99c0abc789ddf838e9532bbc8b35b5005c034d2414ada70e560146e6115,commit
email:7051f34992a3cdd3ac6737024276d61968428b6b165305dcefec3f4b0a3df8c3,,Javier Cuevas,7051f34992a3cdd3ac6737024276d61968428b6b165305dcefec3f4b0a3df8c3,commit
email:70a7ec20740a3a54f418947766e360849d4da02e699e3a4176abbf3571012eec,,Benoit Lemaire,70a7ec20740a3a54f418947766e360849d4da02e699e3a4176abbf3571012eec,commit
email:70c741e3e37a8ae7daf462204eac9c7ccc06f7403ddfada3af2dbb592e6546cc,,Tony Tan,70c741e3e37a8ae7daf462204eac9c7ccc06f7403ddfada3af2dbb592e6546cc,commit
email:714387e12e39acbec11e592a2d5e869a8fb062441b79263013486e23a897819d,,tako-black,714387e12e39acbec11e592a2d5e869a8fb062441b79263013486e23a897819d,commit
email:71ca5cf576eb623ef8f9b492c6a4573b6cd2c1ec74d26757a4be7a98e4915736,,Georgiy Kassabli,71ca5cf576eb623ef8f9b492c6a4573b6cd2c1ec74d26757a4be7a98e4915736,commit
email:72284be52bbe57b0134ffb3f7117ec8dd32070c2d76fa547ea1be8ef5eb533f7,,slycoder,72284be52bbe57b0134ffb3f7117ec8dd32070c2d76fa547ea1be8ef5eb533f7,commit
email:728026269f1e683ee3d4ec435854b3a3f5cf4e8c26a338a19e54da6e58b1a5ce,,Kevin Doherty,728026269f1e683ee3d4ec435854b3a3f5cf4e8c26a338a19e54da6e58b1a5ce,commit
email:72cc969e8189518bc532331f2c9d0e10c3cf642a060a6c6d913ac5a0ffdca713,,Kevin Old,72cc969e8189518bc532331f2c9d0e10c3cf642a060a6c6d913ac5a0ffdca713,commit
email:72d05d78d75854a8af8217f935bcf5b35e22833477b5221535d417d4b8da7778,,EwanThomas,72d05d78d75854a8af8217f935bcf5b35e22833477b5221535d417d4b8da7778,commit
email:72e3463a7c66d3fe7755d3707b697ec8cd56c717970b1851540a5edcf0f11ff1,,Max Johnson,72e3463a7c66d3fe7755d3707b697ec8cd56c717970b1851540a5edcf0f11ff1,commit
email:7337da3d8c6b717425596c4dbdea9d5225cbe713b1fe42248f106201c0563754,,generatedunixname537391475639613,7337da3d8c6b717425596c4dbdea9d5225cbe713b1fe42248f106201c0563754,commit
email:734f4be8ce27e6b2c65b64543a8fc6ab5919bee685b338905ea8416b13c255e6,,Ronak Patel,734f4be8ce27e6b2c65b64543a8fc6ab5919bee685b338905ea8416b13c255e6,commit
email:73fcd36d0ef208c8cdf1752e3e77c86db93e9893dbac3e5e011e1dce51895912,,David Goldman,73fcd36d0ef208c8cdf1752e3e77c86db93e9893dbac3e5e011e1dce51895912,commit
email:74015b1cb2c117ee01b6ebe5dbdb42c697c92504182b17fa436ae378253dea74,,Joshua Selbo,74015b1cb2c117ee01b6ebe5dbdb42c697c92504182b17fa436ae378253dea74,commit
email:74435996dc4e5175240ffcbd420af24e8df6b42975f61a1561fee90744543ec7,,Le Xu,74435996dc4e5175240ffcbd420af24e8df6b42975f61a1561fee90744543ec7,commit
email:7469fe9a0657be30fe4035c3eaba1e1202c89418db5ec3ae35abac129785db4a,,Klein Lieu,7469fe9a0657be30fe4035c3eaba1e1202c89418db5ec3ae35abac129785db4a,commit
email:74db71d775588427cccaa3ddaebdc3a34ee8c8b08d2e2a81b35804fcc08e9ffe,,Hakeem King,74db71d775588427cccaa3ddaebdc3a34ee8c8b08d2e2a81b35804fcc08e9ffe,commit
email:750f7dbba9a830db2896c3d0dc34469dcd12aabb736fade28daad6adb199ab32,,Chun Chen,750f7dbba9a830db2896c3d0dc34469dcd12aabb736fade28daad6adb199ab32,commit
email:753455eca071f974a8dc743d1f1e7c16d9767096e02115b561e6bb0f578d2c92,,Laura Macaluso,753455eca071f974a8dc743d1f1e7c16d9767096e02115b561e6bb0f578d2c92,commit
email:75c0737e4b4107156d0098aa1926dc1b99a9f0ec851b1e7bc25b597d70563e9f,,OdaDaisuke,75c0737e4b4107156d0098aa1926dc1b99a9f0ec851b1e7bc25b597d70563e9f,commit
email:76a03eed97b628740a13a7b56c2c540865558c8eed4c617e060041c98eaccf2d,,Jennifer Wang,76a03eed97b628740a13a7b56c2c540865558c8eed4c617e060041c98eaccf2d,commit
email:7745e4f95bd85c54b5f17fddd0e00baaea66c3d6f1bb508ccc87bbcb2aa02c27,,Danny Yan,7745e4f95bd85c54b5f17fddd0e00baaea66c3d6f1bb508ccc87bbcb2aa02c27,commit
email:774efe2c8c278f5d47472b2a9298207ae321e1ef2a57868bde2cc51b0c1d29f6,,Maksym Rusynyk,774efe2c8c278f5d47472b2a9298207ae321e1ef2a57868bde2cc51b0c1d29f6,commit
email:775c44a4057e36e68ab85ce1759987608f72f053bbf9ece326da82f7828efaa9,,Stanley Shi,775c44a4057e36e68ab85ce1759987608f72f053bbf9ece326da82f7828efaa9,commit
email:77895dc86952a54dc9b88c9e1a8be9542dd144c4333184b12e4426ceabff950d,,Hongtan Du,77895dc86952a54dc9b88c9e1a8be9542dd144c4333184b12e4426ceabff950d,commit
email:77c85f112db2b26e96baf1e7181f90ca65d6f30487930f1c1fcf157e32783780,,Alex Cohen,77c85f112db2b26e96baf1e7181f90ca65d6f30487930f1c1fcf157e32783780,commit
email:7897c504eda42b46a8407dfb0e8e1754b3fbac1e646303cf719286148980e9d4,,Gaurav Gupta,7897c504eda42b46a8407dfb0e8e1754b3fbac1e646303cf719286148980e9d4,commit
email:78a4b74d4cfcb891151b4839e3fa60452feb9f52c7d04a330c1270da91c652b4,,Steven Moyes,78a4b74d4cfcb891151b4839e3fa60452feb9f52c7d04a330c1270da91c652b4,commit
email:78d569356b5e06ed519863d3f59c89953d4984bde9f8210040042f247fb5deee,,John Ward,78d569356b5e06ed519863d3f59c89953d4984bde9f8210040042f247fb5deee,commit
email:78d942393cd35a4884fce16d6385f9d73d26b67233c431bdb4b13c2108909875,,Robert Balicki,78d942393cd35a4884fce16d6385f9d73d26b67233c431bdb4b13c2108909875,commit
email:78de52bd672380644cc3e29854ac9b781a9c6371f6ba99e5b484ca928b0bd5a4,,Lukas Müller,78de52bd672380644cc3e29854ac9b781a9c6371f6ba99e5b484ca928b0bd5a4,commit
email:78e03bdce9fc46e42006af9c67f7ed4d7c0fe40fd158f29083ca66a77dcc7880,,Antonio Corrado,78e03bdce9fc46e42006af9c67f7ed4d7c0fe40fd158f29083ca66a77dcc7880,commit
email:78ec1902fcbbb9bb8c8b7b374600ecfeec3bced34191a14fdce434d796b64bce,,Sebastian McKenzie,78ec1902fcbbb9bb8c8b7b374600ecfeec3bced34191a14fdce434d796b64bce,commit
email:79165723a686f4d204719a3e95e12de5d18950b3cd7ef078e9d7566f40315582,,Thuong Tran,79165723a686f4d204719a3e95e12de5d18950b3cd7ef078e9d7566f40315582,commit
email:79d56d67f72e7242494cadd7d45aad29b8720854b3d41c56d9e1e5295807d9bb,,Yury Dymov,79d56d67f72e7242494cadd7d45aad29b8720854b3d41c56d9e1e5295807d9bb,commit
email:79ff5f9fc4b144a5f1800d24fab4f754cad1d21ab059df9d5b3a38f28440fb4d,,Ryan Frawley,79ff5f9fc4b144a5f1800d24fab4f754cad1d21ab059df9d5b3a38f28440fb4d,commit
email:7a088551790ee9445692af2a537d85c1d756da260b62d8dce41fb9e4ad902e79,,Sean Nicolay,7a088551790ee9445692af2a537d85c1d756da260b62d8dce41fb9e4ad902e79,commit
email:7a1a3a7d478b1097cc64a4fc51b8b511ed71183de58032e8ae8c30c0b6e3a67c,,Caleb Gomer,7a1a3a7d478b1097cc64a4fc51b8b511ed71183de58032e8ae8c30c0b6e3a67c,commit
email:7a2167da7e3a0b71cb94c70ba587c33de7b59dad853013e01aa2f13ed97cee4e,,Qiao Tan,7a2167da7e3a0b71cb94c70ba587c33de7b59dad853013e01aa2f13ed97cee4e,commit
email:7a75013019bd150c0c8fe0350f970a7b3a52244c68c8c357db0c2bb79362a876,,Jiaqi Duan,7a75013019bd150c0c8fe0350f970a7b3a52244c68c8c357db0c2bb79362a876,commit
email:7b0764ff3d6eab2dc0c959f6e64158d3355ec5bd5b0834b39f91f35831e0c8a2,,Nobuhito Kurose,7b0764ff3d6eab2dc0c959f6e64158d3355ec5bd5b0834b39f91f35831e0c8a2,commit
email:7b3504dd8845db31cce08b03665880c3b68b59b5d5959ca9252a035b0ff66797,,Elmer Banda,7b3504dd8845db31cce08b03665880c3b68b59b5d5959ca9252a035b0ff66797,commit
email:7b95455e0a7fdc143edfba94239e107d59ed319f3ee79e202461c47a0216f2df,,Douglas Cheong,7b95455e0a7fdc143edfba94239e107d59ed319f3ee79e202461c47a0216f2df,commit
email:7b9b05742f29e3bf3c5fbe7fe912e02e8b57fce251e7bba7b5c8761185cb54a4,,Greg Nelson,7b9b05742f29e3bf3c5fbe7fe912e02e8b57fce251e7bba7b5c8761185cb54a4,commit
email:7ba69a4ef42fbfdd608d5125bf5481d48b07c8211d326449368aac814a0182f3,,Dustin Shahidehpour,7ba69a4ef42fbfdd608d5125bf5481d48b07c8211d326449368aac814a0182f3,commit
email:7bd1cd17ce3166e55e306b9c2d65461a6098e289c73d57f3da91ffd643f6b8aa,,Peter Laraia,7bd1cd17ce3166e55e306b9c2d65461a6098e289c73d57f3da91ffd643f6b8aa,commit
email:7c75d0923e4dd999fb5187029c14c9df3d6ea09300fe490a7649349ce2828519,,Mehdi Mulani,7c75d0923e4dd999fb5187029c14c9df3d6ea09300fe490a7649349ce2828519,commit
email:7c75f16ec6661a43e5f994cc01e915fdb2b6bd733bd6f741250dc5a469916b93,,Build Service,7c75f16ec6661a43e5f994cc01e915fdb2b6bd733bd6f741250dc5a469916b93,commit
email:7c86fc2061ac394c4b2c9629d01cf25f9d12b3d7a4c85b55aeb266aa1a936122,,lh_wang,7c86fc2061ac394c4b2c9629d01cf25f9d12b3d7a4c85b55aeb266aa1a936122,commit
email:7ca82555f5b1175e5703f98ceadf746095b63d011ab8badf29995484d900cb75,,Stepan Furdei,7ca82555f5b1175e5703f98ceadf746095b63d011ab8badf29995484d900cb75,commit
email:7cbdcb3324c664e69cf577d5c9ff9cf0a534e210404b7b65de36c14de6564080,,Ian Jones,7cbdcb3324c664e69cf577d5c9ff9cf0a534e210404b7b65de36c14de6564080,commit
email:7ce32ebfa09bdf6d3317eaaab7da75c13cce6f24f06e3ffea3ee5a9b3e6e4f1f,,Alexey Kureev,7ce32ebfa09bdf6d3317eaaab7da75c13cce6f24f06e3ffea3ee5a9b3e6e4f1f,commit
email:7d433c14a068f66aee7382847ffc93a80f893a821f5787a72e90381bf21f79e7,,Vladyslav Stepanov,7d433c14a068f66aee7382847ffc93a80f893a821f5787a72e90381bf21f79e7,commit
email:7d46372a1d51bc84b91ad57414c778c7efa02bec590a3ce7db9e1bc533c9ded7,,Bartol Karuza,7d46372a1d51bc84b91ad57414c778c7efa02bec590a3ce7db9e1bc533c9ded7,commit
email:7d5214716c7c852a1ba72acd02683ec655c0172ed814d4c32a29c2474daf3664,,Tao Huang,7d5214716c7c852a1ba72acd02683ec655c0172ed814d4c32a29c2474daf3664,commit
email:7e3e75d2052412eb54e5d6eb3c4e7e60f159ce5d2e2238a8d8992af807fbb1c3,,Luke Miles,7e3e75d2052412eb54e5d6eb3c4e7e60f159ce5d2e2238a8d8992af807fbb1c3,commit
email:7e41e8f1dfddf8a3e73816216b8fbbc201aa96a32474d4af8bf6a1796d14ebec,,William Khoe,7e41e8f1dfddf8a3e73816216b8fbbc201aa96a32474d4af8bf6a1796d14ebec,commit
email:7e6a9a0f4939817e69014422d7f891d6b66bf398047698e0fda64e6371a22348,,Alaa Ben El Ahmar,7e6a9a0f4939817e69014422d7f891d6b66bf398047698e0fda64e6371a22348,commit
email:7e71987f623a35cd180f41dbf58cd883d84b06d444a7a5b272441a2982bf2154,,generatedunixname89002005325676,7e71987f623a35cd180f41dbf58cd883d84b06d444a7a5b272441a2982bf2154,commit
email:7eb72c7f8f11fc4e38c9cb09608ec72fa1ea6b785db99f4ebd8111029fb8ab23,,Tal Benesh,7eb72c7f8f11fc4e38c9cb09608ec72fa1ea6b785db99f4ebd8111029fb8ab23,commit
email:7f4365eaafcb05979241c07af4273e45a90589a48e9c4b428d8920bd26726c85,,tfallon@mail.depaul.edu,7f4365eaafcb05979241c07af4273e45a90589a48e9c4b428d8920bd26726c85,commit
email:7f4c9e271074146bc6d5e922741bccd121f6dcc3b29d2b2ed03cce3d563ffbaf,,Seyi Adebajo,7f4c9e271074146bc6d5e922741bccd121f6dcc3b29d2b2ed03cce3d563ffbaf,commit
email:7f4e8bed9845a8dd3beed8fcf290da91714d0bb04b01b50f6b93d7e8b383522e,,Pierre Reimertz,7f4e8bed9845a8dd3beed8fcf290da91714d0bb04b01b50f6b93d7e8b383522e,commit
email:7f4fc1d7d658c8d1723c5f4e892f0561cdb038309e57a5b11217da5da5408e69,,Spike Brehm,7f4fc1d7d658c8d1723c5f4e892f0561cdb038309e57a5b11217da5da5408e69,commit
email:7f568735dba18ff405ee1bc555e565415232773db3fd7412f56e2db660466d9b,,Daniel Colascione,7f568735dba18ff405ee1bc555e565415232773db3fd7412f56e2db660466d9b,commit
email:7feb20cf5ee9b12ed86c3d19c812afd4ad456688bc03cde2cca80ce7c0a30c91,,Agustin Collazo,7feb20cf5ee9b12ed86c3d19c812afd4ad456688bc03cde2cca80ce7c0a30c91,commit
email:800b7dbd0e6b59f4f29938644ffb294ad80af1ac5bd7e17e4c139d868a7b1c52,,Martín Bigio,800b7dbd0e6b59f4f29938644ffb294ad80af1ac5bd7e17e4c139d868a7b1c52,commit
email:80413fded50b63aa845d5d740ea6b715b73d0b00b32bcae1b3830ac1a9b74120,,Felipe Martim,80413fded50b63aa845d5d740ea6b715b73d0b00b32bcae1b3830ac1a9b74120,commit
email:804f917466be04aa0ae44d9700cf2bcf3e2df17b3281762ff8e367a7f998f76a,,Martin Booth,804f917466be04aa0ae44d9700cf2bcf3e2df17b3281762ff8e367a7f998f76a,commit
email:806c811354412a39de0e04ece8c60cd03e6a3eb3f1282edf5b760e02dc3e2ab2,,Brian Shin,806c811354412a39de0e04ece8c60cd03e6a3eb3f1282edf5b760e02dc3e2ab2,commit
email:80896ef21a5988092392cc564c085fdf421de7cf65e922df2b39844d594ecb30,,Raphael Herouart,80896ef21a5988092392cc564c085fdf421de7cf65e922df2b39844d594ecb30,commit
email:80900d54539891e8462f5faa35a6aff4c50aa3882fd6def7c7ab16feb00417fb,,Moshe Berman,80900d54539891e8462f5faa35a6aff4c50aa3882fd6def7c7ab16feb00417fb,commit
email:80911745d7747382a112b829d3260fd2337e2b23db04f15e2c3d8c082925e361,,Tom Auty,80911745d7747382a112b829d3260fd2337e2b23db04f15e2c3d8c082925e361,commit
email:80a456df0c1c6fdd647b57902ae3d5af054d421c764a358494776086d0098f20,,lizhiqiang05,80a456df0c1c6fdd647b57902ae3d5af054d421c764a358494776086d0098f20,commit
email:80c44f3448bb67b81a361c38b14257fbaa5a8eeae8c40f441809df23a8058da5,,Ayush Sood,80c44f3448bb67b81a361c38b14257fbaa5a8eeae8c40f441809df23a8058da5,commit
email:816ef3ff0c2328547eff3e61d73a2b1088541fcfa3be16f94e0fafd394e532f3,,Danielle Pham,816ef3ff0c2328547eff3e61d73a2b1088541fcfa3be16f94e0fafd394e532f3,commit
email:81c308ab73c2df3e525f30e089f77d7b6e7e186226eb105a4f221e21e598bc31,,Mr. Anonymous,81c308ab73c2df3e525f30e089f77d7b6e7e186226eb105a4f221e21e598bc31,commit
email:81c8823955177276a1fa0b2cf27227c3d199b08b7a8dba56496a3d8a72162566,,Evan Worley,81c8823955177276a1fa0b2cf27227c3d199b08b7a8dba56496a3d8a72162566,commit
email:82146333287971f0a8a55cbd8496653f644b7737f65cfaf72c382a37efc3100e,,exentrich,82146333287971f0a8a55cbd8496653f644b7737f65cfaf72c382a37efc3100e,commit
email:82202c505a810ff0688a824e540dbdf3a885359db4a3397afbc72eb7606c4534,,Bryce Redd,82202c505a810ff0688a824e540dbdf3a885359db4a3397afbc72eb7606c4534,commit
email:825d7d61453399ff62f2bc4f4571a47bbfb45840f56347bf8485c354dd543d79,,Karol Kuczmarski,825d7d61453399ff62f2bc4f4571a47bbfb45840f56347bf8485c354dd543d79,commit
email:828936ab6bde198adde73350fef32bc88a60d9a94e5f46fd1ea87cd7788e45c1,,Kshitij Kotasthane,828936ab6bde198adde73350fef32bc88a60d9a94e5f46fd1ea87cd7788e45c1,commit
email:83124655e9f3d63c67980aab508b5bff94daac52e8d210759a5d3f08fcbab316,,Ilya Kovalyov,83124655e9f3d63c67980aab508b5bff94daac52e8d210759a5d3f08fcbab316,commit
email:8331d33da3265cbe313e59c123b7360ba3f318ca76390aa3ea9277a9a86e52dd,,Joe Wood,8331d33da3265cbe313e59c123b7360ba3f318ca76390aa3ea9277a9a86e52dd,commit
email:834406480d3ca983351b3ab344a708452c8ce26b7bdf9477a617d70de094f78c,,aybb,834406480d3ca983351b3ab344a708452c8ce26b7bdf9477a617d70de094f78c,commit
email:834c8d1f1291854fd40139b72b645627c2ef5457156c59471c4a32da0ba3d0fb,,Johan,834c8d1f1291854fd40139b72b645627c2ef5457156c59471c4a32da0ba3d0fb,commit
email:8357cd6c7622d884a3cda9dbfc79033012280a9b9fdcef83a443c529916ce6e5,,Steven Vascellaro,8357cd6c7622d884a3cda9dbfc79033012280a9b9fdcef83a443c529916ce6e5,commit
email:8398e8c75f76124e3f2382b480c3f5bf496c4bb683402aac66b77952822a7752,,Alexey Litvinov,8398e8c75f76124e3f2382b480c3f5bf496c4bb683402aac66b77952822a7752,commit
email:83d176d22c141d71c29313c9f92117d277334ffe17afd26f3a6eec8c291aa32d,,Oleg Bogdanov,83d176d22c141d71c29313c9f92117d277334ffe17afd26f3a6eec8c291aa32d,commit
email:83f3a82856f449629944624967b79749b9b9369e309dc13113e2ccc743791f62,,Ryan Lucas,83f3a82856f449629944624967b79749b9b9369e309dc13113e2ccc743791f62,commit
email:8441756ab2f9cfd2ce1d6b4a002b8635666c738a6a8c2e4a070ba4bae7f6cf11,,Dylan Kirby,8441756ab2f9cfd2ce1d6b4a002b8635666c738a6a8c2e4a070ba4bae7f6cf11,commit
email:8471ba42e5e37146363cb577cb759ca6e6698d6bc5141cbcd3e0885751e4cade,,Vikram Aravamudhan,8471ba42e5e37146363cb577cb759ca6e6698d6bc5141cbcd3e0885751e4cade,commit
email:8498a57e60f0cc13d75c465dfb43208a000bfca2508288ec8a963117057101a1,,Artem Yarulin,8498a57e60f0cc13d75c465dfb43208a000bfca2508288ec8a963117057101a1,commit
email:84d1ffce1d07d850e03d92cfe097919404f75c71273e7fb45112cec3df4d7e26,,Arnold Noronha,84d1ffce1d07d850e03d92cfe097919404f75c71273e7fb45112cec3df4d7e26,commit
email:84e696d02633e1be034b5a10b4e93e22dc98123c66f7fde4dc30e95e428472a5,,Michael Anthony Leon,84e696d02633e1be034b5a10b4e93e22dc98123c66f7fde4dc30e95e428472a5,commit
email:850abaece4a5703ae299f3bb938b5ce8208376b26e28fbfe9c027baa3af32248,,Michael Ficaro,850abaece4a5703ae299f3bb938b5ce8208376b26e28fbfe9c027baa3af32248,commit
email:850bc4e306f6ec1d02b1f4ca4af6dd7984b012f086467c62efa5fe48dc956f48,,Shin-Kai Chen,850bc4e306f6ec1d02b1f4ca4af6dd7984b012f086467c62efa5fe48dc956f48,commit
email:853cb84357decec0384c472a908f0ee2325a7df4cd7b7ccb8ee256e0539486c5,,Anda Bereczky,853cb84357decec0384c472a908f0ee2325a7df4cd7b7ccb8ee256e0539486c5,commit
email:854a5644dcd9607f7a9e4214346b2cb1426b93da5cbfc8b609553ebf7e82d516,,Dan Nguyen,854a5644dcd9607f7a9e4214346b2cb1426b93da5cbfc8b609553ebf7e82d516,commit
email:85914b17cf7b96aa1578ea247bf79697448db9c4f5bf291e79dc238b740e9568,,Emil Sjölander,85914b17cf7b96aa1578ea247bf79697448db9c4f5bf291e79dc238b740e9568,commit
email:8591d0c283a1ec00200502dd9758858f9fc73fb63a87246cd662409c8a96bdf8,,Kosie van der Merwe,8591d0c283a1ec00200502dd9758858f9fc73fb63a87246cd662409c8a96bdf8,commit
email:859e0d093652ef91494ad2c0ed489e389cc6e3498bb7f96983c05d46a6591e43,,Jakub Kinst,859e0d093652ef91494ad2c0ed489e389cc6e3498bb7f96983c05d46a6591e43,commit
email:859f29a3ab2df65cbff357ed1dba155379fc46b0f710963ca091c0751f025eca,,Erica Klein,859f29a3ab2df65cbff357ed1dba155379fc46b0f710963ca091c0751f025eca,commit
email:859fc2bb5cbb652b5a31c9a423e1db50e81b6d59e820f97ddb9a5c157fafbe6c,,Ariel Lin,859fc2bb5cbb652b5a31c9a423e1db50e81b6d59e820f97ddb9a5c157fafbe6c,commit
email:85cb9c87f4876b54354256c6d6f9a7b465a58f5958afb2eaa0aacc762af77206,,rainywan,85cb9c87f4876b54354256c6d6f9a7b465a58f5958afb2eaa0aacc762af77206,commit
email:85f0cb8eb04875a86bbf3f988e08fad9d23535d5db9c01185a4831662172c5a1,,Kenny Dits @kenny_dee,85f0cb8eb04875a86bbf3f988e08fad9d23535d5db9c01185a4831662172c5a1,commit
email:8627c399dd71b9a99ad59501853904e14b857b0f7321272a1a16d3d61e765944,,Wen-Chien Chen,8627c399dd71b9a99ad59501853904e14b857b0f7321272a1a16d3d61e765944,commit
email:866235bc1648ceaa8ead270c8d55abda8419ed79f0ac093dc0f55c0a97ebfb27,,Daksh Bhardwaj,866235bc1648ceaa8ead270c8d55abda8419ed79f0ac093dc0f55c0a97ebfb27,commit
email:86834a356056fa79e7733360eed101d63a40ca799e1ab030365e0577649938fa,,Max Ovtsin,86834a356056fa79e7733360eed101d63a40ca799e1ab030365e0577649938fa,commit
email:86cb377da021f3155fcf8e19e1ffc5766a1ed3eaab75bb65986a823155089ada,,Ravi Shah,86cb377da021f3155fcf8e19e1ffc5766a1ed3eaab75bb65986a823155089ada,commit
email:873f02c60b246a96aa919e7e5a7ae8962896f7afe316b3bb90cf6e887baf65d9,,crismali,873f02c60b246a96aa919e7e5a7ae8962896f7afe316b3bb90cf6e887baf65d9,commit
email:87d45ff8e023cf5b5ecd4a021e196698e1f0a335db50ca4afa7489c14074c68b,,Knott Wittawat,87d45ff8e023cf5b5ecd4a021e196698e1f0a335db50ca4afa7489c14074c68b,commit
email:87d730d279de187e8424200c5f5e93e98ff5107ad25116b35b80e805ec744679,,Grace Nichols,87d730d279de187e8424200c5f5e93e98ff5107ad25116b35b80e805ec744679,commit
email:8837165068452aa1e30aa1dbf73169c02ac080404d88db7d2b699c925d69d11c,,Ramon Medel,8837165068452aa1e30aa1dbf73169c02ac080404d88db7d2b699c925d69d11c,commit
email:883e4c8a15eb414467d04eda97ece136df4685482580f3385b17ad956032ffd5,,Ergul Azizler,883e4c8a15eb414467d04eda97ece136df4685482580f3385b17ad956032ffd5,commit
email:88cf32cc37f08f976f81447ecf57b64bff7f221c9fa68cb0ebe98bbb22319989,,André Krüger,88cf32cc37f08f976f81447ecf57b64bff7f221c9fa68cb0ebe98bbb22319989,commit
email:88f03a8f0e345c0fdaaa94a9d69133563ca9c20ceaf0e148fbed5048b91c1926,,JP Driver,88f03a8f0e345c0fdaaa94a9d69133563ca9c20ceaf0e148fbed5048b91c1926,commit
email:8904874475029392c633def58bc38672dc965222a3c6598894220015540582e3,,Gilad Bar,8904874475029392c633def58bc38672dc965222a3c6598894220015540582e3,commit
email:896bcdf4ad2d8260c3f422dee0b602b33870d39a6ae8dd950ae78df416ad26f7,,Ke Mao,896bcdf4ad2d8260c3f422dee0b602b33870d39a6ae8dd950ae78df416ad26f7,commit
email:8981a6dd4de7ff473e119ef33b3fcc79f734e717ff52064acef3d47135d22d39,,Bill Fisher,8981a6dd4de7ff473e119ef33b3fcc79f734e717ff52064acef3d47135d22d39,commit
email:898e0f2257d9120716806cde8a3364c2ce5dd0bc23145287404d4b14b223d9cf,,Stephen Girdlestone,898e0f2257d9120716806cde8a3364c2ce5dd0bc23145287404d4b14b223d9cf,commit
email:8a2af41ee9a6859595efdff36dcaf341188678049e68ea232892f392c63cc548,,Ilia Vorobev,8a2af41ee9a6859595efdff36dcaf341188678049e68ea232892f392c63cc548,commit
email:8a483c87a961c352a3ae7f04fadded766e9b1073212f9eb66c3e081d8976c057,,Khaled Tantawy,8a483c87a961c352a3ae7f04fadded766e9b1073212f9eb66c3e081d8976c057,commit
email:8a4f2146e1cde8900b8d53ef74f41b02338635a0b3878a6905f2f0fc9188e3df,,Wei Yang,8a4f2146e1cde8900b8d53ef74f41b02338635a0b3878a6905f2f0fc9188e3df,commit
email:8ac5651c2304c5f92b4a484d37b4c498f1defdd685509040f2f9cc2db4e7b78b,,Steven Chaitoff,8ac5651c2304c5f92b4a484d37b4c498f1defdd685509040f2f9cc2db4e7b78b,commit
email:8af66189a3524c3c87770a3f27e163c4b26ab38d0e91c2249eaa4f40f2409f3a,,Rujin Cao,8af66189a3524c3c87770a3f27e163c4b26ab38d0e91c2249eaa4f40f2409f3a,commit
email:8af9aa7a88c40c1de992c4c9e614414fc868e2ff25456c436e8c98675969d67a,,Tina J,8af9aa7a88c40c1de992c4c9e614414fc868e2ff25456c436e8c98675969d67a,commit
email:8b30304277e031cb3ee83949c467732a4e29fe1f59028e4a57fd507ada638e4b,,grgr-dkrk,8b30304277e031cb3ee83949c467732a4e29fe1f59028e4a57fd507ada638e4b,commit
email:8b373edca69200fa5911b85f0243f739e789f766c06389ccd4c30afb4bf7d76f,,Zack Sheppard,8b373edca69200fa5911b85f0243f739e789f766c06389ccd4c30afb4bf7d76f,commit
email:8b4103da06bbc7fb5b4453f6d0555d35f682a8f5726bb7c859a477f2c3817867,,Stanislav,8b4103da06bbc7fb5b4453f6d0555d35f682a8f5726bb7c859a477f2c3817867,commit
email:8c04bedaccdaec787bf65204ee556e84781057cdd25f733228c3055c87e2971a,,Hugo Cuvillier,8c04bedaccdaec787bf65204ee556e84781057cdd25f733228c3055c87e2971a,commit
email:8d600967ff27d5c5ef32ee7614c5dd1d9dbbdb227e5e236a0bc5d2455f772a4c,,Nicholas Tinsley,8d600967ff27d5c5ef32ee7614c5dd1d9dbbdb227e5e236a0bc5d2455f772a4c,commit
email:8d7c899db969160893e611874c8f0fd1d57b07bea0323245d4c668d0113faf8c,,TobiasH,8d7c899db969160893e611874c8f0fd1d57b07bea0323245d4c668d0113faf8c,commit
email:8d99f8d99b0dee2fd42dad378ac8151123437eaeabc08e75499449a4d17b5c7e,,Petr Brzek,8d99f8d99b0dee2fd42dad378ac8151123437eaeabc08e75499449a4d17b5c7e,commit
email:8d9bbeceb3c72c96740bdc2a33d3fcdd35238a56065e125a8a1f960d0443237b,,Jesse Watts-Russell,8d9bbeceb3c72c96740bdc2a33d3fcdd35238a56065e125a8a1f960d0443237b,commit
email:8e2a7c203c1c03bf20b03c4585e565b556a8c1e3012f0ff023d42d8dd99487fc,,Marek Cirkos,8e2a7c203c1c03bf20b03c4585e565b556a8c1e3012f0ff023d42d8dd99487fc,commit
email:8e847df770b17e1e257178771583b6506ecb84451b2bf14790b6798d30b1417f,,Jack Wang,8e847df770b17e1e257178771583b6506ecb84451b2bf14790b6798d30b1417f,commit
email:8eca5e1f6bcdc2ceed47223c4b7b792e31dddbf46b8c8a5d03f3c60f0b279835,,Tim Jacobi,8eca5e1f6bcdc2ceed47223c4b7b792e31dddbf46b8c8a5d03f3c60f0b279835,commit
email:8f00938d9eac2f055e8c27958191202db28f812fe81214ce4b1edb83b50585c9,,Delphine Bugner,8f00938d9eac2f055e8c27958191202db28f812fe81214ce4b1edb83b50585c9,commit
email:8f2ac0942275bb3638cd546f062d5f31f1840fbd3b4cd144a72083b4fee1c2ad,,Alexander Komissarov,8f2ac0942275bb3638cd546f062d5f31f1840fbd3b4cd144a72083b4fee1c2ad,commit
email:8f36004bdcd2b6592fc0d19925d46fc83388b895b0d6ee608ac2790d7e2cb6ac,,John Days,8f36004bdcd2b6592fc0d19925d46fc83388b895b0d6ee608ac2790d7e2cb6ac,commit
email:8f7331a0aec543bc6ed2e7218105ef9e64578f9d5c2044cc74165c803ed4ecf5,,kiran,8f7331a0aec543bc6ed2e7218105ef9e64578f9d5c2044cc74165c803ed4ecf5,commit
email:8f734557b2f6fc2aa4174f0de40f852e43ead5695174f8588f2925d577878482,,Xiqi Liu,8f734557b2f6fc2aa4174f0de40f852e43ead5695174f8588f2925d577878482,commit
email:8f90795d981bc01917600c97e4e01a1337f1847ce16445db920207e12376dfb9,,Braden Simpson,8f90795d981bc01917600c97e4e01a1337f1847ce16445db920207e12376dfb9,commit
email:8fd371762c6e2009ca824352927af717a68dcbd59cc7e6eeddb0a21b5e2f557b,,Zhengwei Liu,8fd371762c6e2009ca824352927af717a68dcbd59cc7e6eeddb0a21b5e2f557b,commit
email:90e6bc69bc1c32a4cbfbbf4bdce7392e727470a7c4e446c51d1ff135c6d55f9b,,Ives van Hoorne,90e6bc69bc1c32a4cbfbbf4bdce7392e727470a7c4e446c51d1ff135c6d55f9b,commit
email:9125ed2657c276be9026791b3893596220d8d1607cb0c9dae306adc19b479ac0,,Samat Osmonov,9125ed2657c276be9026791b3893596220d8d1607cb0c9dae306adc19b479ac0,commit
email:918e8bf2d27409aaaa51e4f08a81c2b5d8ee87e0d015ecdbd9363c00fa69d34f,,Akshat Asawa,918e8bf2d27409aaaa51e4f08a81c2b5d8ee87e0d015ecdbd9363c00fa69d34f,commit
email:919a4aa47bdd7df03bb03fbf082f1ea4b9ae90493db8847218bf0ceb25874283,,Maël Nison,919a4aa47bdd7df03bb03fbf082f1ea4b9ae90493db8847218bf0ceb25874283,commit
email:919b039b47bbc271262a16b0472e20c1b17264bd56e73c7a069340c0e30c9387,,madhav23bansal,919b039b47bbc271262a16b0472e20c1b17264bd56e73c7a069340c0e30c9387,commit
email:91bb6d5f83ef7aafd57e7324703f2ef4999a8af5b0fba06d0abd4ba65a260b2a,,valerio.ponte,91bb6d5f83ef7aafd57e7324703f2ef4999a8af5b0fba06d0abd4ba65a260b2a,commit
email:91fea68a37629a8af40ffd6571b0e60d9ec5202edeeb42c3f4f9b55202acc4e3,,Saurabh Aggarwal,91fea68a37629a8af40ffd6571b0e60d9ec5202edeeb42c3f4f9b55202acc4e3,commit
email:92102100cd391346bd5684bf77c4c5e854811557592f4a835a44980c988f4cb5,,Will Sahatdjian,92102100cd391346bd5684bf77c4c5e854811557592f4a835a44980c988f4cb5,commit
email:923344259f5625bb617d417cf11bf87b3fdc47a6ae95fa23fe9c4b8239b21cc0,,tiagomoraismorgado,923344259f5625bb617d417cf11bf87b3fdc47a6ae95fa23fe9c4b8239b21cc0,commit
email:92405e55bce09ee9916116ed9f74d44f3d8c59251eb06b6de6e2942f8a59291e,,Noam Schachter,92405e55bce09ee9916116ed9f74d44f3d8c59251eb06b6de6e2942f8a59291e,commit
email:92419074ad0b31e3cb23be12464f24f118d256ee35946f79cbd1cb4b96d52242,,César Alberca,92419074ad0b31e3cb23be12464f24f118d256ee35946f79cbd1cb4b96d52242,commit
email:9271fd32605432574fe0c51f2f9c2dec88d26607b8de744d75031565a334c3a3,,Labeeb Panampullan,9271fd32605432574fe0c51f2f9c2dec88d26607b8de744d75031565a334c3a3,commit
email:92956cbf12dd20306dc61c8579c746b0e44a928cf8e942cd948bb6fbd3fd6085,,Dominik Wienand,92956cbf12dd20306dc61c8579c746b0e44a928cf8e942cd948bb6fbd3fd6085,commit
email:92b6b9091bbddbdfc83e99592f25856925f107bc1611021dba12172b398aa7c2,,Ethan Zhu,92b6b9091bbddbdfc83e99592f25856925f107bc1611021dba12172b398aa7c2,commit
email:930afc913cda8ce80946e9ceccdd7e301383a6649e7cdab712740822ad932e9a,,Mingwei Pan,930afc913cda8ce80946e9ceccdd7e301383a6649e7cdab712740822ad932e9a,commit
email:935abe5f4043cbb179919de4e8ecae55442036004a937c80d7f4e436012cb38b,,Jon Green,935abe5f4043cbb179919de4e8ecae55442036004a937c80d7f4e436012cb38b,commit
email:93bbecc6babc687c185f6c7fef19f41f88ec57375a3bbf1eaa396b3bbda18c9e,,Zachinquarantine,93bbecc6babc687c185f6c7fef19f41f88ec57375a3bbf1eaa396b3bbda18c9e,commit
email:93f9344eb0014294d644d6d2e112c68e0609996d0cead764ff9f2e0502971046,,Reem Helou,93f9344eb0014294d644d6d2e112c68e0609996d0cead764ff9f2e0502971046,commit
email:94273b4ab772a3f0effe892106d577e83786ec99c5e02f50b7ff885a84dbf815,,sathis,94273b4ab772a3f0effe892106d577e83786ec99c5e02f50b7ff885a84dbf815,commit
email:9430ad57f9b0b56979aec2a6b89ab52ba15a919130b0f12db1f0f17971a2cd00,,Christian Ost,9430ad57f9b0b56979aec2a6b89ab52ba15a919130b0f12db1f0f17971a2cd00,commit
email:943ad9a25a5ad70026aa2f9b8de1750a11eba73ff5866eb7fd6a50d6f191bc28,,Sumeet Vaidya,943ad9a25a5ad70026aa2f9b8de1750a11eba73ff5866eb7fd6a50d6f191bc28,commit
email:94bddae4719bf931a6903ed0dc3d5adc125629810dbb8f0538c67fe86d2b0e2e,,Michael Tostenson,94bddae4719bf931a6903ed0dc3d5adc125629810dbb8f0538c67fe86d2b0e2e,commit
email:94bf2e293a432e4692b6e5a38a3c1ab9b403d3e10931169c769a4b7bc4f4489d,,Divyendu Singh,94bf2e293a432e4692b6e5a38a3c1ab9b403d3e10931169c769a4b7bc4f4489d,commit
email:94f5239854de20df1bd1fc9aa22492df11d3afa05bd8b75c6e49e67ed57c96ea,,Lu Su,94f5239854de20df1bd1fc9aa22492df11d3afa05bd8b75c6e49e67ed57c96ea,commit
email:95af41afc8a7dd6052ed12f9243df823913c3ad755d11067f77d350e24fef6b5,,S.M.A. Javadi,95af41afc8a7dd6052ed12f9243df823913c3ad755d11067f77d350e24fef6b5,commit
email:95c959ba62b4c45dc80e6e329538c902d5250771ca541e73d15582027927e89b,,Rahul Jiresal,95c959ba62b4c45dc80e6e329538c902d5250771ca541e73d15582027927e89b,commit
email:96306909c9977a5f99f72a53facc71c31154d0e74758a6d16b973627dff4054d,,Yuan Dai,96306909c9977a5f99f72a53facc71c31154d0e74758a6d16b973627dff4054d,commit
email:966da535c37cfcfac64fd2229e49a4e09d9e616ad4778b660e70c6a39a83bd5f,,VisibleMarkov,966da535c37cfcfac64fd2229e49a4e09d9e616ad4778b660e70c6a39a83bd5f,commit
email:9686d979e57c61317acd3b957f9dd1a15c0f47afadf1e93327e524d30f3f71a6,,Angela Hess,9686d979e57c61317acd3b957f9dd1a15c0f47afadf1e93327e524d30f3f71a6,commit
email:968875dc404b2a1336ade772ccee8d9eba38c6ffcb0e9d1d3b2cf50f219da365,,Charles Chen,968875dc404b2a1336ade772ccee8d9eba38c6ffcb0e9d1d3b2cf50f219da365,commit
email:96a5dec8ee5ef97d1dc2becc82ac26504e302a5f5c3e5519a359d313f96a95d4,,Ian Childs,96a5dec8ee5ef97d1dc2becc82ac26504e302a5f5c3e5519a359d313f96a95d4,commit
email:96e84bc41865661973f47de6b54e3551c580f8bac8d439c9bd90ca81a6cfba10,,Felipe Perez,96e84bc41865661973f47de6b54e3551c580f8bac8d439c9bd90ca81a6cfba10,commit
email:973f0cbc2b79c80bab40642294b7f841fd7011b294d7ce34e27d1fafe0a664da,,Changgeng Li,973f0cbc2b79c80bab40642294b7f841fd7011b294d7ce34e27d1fafe0a664da,commit
email:97634cfb86b2815f32799c88302cdbe67ebccbdc1673cb7c4ba9b8a8e75871e8,,Adam Gleitman,97634cfb86b2815f32799c88302cdbe67ebccbdc1673cb7c4ba9b8a8e75871e8,commit
email:977517b7a50e7802517ee814b486b8382145ae5c4db3276072caf29f5fef1f1d,,Zahan Malkani,977517b7a50e7802517ee814b486b8382145ae5c4db3276072caf29f5fef1f1d,commit
email:98291d031481e55ec58cb68575ad148bd9006d8ad768b817a8145dce98e919bb,,Gaspard Viot,98291d031481e55ec58cb68575ad148bd9006d8ad768b817a8145dce98e919bb,commit
email:983dc676419ff36fdc0dc9443c5245f31ef7a9c0d2ffe0367e71c1f9cf72e9e8,,Adam Miskiewicz,983dc676419ff36fdc0dc9443c5245f31ef7a9c0d2ffe0367e71c1f9cf72e9e8,commit
email:98636633882109c386a9a9dd2572218298c83a5cfdeef52cde39cc6e713645ed,,Jason Prado,98636633882109c386a9a9dd2572218298c83a5cfdeef52cde39cc6e713645ed,commit
email:989d82d577b78512f9358a7e5620f605809418db6e056938a55a4c78e1e02c46,,Antti Moilanen,989d82d577b78512f9358a7e5620f605809418db6e056938a55a4c78e1e02c46,commit
email:98deee5642f2ed9f13bd130fc871c630d9099a06a667d2e4d00f9c209a734f7f,,Olivia Bishop,98deee5642f2ed9f13bd130fc871c630d9099a06a667d2e4d00f9c209a734f7f,commit
email:9908c96130daa4b599ecb30d08ca91f5a4ae3ce4864e0fa8bd08e9f9f25ddb9f,,vaukalak,9908c96130daa4b599ecb30d08ca91f5a4ae3ce4864e0fa8bd08e9f9f25ddb9f,commit
email:991357e5275bef53c19cb407d75eb3fdbc69e9bec77773c9474a496a98e71a71,,Chace Liang,991357e5275bef53c19cb407d75eb3fdbc69e9bec77773c9474a496a98e71a71,commit
email:993ae4ce168c62c4a9979f32cca4027691d217309b54775b84d6b18eb414b5ec,,Oleg Bogdanov,993ae4ce168c62c4a9979f32cca4027691d217309b54775b84d6b18eb414b5ec,commit
email:9972d59e905a956366fc0bf8025a781958669151e81aaa23f41ca8ab605400ec,,Justin Zeus,9972d59e905a956366fc0bf8025a781958669151e81aaa23f41ca8ab605400ec,commit
email:999377ed2e78991ff124299b6bc901bbf97d2d8b3db9e6d3ad95d27d1e8bf94e,,Adrián Cuesta,999377ed2e78991ff124299b6bc901bbf97d2d8b3db9e6d3ad95d27d1e8bf94e,commit
email:99fa4906e09efb52ad4c5a9a6b9e666f7a4c6d6c34adc871a8fa335e2ff532cb,,generatedunixname499836121,99fa4906e09efb52ad4c5a9a6b9e666f7a4c6d6c34adc871a8fa335e2ff532cb,commit
email:9a7373fbb542aef7ec2a9ab4460e17bbdcacba086cefcd1c7c336af1e916c5ff,,Yunlong Wu,9a7373fbb542aef7ec2a9ab4460e17bbdcacba086cefcd1c7c336af1e916c5ff,commit
email:9abd134258722eb709f51b7e821364c369bcbb9318cba3f23eda1bc8141f6d21,,Jacob Jimenez,9abd134258722eb709f51b7e821364c369bcbb9318cba3f23eda1bc8141f6d21,commit
email:9ad0ef98aaa78eac8864051878d2087bb1ecf239c3fe5865e2095b31663b7d3a,,Adrien Thiery,9ad0ef98aaa78eac8864051878d2087bb1ecf239c3fe5865e2095b31663b7d3a,commit
email:9add37840a28f934164e8981f28c3c96af8a745d6d191c0a744676620cd3a680,,Michelle Hwang,9add37840a28f934164e8981f28c3c96af8a745d6d191c0a744676620cd3a680,commit
email:9b136d2241fbeb239a2fda51030d2343384b408f38aeb15cebb745ffcc4c4061,,Skylar Peterson,9b136d2241fbeb239a2fda51030d2343384b408f38aeb15cebb745ffcc4c4061,commit
email:9b3c9eda1cd3369fcc92fe55bfbbc6665c48d91a42f0badc6880f8e17f8de0c6,,Vitor Capretz,9b3c9eda1cd3369fcc92fe55bfbbc6665c48d91a42f0badc6880f8e17f8de0c6,commit
email:9b5ed860005feaa3902fecafba32198119400eb5a7bdba9425af07fa04bcf32a,,Gabriel Peal,9b5ed860005feaa3902fecafba32198119400eb5a7bdba9425af07fa04bcf32a,commit
email:9b6c94818c0d2a9287a15fd35232ccd822c0b1e35f1c3103f840bedb07fa07c2,,John O'Leary,9b6c94818c0d2a9287a15fd35232ccd822c0b1e35f1c3103f840bedb07fa07c2,commit
email:9c992d043b55912699c966e214481893e1e922b25a911a0d63bc0947456ae049,,Mo Wang,9c992d043b55912699c966e214481893e1e922b25a911a0d63bc0947456ae049,commit
email:9c9f15210efbbbfb79eb3c2a83810be829b4425a8be9351bca7d1a24c9d3b29e,,Ilana Sufrin,9c9f15210efbbbfb79eb3c2a83810be829b4425a8be9351bca7d1a24c9d3b29e,commit
email:9cb1abb1607685263bb8dcd8f9e21e7b07015e69c5c8d8ad4c28d4bda20c3d98,,Xiuli Shen,9cb1abb1607685263bb8dcd8f9e21e7b07015e69c5c8d8ad4c28d4bda20c3d98,commit
email:9d1863ce18c8850d822998d2514421fa32f5395512e33e863baee136f8a1a247,,Jiaqi Wu,9d1863ce18c8850d822998d2514421fa32f5395512e33e863baee136f8a1a247,commit
email:9d472c5c739a300288e69426e5dfba1386278238432e6594c41cacbf309dc25a,,SHANKS,9d472c5c739a300288e69426e5dfba1386278238432e6594c41cacbf309dc25a,commit
email:9d8ce1aa64121697b7d811da416b9640b34290ded8b2b8e3ea40fec17be38aff,,Tong Liu,9d8ce1aa64121697b7d811da416b9640b34290ded8b2b8e3ea40fec17be38aff,commit
email:9dc2b376f66a7e072d69091d585f9958972c9ec4831b17ded04527449a018218,,hduprat,9dc2b376f66a7e072d69091d585f9958972c9ec4831b17ded04527449a018218,commit
email:9dd86cad58ab96449f3b8178558d08ce484d5e882fb6af5ff7ef38dd70ae064c,,Eric Sauter,9dd86cad58ab96449f3b8178558d08ce484d5e882fb6af5ff7ef38dd70ae064c,commit
email:9e0d21e6297daa3368572d64d2a00d23a29f9a9fad86629f54635b719beec4c1,,Mengke Ding,9e0d21e6297daa3368572d64d2a00d23a29f9a9fad86629f54635b719beec4c1,commit
email:9e30db5fe6820c62bcaead1e119c482706c2877ef4cca2969f5f7093d4fee918,,Lee Callender,9e30db5fe6820c62bcaead1e119c482706c2877ef4cca2969f5f7093d4fee918,commit
email:9f3551799f3f084c331b43400b27b7268336283d1662354beaec8f7dcd1e739b,,Scott Foggo,9f3551799f3f084c331b43400b27b7268336283d1662354beaec8f7dcd1e739b,commit
email:9f3ca9ca05c3eeb0dc1cf695548be278366d7ed57c1150269c1165404b46e9ed,,Valentin Agachi,9f3ca9ca05c3eeb0dc1cf695548be278366d7ed57c1150269c1165404b46e9ed,commit
email:9f5f2b37ea5ab6130eb806e6ecbc1016535d374bab6ffaf0e6eacebea8f7ce64,,mangogogos,9f5f2b37ea5ab6130eb806e6ecbc1016535d374bab6ffaf0e6eacebea8f7ce64,commit
email:9f989254210594f53841852695b9efc2ec953c4e17c0e7a4559c082f21cac163,,Angel Kjoseski,9f989254210594f53841852695b9efc2ec953c4e17c0e7a4559c082f21cac163,commit
email:9fe4e7dc23815dce589a642dea65111dfb7ce4e4339e5f63dcdb22835ad633e0,,Ian Hill,9fe4e7dc23815dce589a642dea65111dfb7ce4e4339e5f63dcdb22835ad633e0,commit
email:9fef02b79f7f08094800aae3760bbe7575ba40a92769f8a39d68ab1553938a70,,Eugene Lin,9fef02b79f7f08094800aae3760bbe7575ba40a92769f8a39d68ab1553938a70,commit
email:a00f676cfb2ef5e142bdda6bd6ef52e3ff3c2edf471014424b0dc3082c55ff6e,,Onti Vals,a00f676cfb2ef5e142bdda6bd6ef52e3ff3c2edf471014424b0dc3082c55ff6e,commit
email:a019441d65ac573a4a101d6fb8fa7eefb51301fd79f7c30a13f27e97e6524a64,,"MIYOKAWA, Nobuyoshi",a019441d65ac573a4a101d6fb8fa7eefb51301fd79f7c30a13f27e97e6524a64,commit
email:a020f86c74532aa169618fcd835be3f831d4192f62fa81644a58e3444797ba3f,,Anatolii Shevchenko,a020f86c74532aa169618fcd835be3f831d4192f62fa81644a58e3444797ba3f,commit
email:a040bab7a292dc23e0fc325f54afe6a895fc096ed7e24607894c29089588d347,,Jake Holland,a040bab7a292dc23e0fc325f54afe6a895fc096ed7e24607894c29089588d347,commit
email:a101abc1ef17786ef9e869fddb20d956b4098875b56beaed80692a054f4cc892,,Shaun Stanworth,a101abc1ef17786ef9e869fddb20d956b4098875b56beaed80692a054f4cc892,commit
email:a11a023f2b7c17023287abe56ea3b6f51a6e4c84d42b9b4e0ef2f4eb3b47c83d,,generatedunixname1395667395051502,a11a023f2b7c17023287abe56ea3b6f51a6e4c84d42b9b4e0ef2f4eb3b47c83d,commit
email:a15e32d5e23e7a8f7b8fa365df38db7745b670070add3e9a07d52a625d060c84,,generatedunixname89002005325672,a15e32d5e23e7a8f7b8fa365df38db7745b670070add3e9a07d52a625d060c84,commit
email:a160b5d66d4d1d1752a430736a7e09a8abfaaf417c0a92d9732dfac54a24f133,,Mandeep Baines,a160b5d66d4d1d1752a430736a7e09a8abfaaf417c0a92d9732dfac54a24f133,commit
email:a1aa79abaaa37564c8a3d2288e00d8a05404d7f3faa95d29e9dfd79194bd4bd6,,Chang Liu (RL),a1aa79abaaa37564c8a3d2288e00d8a05404d7f3faa95d29e9dfd79194bd4bd6,commit
email:a1c856170a900b02a8325c24c2baed1fe2b3432c00b3325ce1a9e168041e7980,,Zolboobayar Gantumur,a1c856170a900b02a8325c24c2baed1fe2b3432c00b3325ce1a9e168041e7980,commit
email:a1cf472393aa71777fc23e8760966fcbc29169f6dd03822837b9f1f0144ca769,,Bowen Li,a1cf472393aa71777fc23e8760966fcbc29169f6dd03822837b9f1f0144ca769,commit
email:a1ff953df02ec1eefaae856b0d7ad5aa0109bbe7897f0d3a532f75b9f6699265,,YunPeng Chong,a1ff953df02ec1eefaae856b0d7ad5aa0109bbe7897f0d3a532f75b9f6699265,commit
email:a21ab84da7d0e7b5a22cba5de7c7e0c35bafa79f39c1c680d3f51e00b9b6f245,,John Choura Jr,a21ab84da7d0e7b5a22cba5de7c7e0c35bafa79f39c1c680d3f51e00b9b6f245,commit
email:a2b42b2abb64520f0992e9da91e85dac1ab735bc9cb21d180314bb732110af8a,,Thomas Nardone,a2b42b2abb64520f0992e9da91e85dac1ab735bc9cb21d180314bb732110af8a,commit
email:a2e1ca0fe285a440817e7a2594590ec9f18f47f8c9653346279f33144322e4a5,,Skotch Vail,a2e1ca0fe285a440817e7a2594590ec9f18f47f8c9653346279f33144322e4a5,commit
email:a331df13fc0292eb32a0bee109013c8092fd803413deae001641f28fee2b43f4,,Sara Valderrama,a331df13fc0292eb32a0bee109013c8092fd803413deae001641f28fee2b43f4,commit
email:a36bcbcfb85b4613fc79d3434f8875d5fa68111ba2627f56108570b768585e27,,Jonathan Dann,a36bcbcfb85b4613fc79d3434f8875d5fa68111ba2627f56108570b768585e27,commit
email:a3c43d2395e85f25712f14f49a88f97c0b45061d61f1d4bd8a9c80c8aaeefef6,,Jayme Deffenbaugh,a3c43d2395e85f25712f14f49a88f97c0b45061d61f1d4bd8a9c80c8aaeefef6,commit
email:a3f712dfac19020144d163bcab464d6bfbfc914c402853f208529fa1b9b0e6a8,,littlesome,a3f712dfac19020144d163bcab464d6bfbfc914c402853f208529fa1b9b0e6a8,commit
email:a3ff431d080a25f788f1fa9a8be73c6845678ea14ecc81ce0115bac667c06615,,Eric Lo,a3ff431d080a25f788f1fa9a8be73c6845678ea14ecc81ce0115bac667c06615,commit
email:a436dede5a2e5cb92c7ec380b1a44dd6104effd47532f39b248dadc70b45cc37,,generatedunixname89002005287564,a436dede5a2e5cb92c7ec380b1a44dd6104effd47532f39b248dadc70b45cc37,commit
email:a4579a352f621ed5e2b643f9b0ebcb73ac770ecc10ee1a49ad02ed6a4590742d,,Stephen Cook,a4579a352f621ed5e2b643f9b0ebcb73ac770ecc10ee1a49ad02ed6a4590742d,commit
email:a51537439d77644cce977468a741a02766d8916efb90d345faed2d12c9f7cd7d,,Blair Vanderhoof,a51537439d77644cce977468a741a02766d8916efb90d345faed2d12c9f7cd7d,commit
email:a5a015623436fef54bebf1ecfa77a931bea3ae3afb7b3fcc2fbb8b6b300d9229,,Omar Manjarrez Osornio,a5a015623436fef54bebf1ecfa77a931bea3ae3afb7b3fcc2fbb8b6b300d9229,commit
email:a5a827cf121eeedc6db4fb4cd0062bd33f1bdcd1fcdeede2a047c4a6b016e22d,,Erich Graham,a5a827cf121eeedc6db4fb4cd0062bd33f1bdcd1fcdeede2a047c4a6b016e22d,commit
email:a5f08d30e37194ae9c70fe08703b8e1a26297666131c3112a12e8ecaab4e6a1a,,Artur Chrusciel,a5f08d30e37194ae9c70fe08703b8e1a26297666131c3112a12e8ecaab4e6a1a,commit
email:a6628f5b5d88c3a435c6d30377f7b90e914557ee2f11e6f54b2e2c0ff00a8a67,,Tom Scallon,a6628f5b5d88c3a435c6d30377f7b90e914557ee2f11e6f54b2e2c0ff00a8a67,commit
email:a6bb833e5f6806086cfe9fa156244c05654406194f9acd79dae761fab5a60f47,,TomSwift,a6bb833e5f6806086cfe9fa156244c05654406194f9acd79dae761fab5a60f47,commit
email:a6d73852e5d0e73c13669001519a094ab879e6d57474076a544041bd703ecc44,,Joshua Selbo,a6d73852e5d0e73c13669001519a094ab879e6d57474076a544041bd703ecc44,commit
email:a6db78bfbed582f254fe3558ab8ef5ac2d3f5365b6369a02c01472e74a9fa655,,Vinay Harwani,a6db78bfbed582f254fe3558ab8ef5ac2d3f5365b6369a02c01472e74a9fa655,commit
email:a6e0aaadef40c6925ab673fc06b4938126a8b34d01893976616580688b386f52,,Murilo Araujo,a6e0aaadef40c6925ab673fc06b4938126a8b34d01893976616580688b386f52,commit
email:a70f0044570e49247ca3d65489ab8fb04f3db16506ea09059055af0aa8047d27,,Moses DeJong,a70f0044570e49247ca3d65489ab8fb04f3db16506ea09059055af0aa8047d27,commit
email:a73ca64d4173908f3acfca2ef0c1eba21ab455daea2a1449cf8f187606ac1e86,,gazoudoudou,a73ca64d4173908f3acfca2ef0c1eba21ab455daea2a1449cf8f187606ac1e86,commit
email:a77a5968bbab5873bd5f9d8a691c986d5ee3799d527738cc94fcac232fb82ca4,,Tomas Reimers,a77a5968bbab5873bd5f9d8a691c986d5ee3799d527738cc94fcac232fb82ca4,commit
email:a77fc364142d48ad10071172b0ebf985d73b9da10087dce7d9bb1d2f40db26af,,liangtongchuan,a77fc364142d48ad10071172b0ebf985d73b9da10087dce7d9bb1d2f40db26af,commit
email:a7eb24108568707fe26f896c35298baccfc29e6393498466c722d30e8914f179,,dudeinthemirror,a7eb24108568707fe26f896c35298baccfc29e6393498466c722d30e8914f179,commit
email:a8124c99734cb84b64c0267123a48efe62ed6726c4124362b45f3aa8a9fa0b3c,,Adam King,a8124c99734cb84b64c0267123a48efe62ed6726c4124362b45f3aa8a9fa0b3c,commit
email:a893e9f1f324b815b80804d36b6a04e6dc46db64b7dcf2df36cc8ed1d75135d2,,Rahul Ramachandran,a893e9f1f324b815b80804d36b6a04e6dc46db64b7dcf2df36cc8ed1d75135d2,commit
email:a89512ec809876a763a093788c71fb18af292800efd2336580b6e43ebfa05a7f,,Kureev Alexey,a89512ec809876a763a093788c71fb18af292800efd2336580b6e43ebfa05a7f,commit
email:a8aea352dbf505f7ce995b18faa362891c1bd87cc1fef6415bb0da6996658d8b,,hoxy,a8aea352dbf505f7ce995b18faa362891c1bd87cc1fef6415bb0da6996658d8b,commit
email:a8d15bda97483952aa13d4125151e81ef5d66e4dd8a8f9a5636855b1f7417ff4,,Brandon Withrow,a8d15bda97483952aa13d4125151e81ef5d66e4dd8a8f9a5636855b1f7417ff4,commit
email:a9153e75181fec858df2ebcacfe3d6e34e26534d476fee4c95ea257c1a569137,,BleemIs42,a9153e75181fec858df2ebcacfe3d6e34e26534d476fee4c95ea257c1a569137,commit
email:a92c1e1c638c32a5523110d672ed974b65f2a4de6585ad5f2be99a43e98f5b85,,Rachel Nabors,a92c1e1c638c32a5523110d672ed974b65f2a4de6585ad5f2be99a43e98f5b85,commit
email:a9745769ab0bd778b46a00667035ebc4e4b0d26d68b6d98bc8db164a6d9ad80e,,yinfei,a9745769ab0bd778b46a00667035ebc4e4b0d26d68b6d98bc8db164a6d9ad80e,commit
email:a9be1fe43a7ecadb0d2edce9373c09ef21f0e7033cbfff31ac3bb40a2ae95074,,Erica Klein,a9be1fe43a7ecadb0d2edce9373c09ef21f0e7033cbfff31ac3bb40a2ae95074,commit
email:aa63881aa2fb1a971ed617d685d324d348a296e77439b139b9c30d96452b9462,,Peter Abbondanzo,aa63881aa2fb1a971ed617d685d324d348a296e77439b139b9c30d96452b9462,commit
email:ab0f243193e3213dedad36ba133c7142b61551d2e5f616f8a883f47f2aa21c7b,,Mayank Patke,ab0f243193e3213dedad36ba133c7142b61551d2e5f616f8a883f47f2aa21c7b,commit
email:ab9ead09109105b658434a21e53b682c945c6f8215532751b60204ea8a954719,,Sladyn Nunes,ab9ead09109105b658434a21e53b682c945c6f8215532751b60204ea8a954719,commit
email:abad247f377310c751354f46cd99fdff6ba5e9a098dcfc27a9dccf7e08cafe68,,弘树,abad247f377310c751354f46cd99fdff6ba5e9a098dcfc27a9dccf7e08cafe68,commit
email:ac218d2314f23070f505773780a44f0fbb6c63916e0e75f67dc744ff1eabd0de,,Gregory,ac218d2314f23070f505773780a44f0fbb6c63916e0e75f67dc744ff1eabd0de,commit
email:ac2a6c0b97c18613c0a804a8391b7aeb806d3d88b58191728b70ffa69ed6a2e2,,dhruvtailor7,ac2a6c0b97c18613c0a804a8391b7aeb806d3d88b58191728b70ffa69ed6a2e2,commit
email:ac4ce9dbcca7c6563b9b65d4ca67ca14b4c92c2c485e418f8e280cc3e6827420,,joshua,ac4ce9dbcca7c6563b9b65d4ca67ca14b4c92c2c485e418f8e280cc3e6827420,commit
email:ac73c64aa6ac726087afd8f02976bbd769f8f637c9d660b3509143fe275d0a01,,Eduardo Roman,ac73c64aa6ac726087afd8f02976bbd769f8f637c9d660b3509143fe275d0a01,commit
email:acdd5e8e1853f0f338226d1cffcad65f17b788ffb106866de18297123273d228,,Desmond Ng,acdd5e8e1853f0f338226d1cffcad65f17b788ffb106866de18297123273d228,commit
email:ad278b63654a6babfc4405bceb545696008b86a1951ebf8c0950be0f3e7e797a,,Sung Won Cho,ad278b63654a6babfc4405bceb545696008b86a1951ebf8c0950be0f3e7e797a,commit
email:ad9f05eb2ccb7b625f61134fd7acf6767185850f224f61bfedf9ee56ed61bcbd,,Ben Holcomb,ad9f05eb2ccb7b625f61134fd7acf6767185850f224f61bfedf9ee56ed61bcbd,commit
email:adf3d66004b16d43aa2131aa8fec5cad7cdcb08aaaa131035af19476120b1674,,Caleb Meredith,adf3d66004b16d43aa2131aa8fec5cad7cdcb08aaaa131035af19476120b1674,commit
email:ae022e33d458f351f9b9dc2f62eab3901ef19f98b00b29787e69462d717385a2,,Rachit Mishra,ae022e33d458f351f9b9dc2f62eab3901ef19f98b00b29787e69462d717385a2,commit
email:ae1036fbdba51e319ddcdf4f4915d366a59bda9530f4618adf1b216b06c2760d,,Ersan Kavafoglu,ae1036fbdba51e319ddcdf4f4915d366a59bda9530f4618adf1b216b06c2760d,commit
email:ae13fd105d0c11da049774aa744d22bfe087295e9ff330fcbe824984ee2e86cf,,Uladzislau Paulovich,ae13fd105d0c11da049774aa744d22bfe087295e9ff330fcbe824984ee2e86cf,commit
email:ae73c15ba0efd1a63b2957b5be713237e0be9f024c3f8fb001785fcb6db7512a,,tantan,ae73c15ba0efd1a63b2957b5be713237e0be9f024c3f8fb001785fcb6db7512a,commit
email:ae967a644964f39782ad32979f6b60c287a1fd1b194ed3bec642ba80f69fbfcc,,KhietVo-AgilityIO,ae967a644964f39782ad32979f6b60c287a1fd1b194ed3bec642ba80f69fbfcc,commit
email:aecd1862fb3285ca56cbb86630f7a1fd7b28a98cf4f1a26edf4d412426699f85,,Taylor Kline,aecd1862fb3285ca56cbb86630f7a1fd7b28a98cf4f1a26edf4d412426699f85,commit
email:afcaabab416c4aee11ab315c8a08a17946a75b06313efc1bf6d9ad023fcdf9c8,,Kevin Lacker,afcaabab416c4aee11ab315c8a08a17946a75b06313efc1bf6d9ad023fcdf9c8,commit
email:afea34bd04fe215306e21dbe5988a9c1b44eb6f3232a2275bc4d5ffe2891935d,,Jonathan Lehman,afea34bd04fe215306e21dbe5988a9c1b44eb6f3232a2275bc4d5ffe2891935d,commit
email:b010174504eeb120b3c259cb384ba19581ad99e33c2038a4f9bf551aa4e3b5cb,,Liubov Zvereva,b010174504eeb120b3c259cb384ba19581ad99e33c2038a4f9bf551aa4e3b5cb,commit
email:b043be8f3b1a452e94d176d42c8b5946486bcacdc9673fca7f5e91c4dfbdddd6,,Blair Vanderhoof,b043be8f3b1a452e94d176d42c8b5946486bcacdc9673fca7f5e91c4dfbdddd6,commit
email:b06700f1c0aa92bf2f49302c723ace3c49f19d5803420eec6d4f1bbe0d46d37b,,Jia Li,b06700f1c0aa92bf2f49302c723ace3c49f19d5803420eec6d4f1bbe0d46d37b,commit
email:b0682584d88fdce91b3d117dde46d468664cecf8345757467bee2d5dc5df943f,,Riku Ayanokoji,b0682584d88fdce91b3d117dde46d468664cecf8345757467bee2d5dc5df943f,commit
email:b0b1b6dfcbefb04fd7b55d1ec8279e6fe9b7d066b96670fcdfb0cea51301944a,,ios122,b0b1b6dfcbefb04fd7b55d1ec8279e6fe9b7d066b96670fcdfb0cea51301944a,commit
email:b11fe8c491db03256ccd9e48bcc3bf5ce1bf480282ea8b33451f6a6ab3d4eb69,,Yuanda Tang,b11fe8c491db03256ccd9e48bcc3bf5ce1bf480282ea8b33451f6a6ab3d4eb69,commit
email:b16229331703022614806c0a1aa7403841cca0043aefeddbb25396991867e4e2,,Hans Halverson,b16229331703022614806c0a1aa7403841cca0043aefeddbb25396991867e4e2,commit
email:b18a8b260689af4ecdf27a2ef0ea46483e609bb1a843d142ada6156f5f254760,,Kip Ricker,b18a8b260689af4ecdf27a2ef0ea46483e609bb1a843d142ada6156f5f254760,commit
email:b1c764aea86e44d7c39161adf58353cf01b86683c3407db1bef4e64d63ad6759,,Cody Pizzaia,b1c764aea86e44d7c39161adf58353cf01b86683c3407db1bef4e64d63ad6759,commit
email:b1fe5f5555c15ac9ec08e37c6d705cdc75d7db67bb7da3e8119048c5e18266b5,,Vladislav Alexeev,b1fe5f5555c15ac9ec08e37c6d705cdc75d7db67bb7da3e8119048c5e18266b5,commit
email:b211b1afcd7f14c6a84ec02a203785ae4ecfd30f4dca1abc1c70fdc26f5612a4,,Arsen Ghazaryan,b211b1afcd7f14c6a84ec02a203785ae4ecfd30f4dca1abc1c70fdc26f5612a4,commit
email:b21ac6ee5139cd18969217e15e62782720b688f4b86ce3a728eaa38d429afa8e,,Pavol Fulop,b21ac6ee5139cd18969217e15e62782720b688f4b86ce3a728eaa38d429afa8e,commit
email:b2924f2d5b632f9b167479c64daa47e96ca16cd8b8d88a04ae85b039c23d0882,,Moses Gunesch,b2924f2d5b632f9b167479c64daa47e96ca16cd8b8d88a04ae85b039c23d0882,commit
email:b2f0d4d57e8aa7a8e7d884401f72ef82e41f7a405333b42c5e5b48bc0632aba7,,Ritesh Shukla,b2f0d4d57e8aa7a8e7d884401f72ef82e41f7a405333b42c5e5b48bc0632aba7,commit
email:b314e76ae57e76942a6c93dd58a0cf1566712e438d3ced582313a0df9b0c69a4,,Alexander Vasyuk,b314e76ae57e76942a6c93dd58a0cf1566712e438d3ced582313a0df9b0c69a4,commit
email:b32d0acc208faffd87bb5e4fc0a898bf168245e41a6085a1098ecf5a9dd353db,,Jeremy Wyld,b32d0acc208faffd87bb5e4fc0a898bf168245e41a6085a1098ecf5a9dd353db,commit
email:b357fb949c6f625e95998ceeff4bd478d617ef2ae6f559ae44e35ceb24803eaf,,Bram,b357fb949c6f625e95998ceeff4bd478d617ef2ae6f559ae44e35ceb24803eaf,commit
email:b377f123058da0e4d458f275dd60bb9b1f4d8e14328317b73bc38f404b43ce75,,Dmytro Kasianchuk,b377f123058da0e4d458f275dd60bb9b1f4d8e14328317b73bc38f404b43ce75,commit
email:b378cf66fe145d40ad0c11eb9fc034fcdb76f4a2c513bfda0f0f42f9fd282330,,Keith Brown,b378cf66fe145d40ad0c11eb9fc034fcdb76f4a2c513bfda0f0f42f9fd282330,commit
email:b41f579b56e4c885c303855428cc486d9a2ab982b7ddc84bce90b6fa7f091678,,Skander Ellouze,b41f579b56e4c885c303855428cc486d9a2ab982b7ddc84bce90b6fa7f091678,commit
email:b4393cf9887489f601344f3c1fc42eb9327d7990e0695b72c0f04de1bec8cfd3,,Kevin Stumpf,b4393cf9887489f601344f3c1fc42eb9327d7990e0695b72c0f04de1bec8cfd3,commit
email:b45c1be583023031641772646c76287de3af46de6647c5e0dafb6fa8c3a6d598,,邓国梁,b45c1be583023031641772646c76287de3af46de6647c5e0dafb6fa8c3a6d598,commit
email:b4a6634cd9f683c4bd4de6b26f1f74de978e714e2d7ebf731cdaa53ca5a41179,,Chang Yan,b4a6634cd9f683c4bd4de6b26f1f74de978e714e2d7ebf731cdaa53ca5a41179,commit
email:b4aad052bd515d1bc8e152ba3fdf876f15e9f382ed3d1f967767df490068dc3a,,Niklas Lindroos,b4aad052bd515d1bc8e152ba3fdf876f15e9f382ed3d1f967767df490068dc3a,commit
email:b4c5bb45f233117e5372fbb71e4adcfbde3e47e9cc0e72dc148b50cd56c531b3,,George Xu,b4c5bb45f233117e5372fbb71e4adcfbde3e47e9cc0e72dc148b50cd56c531b3,commit
email:b4f13ab73953a447499650123d1deebbe06a71ef06b460a079352259bf470af3,,Vineeth K,b4f13ab73953a447499650123d1deebbe06a71ef06b460a079352259bf470af3,commit
email:b559bb7bb0f5fff9d23d7f12bc2f9970fefa9929925a569a3194017fb58f3a53,,Patrik Tomas Chamelo,b559bb7bb0f5fff9d23d7f12bc2f9970fefa9929925a569a3194017fb58f3a53,commit
email:b5766fd1a6d31e95b497a01950820830c15b189df78c2cfdbbb2af468ce893ce,,Basil Hosmer,b5766fd1a6d31e95b497a01950820830c15b189df78c2cfdbbb2af468ce893ce,commit
email:b580baca2cb3a7155b9c38515437e3e285e2de227272bc4d868eb21f686a7ef1,,Dmitri Svetlanov,b580baca2cb3a7155b9c38515437e3e285e2de227272bc4d868eb21f686a7ef1,commit
email:b5d89a04aba255f9a74af71c1e7c7f2d21f56fa95658c8fa6a5eeaa5bdeb4884,,Shuhao Zhang,b5d89a04aba255f9a74af71c1e7c7f2d21f56fa95658c8fa6a5eeaa5bdeb4884,commit
email:b664051fc09e7045c5e9ab1e643a4d2244242d9e923420dabae0ce19d23ad9a7,,zongjingyao,b664051fc09e7045c5e9ab1e643a4d2244242d9e923420dabae0ce19d23ad9a7,commit
email:b68cc440fd6c6e0623025bc6ec44cbd088d7091c7022f416808cedb4d22ea30a,,Burak Yigit Kaya,b68cc440fd6c6e0623025bc6ec44cbd088d7091c7022f416808cedb4d22ea30a,commit
email:b6aa26863ef3722bcae98b210793c58f118cdaec5fcd11a85a260142a8561493,,Saad Ismail,b6aa26863ef3722bcae98b210793c58f118cdaec5fcd11a85a260142a8561493,commit
email:b6c983b3e4cf7bd265777cc84da29cf761839b0ddb150b2cd230ca9a546b1f86,,Wenting Hu,b6c983b3e4cf7bd265777cc84da29cf761839b0ddb150b2cd230ca9a546b1f86,commit
email:b6dca5e2fc5820bbcc1e8c58f8417b7178544adba77b642875a28421d4924613,,Alper Cugun,b6dca5e2fc5820bbcc1e8c58f8417b7178544adba77b642875a28421d4924613,commit
email:b6e40b21aeaf1a15007f4124b16ec3395c5b195960e439bd89d83db730877f08,,William Liu,b6e40b21aeaf1a15007f4124b16ec3395c5b195960e439bd89d83db730877f08,commit
email:b6f859809a3275b86dd170976a70f6c9d3554424ee12338d1f8420a21adb5186,,Sandeep Raghunandhan,b6f859809a3275b86dd170976a70f6c9d3554424ee12338d1f8420a21adb5186,commit
email:b80e3fab7b6a523a7a7da005c15d7b5729a8b9e68313361c4f24ec069086c771,,Keion Anvaripour,b80e3fab7b6a523a7a7da005c15d7b5729a8b9e68313361c4f24ec069086c771,commit
email:b841ae66238637b0ab519c6e6db01fc0d71111759155082cf01d3f5bf336f3df,,Chris Zheng,b841ae66238637b0ab519c6e6db01fc0d71111759155082cf01d3f5bf336f3df,commit
email:b86487a7f6ea46e7fee5ebe40242fc0f89e5bf95a65ea1e774b3529f943d27e8,,Dexter,b86487a7f6ea46e7fee5ebe40242fc0f89e5bf95a65ea1e774b3529f943d27e8,commit
email:b8c654b60160053922b7447bd7598465f9bf9db175848ba18804e009fb6f048d,,Pavlos Vinieratos,b8c654b60160053922b7447bd7598465f9bf9db175848ba18804e009fb6f048d,commit
email:b9040dae33323a4f1e7a8f3a5c704bc3aa536a95dc07579239d4c66968a8115f,,ArthurAssuncao,b9040dae33323a4f1e7a8f3a5c704bc3aa536a95dc07579239d4c66968a8115f,commit
email:b922498d8296f32587392419d48c4701779bc554baa8f1cd628930a1cce2df60,,Mitch Powell,b922498d8296f32587392419d48c4701779bc554baa8f1cd628930a1cce2df60,commit
email:b97146c8bc50a9ed91b1e59d8f366bf5c3497e38447e099ef191834c4dfebf35,,Ian Hill,b97146c8bc50a9ed91b1e59d8f366bf5c3497e38447e099ef191834c4dfebf35,commit
email:b98b91dc4ef95ff7b5f689f5076388fc9922144e8b13e9db76360e44ca5f3086,,Will Anderson,b98b91dc4ef95ff7b5f689f5076388fc9922144e8b13e9db76360e44ca5f3086,commit
email:b9a47e92e4025883bc216570005d8670cecd38222ebb2bc2b8f6c87f1c03f65d,,Amir Sharif,b9a47e92e4025883bc216570005d8670cecd38222ebb2bc2b8f6c87f1c03f65d,commit
email:b9aa0977424c7b91e685a8a15d4c2e1d5c972ac81f8b25d9ffd50225aa3546a3,,Artem Egorov,b9aa0977424c7b91e685a8a15d4c2e1d5c972ac81f8b25d9ffd50225aa3546a3,commit
email:b9b264c28a7c3d14122c821f8bd99130a34605548c642fe76b724dc7527e99d7,,Jimmy Lai,b9b264c28a7c3d14122c821f8bd99130a34605548c642fe76b724dc7527e99d7,commit
email:b9e750f442b8c2519828071ba8c74a902bb7b7609f3c03af5c8a10f91ed6b7a4,,Beáta Brassai,b9e750f442b8c2519828071ba8c74a902bb7b7609f3c03af5c8a10f91ed6b7a4,commit
email:b9e75aaf2de930e9fa5358715b99783346e8e761c34818627d0118cdee8b7a1d,,Atharv Soni,b9e75aaf2de930e9fa5358715b99783346e8e761c34818627d0118cdee8b7a1d,commit
email:ba910c20e1edb4e6d6c9776909f3fa576bdcc8540cdefe240acbafeb6c9b91a7,,Jacob Thornton,ba910c20e1edb4e6d6c9776909f3fa576bdcc8540cdefe240acbafeb6c9b91a7,commit
email:bb2f47473350512b3e213abe692e3a8161b18fc87e76e6996255c2e8a0291dd3,,Xixi Liran,bb2f47473350512b3e213abe692e3a8161b18fc87e76e6996255c2e8a0291dd3,commit
email:bbcc960b0b0fe03822118a746c8164a296c229729a96da13fff84ad982a07752,,Tom Cheung,bbcc960b0b0fe03822118a746c8164a296c229729a96da13fff84ad982a07752,commit
email:bc7785b036bb432c883ec8705d1d57d61d99ab783e30d26ef634ca6e16bb0352,,Matej Hamas,bc7785b036bb432c883ec8705d1d57d61d99ab783e30d26ef634ca6e16bb0352,commit
email:bcc7669af87461d43e05034aa2363580e297707190ae208f05467234fd795842,,Marc Shilling,bcc7669af87461d43e05034aa2363580e297707190ae208f05467234fd795842,commit
email:bd6af729df6a38c26cc338dc65e72971d905c0aa4be25ea59753886faa563d46,,Vijay Ramamurthy,bd6af729df6a38c26cc338dc65e72971d905c0aa4be25ea59753886faa563d46,commit
email:bd7c0dd5df58e1ef4e2b239f8d4de37d9f353422f69af9deff236e068d3ca6cf,,Morgan Pretty,bd7c0dd5df58e1ef4e2b239f8d4de37d9f353422f69af9deff236e068d3ca6cf,commit
email:bda15c16a5a5852e6f18585e121b352aba10d798175dbab9d4365f3c9209ed6e,,Eric Czarny,bda15c16a5a5852e6f18585e121b352aba10d798175dbab9d4365f3c9209ed6e,commit
email:bda89e53bf37070b6faee5048d0985c52be702003c782ea4d5de0b9b575a7ced,,Steffen Matthischke,bda89e53bf37070b6faee5048d0985c52be702003c782ea4d5de0b9b575a7ced,commit
email:bdb40e2ea183376637898615ec01a7dbf44aaf0d903b8cdbf700fcdd0da8b80c,,Rui Chen,bdb40e2ea183376637898615ec01a7dbf44aaf0d903b8cdbf700fcdd0da8b80c,commit
email:be7dedd52cd1bfb6fcc37268d9b1b540a25c424ba2f769de673d574b591d7501,,Fabrizio Cucci,be7dedd52cd1bfb6fcc37268d9b1b540a25c424ba2f769de673d574b591d7501,commit
email:bec032318991787bd504cd5f1271135117f01d8f1ca25e35b069b0077db0ce39,,Rachel Nabors,bec032318991787bd504cd5f1271135117f01d8f1ca25e35b069b0077db0ce39,commit
email:beddcbbd6508f9ab08bf36dfd03fc25b67cc9066744aaf4f10c8cdcd350b9d19,,Riley Berton,beddcbbd6508f9ab08bf36dfd03fc25b67cc9066744aaf4f10c8cdcd350b9d19,commit
email:beddff3cd47f774fbfe8399a8bf70dd2b649c927cb48a8443a70565224a6b374,,Huang Yu,beddff3cd47f774fbfe8399a8bf70dd2b649c927cb48a8443a70565224a6b374,commit
email:bf5751d4e084711dc83b43a0227e10344dfce9ed4bba6eb6a86edb1e94dd3cb3,,Horcrux,bf5751d4e084711dc83b43a0227e10344dfce9ed4bba6eb6a86edb1e94dd3cb3,commit
email:bfa7ecab4af066f703ad5d8351e6b3d03ab63f70d6af5c36ffc52b220804b5f2,,Jon Reid,bfa7ecab4af066f703ad5d8351e6b3d03ab63f70d6af5c36ffc52b220804b5f2,commit
email:bfde1e20aa7f69f379550c21ac8cbf6900dedb2a0ee8079d0542968fbf8b7f36,,Umair Ansari,bfde1e20aa7f69f379550c21ac8cbf6900dedb2a0ee8079d0542968fbf8b7f36,commit
email:c033ac262e7152e585263f15d57490443bb0226f30e891570d882e2f159b0cad,,Juan Penaloza,c033ac262e7152e585263f15d57490443bb0226f30e891570d882e2f159b0cad,commit
email:c0a2cc804d202962d6d4709810020d600e8ab50d2ee4e198a00c509fa8524390,,Ben Blackburne,c0a2cc804d202962d6d4709810020d600e8ab50d2ee4e198a00c509fa8524390,commit
email:c15505dca85cceb60977bb7d953c336af83a98e695a14727eb066cc5c9852d1a,,David Anderson,c15505dca85cceb60977bb7d953c336af83a98e695a14727eb066cc5c9852d1a,commit
email:c15eeb034b1cbaf3bfc227094f626197a7c5a03ee6fc93694dd027c8e5b8b580,,Viresh Umbre,c15eeb034b1cbaf3bfc227094f626197a7c5a03ee6fc93694dd027c8e5b8b580,commit
email:c1a0caead2c67b1e4be124f32be55b2a6d5b0777c3e0eed56fe681cb259b4f05,,Archit Pal Singh Sachdeva,c1a0caead2c67b1e4be124f32be55b2a6d5b0777c3e0eed56fe681cb259b4f05,commit
email:c1c69c43b794f324abb5f0c2cade697cdc381c187afa834911e91e8731aa7b91,,Maria Mateescu,c1c69c43b794f324abb5f0c2cade697cdc381c187afa834911e91e8731aa7b91,commit
email:c2152ec02770232ed0cda4422a910bd07fbc068637aa531584ce3d73c68808a9,,Chenglin Liu,c2152ec02770232ed0cda4422a910bd07fbc068637aa531584ce3d73c68808a9,commit
email:c21b84e32715afa7c600f89c2d8cc71e91d3ffcf920961971ca7b3185a501e65,,Christopher Jones,c21b84e32715afa7c600f89c2d8cc71e91d3ffcf920961971ca7b3185a501e65,commit
email:c2281175372be2d0d3355eac6c32f3c6c5f476cf52f75ee5416f65e35fe1000d,,Daniel Levitt,c2281175372be2d0d3355eac6c32f3c6c5f476cf52f75ee5416f65e35fe1000d,commit
email:c231299cc7fa08a55eafcedaf55692aec82d11c3a5664e04e0aa588073d099a4,,Amir Rosenfeld,c231299cc7fa08a55eafcedaf55692aec82d11c3a5664e04e0aa588073d099a4,commit
email:c248963ead57fe99789b0437a9abcd1989a970711c111442cec1e63c175d9144,,Ats Jenk,c248963ead57fe99789b0437a9abcd1989a970711c111442cec1e63c175d9144,commit
email:c2621426152fc9a90d147f50013df31f5341ebccee66914da5055cf360466971,,Mark Bridges,c2621426152fc9a90d147f50013df31f5341ebccee66914da5055cf360466971,commit
email:c2cc7924081447691d23fec26013b5b076469392971d63414e44c43f95bf168f,,Jarvis Luong,c2cc7924081447691d23fec26013b5b076469392971d63414e44c43f95bf168f,commit
email:c315181156df1fe8c1c948180eccea2fe35b2433f91658364d9ca5473c257dd9,,Donald Webster,c315181156df1fe8c1c948180eccea2fe35b2433f91658364d9ca5473c257dd9,commit
email:c356e7d34af4459d5b33d381ab66b7f985874d6024836b89673791d5671a2ed3,,Björn Pötzschke,c356e7d34af4459d5b33d381ab66b7f985874d6024836b89673791d5671a2ed3,commit
email:c36e8fc6b0ab352a68e5d029c073a1662d2d7fb225b30ba869178ad068abe2c3,,Alex Liang,c36e8fc6b0ab352a68e5d029c073a1662d2d7fb225b30ba869178ad068abe2c3,commit
email:c3715850832bd596c0fcf15bc2be809ea97e542a29fb2961d0132ab4d9860816,,Andrei Shikov,c3715850832bd596c0fcf15bc2be809ea97e542a29fb2961d0132ab4d9860816,commit
email:c38590170876b7087620ccfb9167a9bc2fce57244d82c7bee13fa22afd8dd062,,Kexi Long,c38590170876b7087620ccfb9167a9bc2fce57244d82c7bee13fa22afd8dd062,commit
email:c3c24ba060333ca10ec0ca4b8502aab5aa84a460d19a61a0ea4ddcf79da2378f,,Huzaifa,c3c24ba060333ca10ec0ca4b8502aab5aa84a460d19a61a0ea4ddcf79da2378f,commit
email:c3dceab5b9b75f2d06c068bfa2567082ba854aadbf8f5a3a53292d52770b6dff,,Nate Stedman,c3dceab5b9b75f2d06c068bfa2567082ba854aadbf8f5a3a53292d52770b6dff,commit
email:c3fb7f4d9bb5635f82e18fcef5ec7d93275b06392fbbf3407c885ce36fc3b964,,Owen Coutts,c3fb7f4d9bb5635f82e18fcef5ec7d93275b06392fbbf3407c885ce36fc3b964,commit
email:c40283b15fb89518d2c86a171dca0856aa6850db34339bc538c5240432768c43,,Erik Poort,c40283b15fb89518d2c86a171dca0856aa6850db34339bc538c5240432768c43,commit
email:c453da285ca3686af9475b99fa3e5d2daf0d41fed1fc9f1e012660f7ded61371,,Yamill Vallecillo,c453da285ca3686af9475b99fa3e5d2daf0d41fed1fc9f1e012660f7ded61371,commit
email:c474046770f963fc40e021c91dcc14bdb76121e3d1fb0d9f82e9d89c3905f383,,Xiaoyu Yin,c474046770f963fc40e021c91dcc14bdb76121e3d1fb0d9f82e9d89c3905f383,commit
email:c4a7752c3803a12f347b25fde1a3b27d25409fe29082d3bd768c767a38140241,,Joey Jiron,c4a7752c3803a12f347b25fde1a3b27d25409fe29082d3bd768c767a38140241,commit
email:c4bc7d30a4c125fe7eaed0d32c5397f3a24001b9a44f4b7d857c5d8411c0e9ea,,Edwin,c4bc7d30a4c125fe7eaed0d32c5397f3a24001b9a44f4b7d857c5d8411c0e9ea,commit
email:c4ddec0eee3de88f6cbd3cde9f9ce18a0bfdd5f2bb5f7e247d2ffeda2ae97bb2,,Sakari Tuominen,c4ddec0eee3de88f6cbd3cde9f9ce18a0bfdd5f2bb5f7e247d2ffeda2ae97bb2,commit
email:c4f756694cfe5d37d4e18ed45496c6190d19d25f3f3641260a0c91265c31e596,,Alejandro Ruperez,c4f756694cfe5d37d4e18ed45496c6190d19d25f3f3641260a0c91265c31e596,commit
email:c5003d37c25b54cac0fd172449988395f3994fd6c2b7df3ed2597d9f22416e83,,generatedunixname1989957395264781,c5003d37c25b54cac0fd172449988395f3994fd6c2b7df3ed2597d9f22416e83,commit
email:c542b6712133b3fef08b2893aa848abaf0bd15bb781da96fd7c7ed45a8aa38ab,,Florian Schoellhammer,c542b6712133b3fef08b2893aa848abaf0bd15bb781da96fd7c7ed45a8aa38ab,commit
email:c576221feb2ae513b93e2e0b4b2abfaf4f9e87ebd8d2d004d7e4de1ab49c2ef4,,huangqi03,c576221feb2ae513b93e2e0b4b2abfaf4f9e87ebd8d2d004d7e4de1ab49c2ef4,commit
email:c5986f037b363ceab9f6cb0af460bab39b48a533cae978f864df347dfab401a1,,Christian Ruink,c5986f037b363ceab9f6cb0af460bab39b48a533cae978f864df347dfab401a1,commit
email:c5d20acb471710252b6e3d5ce1a6d357e366eb5bb3f1233f55d3ed42eeb56567,,Zack Gomez,c5d20acb471710252b6e3d5ce1a6d357e366eb5bb3f1233f55d3ed42eeb56567,commit
email:c5d7f4ab7084d5352f805ebff5fa97fbdf7ac1ab084ab5e6bd4edc5d42c7cc52,,jodeppo,c5d7f4ab7084d5352f805ebff5fa97fbdf7ac1ab084ab5e6bd4edc5d42c7cc52,commit
email:c661b7592f7902cecd560706c14965aa97530244d2a05e5286e63753fa30c44e,,Alexander Mykolaichuk,c661b7592f7902cecd560706c14965aa97530244d2a05e5286e63753fa30c44e,commit
email:c6a5dd28d5b27a762eca21bcae70851a3722592332709807c57c3fc82ea2ca2e,,Max Polevy,c6a5dd28d5b27a762eca21bcae70851a3722592332709807c57c3fc82ea2ca2e,commit
email:c6c348e6929fda0f77564e4e8fb3d3d3febb202e04b7675fd1ebd374f28e1a13,,Matt Apperson,c6c348e6929fda0f77564e4e8fb3d3d3febb202e04b7675fd1ebd374f28e1a13,commit
email:c7aaca64676f958a4006fab8f05a59ca302ed1823b764aa7bba982decf256f96,,Lynden Kuwada,c7aaca64676f958a4006fab8f05a59ca302ed1823b764aa7bba982decf256f96,commit
email:c7b952d209f47804fcef75503764f703aeefab9a1e58007522f041a28b783e87,,Andrew Krieger,c7b952d209f47804fcef75503764f703aeefab9a1e58007522f041a28b783e87,commit
email:c7c1774c2b01bf241f5bf4a729a7c443aa283234271111036709bbe3d5b27f0d,,Owen Kelly,c7c1774c2b01bf241f5bf4a729a7c443aa283234271111036709bbe3d5b27f0d,commit
email:c7da7e061c079c06a8ac36780b64d455a462497980e9d9a42cf4c47b7f24e86a,,hotchemi,c7da7e061c079c06a8ac36780b64d455a462497980e9d9a42cf4c47b7f24e86a,commit
email:c84f7ad25e69e904ad9be226206103c507a731454a71514a7797cdd36b391056,,Chang Hua,c84f7ad25e69e904ad9be226206103c507a731454a71514a7797cdd36b391056,commit
email:c869aac504c112cde40e40b9c806468f1999381e9f779430998ea58b8e3d88d8,,Miguel Alatzar,c869aac504c112cde40e40b9c806468f1999381e9f779430998ea58b8e3d88d8,commit
email:c8ca2d57cec78daa0483716b4f04c926a2abba19fdd1d20e8e388da7724f70b7,,Aaron Chiu,c8ca2d57cec78daa0483716b4f04c926a2abba19fdd1d20e8e388da7724f70b7,commit
email:c8dbaba6afdac43747fffda8ec373c4dab1b71dd61358af940bb77269672a156,,Martin Konicek,c8dbaba6afdac43747fffda8ec373c4dab1b71dd61358af940bb77269672a156,commit
email:c9763576b56d4b1b764f6be2c2dbb4f0b94ebbc30abefc42eae5041e22a08df1,,Shane Rogers,c9763576b56d4b1b764f6be2c2dbb4f0b94ebbc30abefc42eae5041e22a08df1,commit
email:ca46f1404c5d2f4639ae8ae0e67e967b1fab3756165b68918d91892a1f22d816,,Chris Lewis,ca46f1404c5d2f4639ae8ae0e67e967b1fab3756165b68918d91892a1f22d816,commit
email:cb58de96ab54c48cbe2bb63c33bc28d230c0acd3111a32c3bff8ecd63571ae31,,Ruslan Serebriakov,cb58de96ab54c48cbe2bb63c33bc28d230c0acd3111a32c3bff8ecd63571ae31,commit
email:cb8e83cb06df04300350585934ddb41b072ef7a27acdd77397708ab5562722da,,Neha Gupta,cb8e83cb06df04300350585934ddb41b072ef7a27acdd77397708ab5562722da,commit
email:cc2ee4c7e0402fb12e148863891f6c44a5e8f34fc5542eb592a21979fb95f84f,,Digidemon Solutions,cc2ee4c7e0402fb12e148863891f6c44a5e8f34fc5542eb592a21979fb95f84f,commit
email:cc95d27ddf4570d159bd5ff294d4e300f4e271e5328fcb147aed5e1a681572f6,,Kathy Gray,cc95d27ddf4570d159bd5ff294d4e300f4e271e5328fcb147aed5e1a681572f6,commit
email:ccf8d1a6981da9dc83d8a6897d6802285f096211fa6a4099753200353bb70356,,Jimmy Zhuang,ccf8d1a6981da9dc83d8a6897d6802285f096211fa6a4099753200353bb70356,commit
email:cd378d328a86429ddeeb2fdfbe2770f1252c35625a5052254e23ce4013d08b66,,Simon Jensen,cd378d328a86429ddeeb2fdfbe2770f1252c35625a5052254e23ce4013d08b66,commit
email:cd586af7c24ab1f823ef121d36fb6bc78c910cf929c8cce1e8443dc4aef15e7f,,Marcus do Nascimento,cd586af7c24ab1f823ef121d36fb6bc78c910cf929c8cce1e8443dc4aef15e7f,commit
email:cda259998b86202bd1cd7d804e07bdb59c2c0dafd8bd34e9be76252b011d307c,,Adam Cmiel,cda259998b86202bd1cd7d804e07bdb59c2c0dafd8bd34e9be76252b011d307c,commit
email:ce12e58add586cc58ccfd9bbf6fb03e15590595a96d19fd421f2c55c456e372d,,Mihai Giurgeanu,ce12e58add586cc58ccfd9bbf6fb03e15590595a96d19fd421f2c55c456e372d,commit
email:ce1cf0d5cb48111634db8a6b509e86c6531bb1371cd97e4b3918f6a53987cd2c,,Oleg Kot,ce1cf0d5cb48111634db8a6b509e86c6531bb1371cd97e4b3918f6a53987cd2c,commit
email:ce37117e45bbf32b0756daa5d0501051d1781fd5df8c12a8ac5708ae234eaa73,,Gianni Moschini,ce37117e45bbf32b0756daa5d0501051d1781fd5df8c12a8ac5708ae234eaa73,commit
email:ce9ca29b56435f16712525bdf8349cc0134cba602f2e5a5ce431c5fdbb42c435,,Nick Eddy,ce9ca29b56435f16712525bdf8349cc0134cba602f2e5a5ce431c5fdbb42c435,commit
email:cee5699714fc9e96a62b2c47b9a9112479f7e6d9ca0df72737e73a6bb3cb82fc,,Wietse Venema,cee5699714fc9e96a62b2c47b9a9112479f7e6d9ca0df72737e73a6bb3cb82fc,commit
email:cf0f646d5437fb5d679946459d8eb6b1128cb9aacac99e84eacdc3fe5293a622,,Charles Marsh,cf0f646d5437fb5d679946459d8eb6b1128cb9aacac99e84eacdc3fe5293a622,commit
email:cf1bbe20dadff38e3094f61bbc17c50a0a1712c4a3967a23d6e75ea93bec9349,,Yan Zhang,cf1bbe20dadff38e3094f61bbc17c50a0a1712c4a3967a23d6e75ea93bec9349,commit
email:cfcf6cd6fef37da6195b979638758a3c99eb1f6a29b62ec556af1eba6e92d217,,Pedro Madruga,cfcf6cd6fef37da6195b979638758a3c99eb1f6a29b62ec556af1eba6e92d217,commit
email:cfd84350e03d020976dcbc6e3a803084eff38c9d38ae916095ca3aba337d081e,,Kang Zhang,cfd84350e03d020976dcbc6e3a803084eff38c9d38ae916095ca3aba337d081e,commit
email:d0337b8d260bdaa0bf05b2146184922b5e7ffc7ee6b1da996cf9994369087b2e,,Flavio Li Volsi,d0337b8d260bdaa0bf05b2146184922b5e7ffc7ee6b1da996cf9994369087b2e,commit
email:d06a64c333c1125e5ea2b8c074f76786840372ae480513d46519fb0be0c8fab6,,Peter Argany,d06a64c333c1125e5ea2b8c074f76786840372ae480513d46519fb0be0c8fab6,commit
email:d0b01644a6417504d7dfdac75ea33609334adde5c458f58578f503c34418d118,,Faraz Sherwani,d0b01644a6417504d7dfdac75ea33609334adde5c458f58578f503c34418d118,commit
email:d0d78cc4aee9e2c8477e87f4babd311eaf76f8aec04de23a75b0406b93773513,,Bret Johnson,d0d78cc4aee9e2c8477e87f4babd311eaf76f8aec04de23a75b0406b93773513,commit
email:d0fc5dae0183bba7feb7ba56e211894011adcd073bf926ba4d5e89e9008a0185,,dattc2,d0fc5dae0183bba7feb7ba56e211894011adcd073bf926ba4d5e89e9008a0185,commit
email:d114a6afba586f76831decda914bd25c121cff79580a37194a7c1f7e9f9e1e5b,,Dmitry Zakharov,d114a6afba586f76831decda914bd25c121cff79580a37194a7c1f7e9f9e1e5b,commit
email:d1a8e200df9ff82146605214ae2ab9de0e3e12cb4e303af5fcf84d3516743e91,,flowkraD,d1a8e200df9ff82146605214ae2ab9de0e3e12cb4e303af5fcf84d3516743e91,commit
email:d234dab7db79e1907556fafc066f2ac2485b03ed184acc8b2729a3b373686951,,Xinbo Wang,d234dab7db79e1907556fafc066f2ac2485b03ed184acc8b2729a3b373686951,commit
email:d24fbb8c8600b62e5be894163d9a7a8fbfc60282d0662f04dedb64590a7ae148,,Andrew Tokarev,d24fbb8c8600b62e5be894163d9a7a8fbfc60282d0662f04dedb64590a7ae148,commit
email:d25417fb9626e11d932870378405e940cf6a78a3fa5d347b17f20a1bfd528485,,Owen Auch,d25417fb9626e11d932870378405e940cf6a78a3fa5d347b17f20a1bfd528485,commit
email:d338b965989e519c83b62f308319ae993ed346085efda3e2296978d3db40cc74,,Jonathan Lawlor,d338b965989e519c83b62f308319ae993ed346085efda3e2296978d3db40cc74,commit
email:d37deb61051ed935b404d5ea048fdfa5f40084e970c4b28984068835a87debc1,,Nathan Spaun,d37deb61051ed935b404d5ea048fdfa5f40084e970c4b28984068835a87debc1,commit
email:d38727c20dde80e0046d27959a1df55755fb50ca02f3d5a72616d45165da68c0,,Daniel Sainati,d38727c20dde80e0046d27959a1df55755fb50ca02f3d5a72616d45165da68c0,commit
email:d3b38fca39c77251984ca644d7a8dd9cfbf883874255f277e4e8423796c265cc,,Abhijit Nukalapati,d3b38fca39c77251984ca644d7a8dd9cfbf883874255f277e4e8423796c265cc,commit
email:d3d6a1915e9f2143e78eb8424c7df09c0ef3becad4097fdac3c9a59f0a7ca855,,Daniel Farrell,d3d6a1915e9f2143e78eb8424c7df09c0ef3becad4097fdac3c9a59f0a7ca855,commit
email:d443ebe8cc61b0712afa90818d963ea83ea7a2643cc782d0907ffec884f898db,,DengYun,d443ebe8cc61b0712afa90818d963ea83ea7a2643cc782d0907ffec884f898db,commit
email:d46e2ac0daf8f1af1a6c2a272c34ec968342d7260f9b0f9de855bb8b73e784e3,,Igor Ganapolsky,d46e2ac0daf8f1af1a6c2a272c34ec968342d7260f9b0f9de855bb8b73e784e3,commit
email:d46f0504a0f9127066e017eb292c1f9e92d3863a297183e7a2a631858029a290,,Adan Moreno,d46f0504a0f9127066e017eb292c1f9e92d3863a297183e7a2a631858029a290,commit
email:d4dcbd7d9598c673bd7068462ab5b55ddc6496cdfabeabd1134cc3cd1a214cbf,,Igor Mandrigin,d4dcbd7d9598c673bd7068462ab5b55ddc6496cdfabeabd1134cc3cd1a214cbf,commit
email:d52f39d39afe9c289b6bb1a67220aa12762a0fd56da7249341b8e8c3d133a2e7,,Michael Mitchell,d52f39d39afe9c289b6bb1a67220aa12762a0fd56da7249341b8e8c3d133a2e7,commit
email:d55674730dcd86e7157fb61d0686d14eee97f4e68875cc131a6ccd0e9cca2ec0,,Yibin Chen,d55674730dcd86e7157fb61d0686d14eee97f4e68875cc131a6ccd0e9cca2ec0,commit
email:d642ed0ecc83498fb2b73d7993de8ba6bcf1a1f8470b6f95d3174cd2d927fc83,,Nick Tourte,d642ed0ecc83498fb2b73d7993de8ba6bcf1a1f8470b6f95d3174cd2d927fc83,commit
email:d68bad530f476eaf84aa7fc108f717f0ddcfed3b0243876bca4d8c75d73d21c7,,Luke Dubert,d68bad530f476eaf84aa7fc108f717f0ddcfed3b0243876bca4d8c75d73d21c7,commit
email:d69fb47b203b8957212f6f2f6f57d936dd7dddd29ce63a31f72f2ce31d0f2cf9,,Radosław Pietruszewski,d69fb47b203b8957212f6f2f6f57d936dd7dddd29ce63a31f72f2ce31d0f2cf9,commit
email:d74a844a5439a80460e6fec6fa9fea624783685dfb803089680f0e34fe9dcdea,,chenwenyu,d74a844a5439a80460e6fec6fa9fea624783685dfb803089680f0e34fe9dcdea,commit
email:d7902ccf5910d968a21cf8f1b0b6591318085e75c793f6ce3ee595222551a0aa,,Chris Dinh,d7902ccf5910d968a21cf8f1b0b6591318085e75c793f6ce3ee595222551a0aa,commit
email:d7a705093817cfa1dde59806ddb5872601ca7d4511447151239b0f2865048018,,Daniel Hugenroth,d7a705093817cfa1dde59806ddb5872601ca7d4511447151239b0f2865048018,commit
email:d90793e8fe8d30a16c1473029938c157a6e4280a1d8d1d0791a2c9e21ba65fdc,,Adam Ernst,d90793e8fe8d30a16c1473029938c157a6e4280a1d8d1d0791a2c9e21ba65fdc,commit
email:d9108951765a55b3182b7a0904110c7359838dc3d526bcd7ba94ecbd1f13d251,,"Choma, Matus",d9108951765a55b3182b7a0904110c7359838dc3d526bcd7ba94ecbd1f13d251,commit
email:d92bddcb946efdd5d832abcdcdf5f6443abe8a2abd397d4f679424af862e3379,,Rishab U Hegde,d92bddcb946efdd5d832abcdcdf5f6443abe8a2abd397d4f679424af862e3379,commit
email:d94624827f051acb2a9689c81d5c832f5f1ba060335e66067f05ea2bf6cf673d,,Luis Flores,d94624827f051acb2a9689c81d5c832f5f1ba060335e66067f05ea2bf6cf673d,commit
email:d98b98a9822b82d2dbaee02822dca737069c34882c826c1ccfef3059fb3d7c68,,Joana Lopes,d98b98a9822b82d2dbaee02822dca737069c34882c826c1ccfef3059fb3d7c68,commit
email:da05c4eb54982285984b645fc21939e061306305516f2483a3e365d871de1201,,Yoichi Tagaya,da05c4eb54982285984b645fc21939e061306305516f2483a3e365d871de1201,commit
email:da242f2d5e05dd5a47fd03710281bda55b360c9a4b1d083203ba310df8c170b6,,Clement Genzmer,da242f2d5e05dd5a47fd03710281bda55b360c9a4b1d083203ba310df8c170b6,commit
email:da37f2b1f310d4487d91863da65ee8f3b5980c5ccdb0aea5cb78e0785b429c0f,,alessandro,da37f2b1f310d4487d91863da65ee8f3b5980c5ccdb0aea5cb78e0785b429c0f,commit
email:da8a7452be689ecab96530887c299478a99cc971e0dd9fd400d4e4aae658074a,,Lucas Santos,da8a7452be689ecab96530887c299478a99cc971e0dd9fd400d4e4aae658074a,commit
email:daa2ddf4833788b614c1f17cf6c7e3649b024bd56769e9e9cfe9f5cca4ee8168,,Mark Verlingieri,daa2ddf4833788b614c1f17cf6c7e3649b024bd56769e9e9cfe9f5cca4ee8168,commit
email:dab5aeb004cf341353b7206ee3af6aba9eef3d3f17c154deaf784c506ecd3425,,Adam Woods-Mccormick,dab5aeb004cf341353b7206ee3af6aba9eef3d3f17c154deaf784c506ecd3425,commit
email:db10c402ecfbbfc48fc1b4a63ed11983ea4ba4f11a9772d67bfc84f4558d14a9,,Petter Hesselberg,db10c402ecfbbfc48fc1b4a63ed11983ea4ba4f11a9772d67bfc84f4558d14a9,commit
email:db34bd3e5c5b4960cc77b8e5d8b52aafafcd5066923353c2178fc2ac61c897fd,,jesse,db34bd3e5c5b4960cc77b8e5d8b52aafafcd5066923353c2178fc2ac61c897fd,commit
email:dbc484c56651ebf97baf93c71d5db91beec1a5d3ab9e4c88d536d6cd2f1fbeae,,Joe Peplowski,dbc484c56651ebf97baf93c71d5db91beec1a5d3ab9e4c88d536d6cd2f1fbeae,commit
email:dc11673d82e988fd3e423fca0caec13cf6146899fb5c03244de1dbff86d870de,,Marko Novakovic,dc11673d82e988fd3e423fca0caec13cf6146899fb5c03244de1dbff86d870de,commit
email:dc2ea71f0c36a55abd9953634e5563370f0612953cfc377e12de2a5aa867a6f1,,Travis Stanley,dc2ea71f0c36a55abd9953634e5563370f0612953cfc377e12de2a5aa867a6f1,commit
email:dc457d0de2b49390b7ab0aaa561baf4f72ca2006ce84a98ccf4ce2af35cea3ff,,Zhiyao Zhou,dc457d0de2b49390b7ab0aaa561baf4f72ca2006ce84a98ccf4ce2af35cea3ff,commit
email:dc6a1a54d5ca93a895eed8db7fc973eb2864fd5ced76540afc25a69ba68481bf,,Andreas Stütz,dc6a1a54d5ca93a895eed8db7fc973eb2864fd5ced76540afc25a69ba68481bf,commit
email:dd059eb5189b1630ee70cb0a80011c34ad135ba047d15599fecb61ba5dcb9e87,,Alex Smeshkov,dd059eb5189b1630ee70cb0a80011c34ad135ba047d15599fecb61ba5dcb9e87,commit
email:dd09808ed6ccca1011b5d0113c7d6f1327c167a71e370ce4f4caa28254c55fe0,,Nick Duncan,dd09808ed6ccca1011b5d0113c7d6f1327c167a71e370ce4f4caa28254c55fe0,commit
email:dd12ffef66522456665e2404b35a01f9a1c519cbeb2566265fda2422c6261bef,,Marius Butuc,dd12ffef66522456665e2404b35a01f9a1c519cbeb2566265fda2422c6261bef,commit
email:dd5a1d9cbe40f0c399c79a73619bc5a4c3b8ee8a0907c71dba73befce83c230f,,Ahmed El-Helw,dd5a1d9cbe40f0c399c79a73619bc5a4c3b8ee8a0907c71dba73befce83c230f,commit
email:dd868c1a942b5a2ddddaad2348bbb464e1bd408f2011d976c5ddf7b609914cfb,,Di Chen,dd868c1a942b5a2ddddaad2348bbb464e1bd408f2011d976c5ddf7b609914cfb,commit
email:dda861ac7cf44b7bef9ec602cc22b32c022b59be182d04e5846eb709a03b6a42,,Wes Johnson,dda861ac7cf44b7bef9ec602cc22b32c022b59be182d04e5846eb709a03b6a42,commit
email:ddb4e4e437054121511a1b39020b15ac35738146a2c8d237abe88eb39c75b841,,Ron Edelstein,ddb4e4e437054121511a1b39020b15ac35738146a2c8d237abe88eb39c75b841,commit
email:ddd0a04277ea7d4f67f31786bfccc0e223d7e039a37c21be1a7b01359d5ef535,,Francisco Javier Trujillo Mata,ddd0a04277ea7d4f67f31786bfccc0e223d7e039a37c21be1a7b01359d5ef535,commit
email:de40681a89e5120798cd93188c8f3c43b0e3c75d6f8b5501c785b5215bb9b7f2,,Nikolai Tillmann,de40681a89e5120798cd93188c8f3c43b0e3c75d6f8b5501c785b5215bb9b7f2,commit
email:de4457b49391a83a3439897af45dc0deb05c04346870e96a780d90b967ab1d03,,Tom Walters,de4457b49391a83a3439897af45dc0deb05c04346870e96a780d90b967ab1d03,commit
email:de611cd6e3a7095d1dac03220c6aece787640d5d954cced5d4900ce8fed78590,,Alexander Nikiforov,de611cd6e3a7095d1dac03220c6aece787640d5d954cced5d4900ce8fed78590,commit
email:deb3e51c2ab77e85f4a9f0a39f198660da7d8ddcc29a817eb0e4718764f55db3,,Henrik Raitasola,deb3e51c2ab77e85f4a9f0a39f198660da7d8ddcc29a817eb0e4718764f55db3,commit
email:df5ee513f9afe30a1cea90d2b019452cab981d2dc78e7d80071364f109806b3b,,Matt Bruce,df5ee513f9afe30a1cea90d2b019452cab981d2dc78e7d80071364f109806b3b,commit
email:dff439d1c5d1f074cdec1b17ffadc3d6c1e07d9927cf553bbeea0e5ef7a9c7b4,,Alexander Jarvis,dff439d1c5d1f074cdec1b17ffadc3d6c1e07d9927cf553bbeea0e5ef7a9c7b4,commit
email:dff7c040220e99a8eefeb85310ea0eef3825093b65a1f4acfe1670d56782aeef,,yueshuaijie,dff7c040220e99a8eefeb85310ea0eef3825093b65a1f4acfe1670d56782aeef,commit
email:e032d445772138b1668aa88bf3c430ad1ea45da0be1842ec1e37e060a6b48840,,Mark Edington,e032d445772138b1668aa88bf3c430ad1ea45da0be1842ec1e37e060a6b48840,commit
email:e03da4a3dfdddd73d75c88f6b412123bd197d73aac577c8b8288234b56aa0820,,Benoit Lemaire,e03da4a3dfdddd73d75c88f6b412123bd197d73aac577c8b8288234b56aa0820,commit
email:e03dabbd11c4f8e54868101dc93995e1342f64cf788efadd55d693a9d9780499,,Pavlo Kushnir,e03dabbd11c4f8e54868101dc93995e1342f64cf788efadd55d693a9d9780499,commit
email:e04ed33425cd4e2834e742a1cf2345bd795b439ed5a438cfa511d45f652fa637,,Jens Panneel,e04ed33425cd4e2834e742a1cf2345bd795b439ed5a438cfa511d45f652fa637,commit
email:e061ded294a194309cf6b8de898c2eba48a7222b338e063e6ace3bf8229267a5,,Yannick Loriot,e061ded294a194309cf6b8de898c2eba48a7222b338e063e6ace3bf8229267a5,commit
email:e068383a113238cb8010ebfaed44e879600c4ef6f5c8953ff5b4ef01b19c5568,,Jiamin Zhu,e068383a113238cb8010ebfaed44e879600c4ef6f5c8953ff5b4ef01b19c5568,commit
email:e0b8193d86b4a9594ec1d0ce8c268e3c4724126fa27e7ead3c10273f2324c77f,,Freeman Latif,e0b8193d86b4a9594ec1d0ce8c268e3c4724126fa27e7ead3c10273f2324c77f,commit
email:e0d4a74e1e52c0405730a11155d31a6e51a29f0a480ede4c8fd4827106dab357,,Calvin Freitas,e0d4a74e1e52c0405730a11155d31a6e51a29f0a480ede4c8fd4827106dab357,commit
email:e0e02120b49646fd9daa8ff558d88fb66d5b69af933d73fa18ac17a744145ef1,,Albert Brand,e0e02120b49646fd9daa8ff558d88fb66d5b69af933d73fa18ac17a744145ef1,commit
email:e17a0860d2792a83c00aeab8c14ea3d5116a0e89110e96f6b60e56cd206c1059,,Dmitry Dushkin,e17a0860d2792a83c00aeab8c14ea3d5116a0e89110e96f6b60e56cd206c1059,commit
email:e1e8fd9e126e9c81095be8b1512d8b64dbcc8cc698c8350876ab4dbe2225072d,,hoangpham95,e1e8fd9e126e9c81095be8b1512d8b64dbcc8cc698c8350876ab4dbe2225072d,commit
email:e280e1d583d2407835f7fee0b28a578d0717ef0c5f906e644d88fe739d6fa4ff,,Ludo Fardel,e280e1d583d2407835f7fee0b28a578d0717ef0c5f906e644d88fe739d6fa4ff,commit
email:e285ba16efe78b076fe079cff11a5a7a909c26ddc250c08f34a379ac21bf9174,,Vincent Cheung,e285ba16efe78b076fe079cff11a5a7a909c26ddc250c08f34a379ac21bf9174,commit
email:e2e15a0f0ddfb527dc8597b1b71620c6d7ed7a82b1027e6e2d88a74b857df066,,Ravi Bhoraskar,e2e15a0f0ddfb527dc8597b1b71620c6d7ed7a82b1027e6e2d88a74b857df066,commit
email:e2e7bc757700bd61aab2a4a488d711fa3c6569d11ba254eb801be0ae86f4b7d0,,Gori Shanker Suthar,e2e7bc757700bd61aab2a4a488d711fa3c6569d11ba254eb801be0ae86f4b7d0,commit
email:e2f8452371edf56b9e4fa0dc56391d4fa5d3847b7aff34b8b144fa07b0c7e0eb,,Vardan Torosyan,e2f8452371edf56b9e4fa0dc56391d4fa5d3847b7aff34b8b144fa07b0c7e0eb,commit
email:e32fbc1a1b7a9130511b547b7ac553b8c5e0e5cf83d81d5c85988430f6da713a,,seansy,e32fbc1a1b7a9130511b547b7ac553b8c5e0e5cf83d81d5c85988430f6da713a,commit
email:e3648c80edaf943019afc8d0df4f6c2adecd8bee000d3f7d39413abb4ad33e4b,,Warren Knox,e3648c80edaf943019afc8d0df4f6c2adecd8bee000d3f7d39413abb4ad33e4b,commit
email:e37b5d981f08c4c9ec7dca959060a56b46e45318cbb0dd5f15345af0e0670b44,,James Maxell Eroy,e37b5d981f08c4c9ec7dca959060a56b46e45318cbb0dd5f15345af0e0670b44,commit
email:e3c62cb4272370499c5450449f52d9f60a00126b07bf99f2bee3d0cd330af2e4,,Marcelo Gomez Rivera,e3c62cb4272370499c5450449f52d9f60a00126b07bf99f2bee3d0cd330af2e4,commit
email:e3fb36128d6d628eda56531af42565b1b066e4ca7233992c459abd83b36bf3b3,,Xin Lux Liu,e3fb36128d6d628eda56531af42565b1b066e4ca7233992c459abd83b36bf3b3,commit
email:e4581df6417b29253e93d418d2f3fc00c90e506748c0d7d7497c1fcd06bad225,,Marcel Kalveram,e4581df6417b29253e93d418d2f3fc00c90e506748c0d7d7497c1fcd06bad225,commit
email:e45e3aecd6989853d6a91277dd2b6584a07f62c9f44a8055bba20e5153b7b9bc,,Dustin Savery,e45e3aecd6989853d6a91277dd2b6584a07f62c9f44a8055bba20e5153b7b9bc,commit
email:e4afd3d9b64a7be2e927cbe2c30ab6c56ee12556473a393dc62f9813f41625a9,,Steven Kuo,e4afd3d9b64a7be2e927cbe2c30ab6c56ee12556473a393dc62f9813f41625a9,commit
email:e4b8289a5458943db5c0c04ceedcb3fe84f54683407b173484817709253a0e99,,Nurtau Toganbay,e4b8289a5458943db5c0c04ceedcb3fe84f54683407b173484817709253a0e99,commit
email:e4cba87f851e68005cffa2f22b2e68bbb888471c6a503ad34e26be788601f7b9,,Alexsander Akers,e4cba87f851e68005cffa2f22b2e68bbb888471c6a503ad34e26be788601f7b9,commit
email:e54f8b6bb3b53fbcfd732777c55a9c4c3d51e764387227a95e88b18f70fc762e,,Sriraman,e54f8b6bb3b53fbcfd732777c55a9c4c3d51e764387227a95e88b18f70fc762e,commit
email:e550151386508b45ebf8f32c6d21f9f375b7c28c5885a453337198197e495f87,,Chenglin Liu,e550151386508b45ebf8f32c6d21f9f375b7c28c5885a453337198197e495f87,commit
email:e5a74105c5636c2d2d78e73b07db9e3679c52c86595aa98afedaea10283ba39c,,G. Kay Lee,e5a74105c5636c2d2d78e73b07db9e3679c52c86595aa98afedaea10283ba39c,commit
email:e5b70ba0843e434f9580a871e72445ca38a71938a9dab5f6b246bbe0b717816c,,Ryan Schoppmeyer,e5b70ba0843e434f9580a871e72445ca38a71938a9dab5f6b246bbe0b717816c,commit
email:e5c0d9e25543d8bcb490df8dacd897fb0f4334b4bf3374950550807cd8720f0e,,shivenmian,e5c0d9e25543d8bcb490df8dacd897fb0f4334b4bf3374950550807cd8720f0e,commit
email:e61f5e08af13f98770f7e4192841011728193d53f2307dc852a5d27ff86ba2d1,,Trevor Brindle,e61f5e08af13f98770f7e4192841011728193d53f2307dc852a5d27ff86ba2d1,commit
email:e62609aeb1aa857f7845167ee4826fe85550e8250393d6c176b84341f0a8911f,,Faraz Nomani,e62609aeb1aa857f7845167ee4826fe85550e8250393d6c176b84341f0a8911f,commit
email:e62c711a6a052939c722c01def096572f40242425e4a346854ec79504f7d8040,,Jessica Cao,e62c711a6a052939c722c01def096572f40242425e4a346854ec79504f7d8040,commit
email:e6d118888226cce791825447185d662b37874fb3b08cccc3be44d9b911cc2b09,,Nikita Gusakov,e6d118888226cce791825447185d662b37874fb3b08cccc3be44d9b911cc2b09,commit
email:e73c1c6b60f0792b45948d039882106dc39b7caf74d2f5bf185d0c3fffd3256a,,Krzysztof Borowy,e73c1c6b60f0792b45948d039882106dc39b7caf74d2f5bf185d0c3fffd3256a,commit
email:e75ad5b27b5b61efa35f7c153dd02ca3273d2a3f1c2a2d0b6caeb32146de36de,,Oliver (Cunpu) Bo,e75ad5b27b5b61efa35f7c153dd02ca3273d2a3f1c2a2d0b6caeb32146de36de,commit
email:e76d6971dc77ae8292efbba774803ac1ffcd922d8481929f00dd5b9bee9199bd,,Joshua Wiegmann,e76d6971dc77ae8292efbba774803ac1ffcd922d8481929f00dd5b9bee9199bd,commit
email:e8197a49f1c9b1fc8d823f7c34b24e7f150a8c356363f57766acbdbde063d41c,,petar.marinov,e8197a49f1c9b1fc8d823f7c34b24e7f150a8c356363f57766acbdbde063d41c,commit
email:e8793779c5e126d736e03f2b4bddd350e9ecb04b8278f3390f7eb1ed97edb046,,Zhi Zhou,e8793779c5e126d736e03f2b4bddd350e9ecb04b8278f3390f7eb1ed97edb046,commit
email:e8a490f04830a6126208b5f7a2b028504241fbc20eb341dc2151bf53aac11814,,Huzaifa Khan,e8a490f04830a6126208b5f7a2b028504241fbc20eb341dc2151bf53aac11814,commit
email:e8ec0bf9862f46b3dc5537c2d7bf4d2d8e49764f4ff82950eee4719d9ce9d310,,Emil Guareno,e8ec0bf9862f46b3dc5537c2d7bf4d2d8e49764f4ff82950eee4719d9ce9d310,commit
email:e8faa5e9f9d4cf84b60cc717b75619324722d246be0e292aa304c3bae51376b2,,Drew Smith,e8faa5e9f9d4cf84b60cc717b75619324722d246be0e292aa304c3bae51376b2,commit
email:e90cb3b0b955f16d85360911e66953e15d782818012a8926738710a84def3e14,,zhuwencheng,e90cb3b0b955f16d85360911e66953e15d782818012a8926738710a84def3e14,commit
email:e96525761284260e621399f766d06eb929de26388b9e6a3054cdf7b3911c8d49,,Grace Ku,e96525761284260e621399f766d06eb929de26388b9e6a3054cdf7b3911c8d49,commit
email:e96f427637772903f755a4503ac1887ae64195cbda58730952c682e71dc16d71,,Riccardo Cipolleschi,e96f427637772903f755a4503ac1887ae64195cbda58730952c682e71dc16d71,commit
email:e9fafcee1dc04f078277db6692c413c7609994b8dcbabf99b0b4e3fb5666aa42,,Cristian Carlesso,e9fafcee1dc04f078277db6692c413c7609994b8dcbabf99b0b4e3fb5666aa42,commit
email:ea2ca80c7f18dd6de2384490079f459f4f88c8081e0b714995145943ffff7bd0,,Tony Du,ea2ca80c7f18dd6de2384490079f459f4f88c8081e0b714995145943ffff7bd0,commit
email:ea3a68cc968512f1b8555a47f525f7147916362e697384048c7313150cfe7a02,,Edoardo Moreni,ea3a68cc968512f1b8555a47f525f7147916362e697384048c7313150cfe7a02,commit
email:ea3dfa599dba89fa3f32c8afe1f8afc550376017ad37663f194df39f7d98a225,,Tiangong Li,ea3dfa599dba89fa3f32c8afe1f8afc550376017ad37663f194df39f7d98a225,commit
email:eac2260e8f27c63546bb20a11561242e91fc0bfb8163e55bf4d8eef8fa4e8416,,FBLite Revert Bot,eac2260e8f27c63546bb20a11561242e91fc0bfb8163e55bf4d8eef8fa4e8416,commit
email:eaf059d5f9a29e98cf39a553dcbaf66c7cc456da7e02307452e70ecc8403b58b,,James Ide,eaf059d5f9a29e98cf39a553dcbaf66c7cc456da7e02307452e70ecc8403b58b,commit
email:eb2b3f70b2589b8556b26cdeaa81fe8381fc48bff88f9cc9455100fb4c8b151d,,Tal Kol,eb2b3f70b2589b8556b26cdeaa81fe8381fc48bff88f9cc9455100fb4c8b151d,commit
email:eb3926e9456976ac9bd1b129df84f8adacfa75af97248ad3f2fd577341994dc0,,Ewan Mellor,eb3926e9456976ac9bd1b129df84f8adacfa75af97248ad3f2fd577341994dc0,commit
email:eb3df2d3aa2f6aa4074e204ae2fd97341ec51cb30888db27dbf023f8c95f947c,,Michael S. Kazmier,eb3df2d3aa2f6aa4074e204ae2fd97341ec51cb30888db27dbf023f8c95f947c,commit
email:eb761cd6f50e7e264ac518ad15eb378c0ead27001222c163e148211c7f0acdb0,,Haseeb Saeed,eb761cd6f50e7e264ac518ad15eb378c0ead27001222c163e148211c7f0acdb0,commit
email:eb8c1ac003a4cd5b3941d53ae9789d042cad789f391f775f66ee47a2e92e4172,,joaogranado,eb8c1ac003a4cd5b3941d53ae9789d042cad789f391f775f66ee47a2e92e4172,commit
email:ebb7aab330e60bf33ead6bb66e713d38ad021cc6785d1a0bf4132d7ef9334b81,,Rudolf Adamkovic,ebb7aab330e60bf33ead6bb66e713d38ad021cc6785d1a0bf4132d7ef9334b81,commit
email:ebcd680ab79cb50f1425da4e011ca130111db2c97f26f27bda2aeb012f0538d3,,Libin Lu,ebcd680ab79cb50f1425da4e011ca130111db2c97f26f27bda2aeb012f0538d3,commit
email:ebea6460b5b59df6b7c893d01bc2264dd52c9ec3b9ef3d79a039512d81ebe2d2,,Der-Nien Lee,ebea6460b5b59df6b7c893d01bc2264dd52c9ec3b9ef3d79a039512d81ebe2d2,commit
email:ec000021c5045bb982c26daab2575d556af8c4947ae8a7c556f582c5473abbc7,,Jacob Parker,ec000021c5045bb982c26daab2575d556af8c4947ae8a7c556f582c5473abbc7,commit
email:ec55acd957696a5ba37c44328a169446780ac918c56fe5454ef4511836c65c99,,Evgueni Naverniouk,ec55acd957696a5ba37c44328a169446780ac918c56fe5454ef4511836c65c99,commit
email:ec973c0b4cc0e60cdc31af6be8b6c804de20920148eddc2ab1dff6d75a46cdd7,,Matthew Curtis,ec973c0b4cc0e60cdc31af6be8b6c804de20920148eddc2ab1dff6d75a46cdd7,commit
email:ecc0478d06d2b2af936647f8939f2f2778a519273fefee8fd06a0b4171a48fd2,,Dulmandakh,ecc0478d06d2b2af936647f8939f2f2778a519273fefee8fd06a0b4171a48fd2,commit
email:ecd0666f63683f8bb4151275bdc1f741acda06fa6dea964929418200747e3f1a,,--fbcode@fb.com,ecd0666f63683f8bb4151275bdc1f741acda06fa6dea964929418200747e3f1a,commit
email:ed0bf3c7bc4fdcaf5fdfc0ef6552ce128e6641d12759580e6d1af9eb20a5a436,,licd,ed0bf3c7bc4fdcaf5fdfc0ef6552ce128e6641d12759580e6d1af9eb20a5a436,commit
email:ed27214877d285759c3c40b86ec889a81bb306607b4edaabf7d62b35c83cc94f,,Artem Goncharov,ed27214877d285759c3c40b86ec889a81bb306607b4edaabf7d62b35c83cc94f,commit
email:ed6c8ded5fcb440b25fb955c55cc508819432e5a58d7d98096fa7cef62ec4eaf,,Georgios Andreadis,ed6c8ded5fcb440b25fb955c55cc508819432e5a58d7d98096fa7cef62ec4eaf,commit
email:edc4427c0c33598e3108c640922e63af9d705a777529690066dd8ad1ac0bc5a7,,Betty Ni,edc4427c0c33598e3108c640922e63af9d705a777529690066dd8ad1ac0bc5a7,commit
email:edc7593637acc1c73abf46ae8219bc7c83009df36aef9b2615428f7972b6e207,,waffleandtoast,edc7593637acc1c73abf46ae8219bc7c83009df36aef9b2615428f7972b6e207,commit
email:ee03c6e3e3c294aaeafd50cff0f7fc35906ad468af4d460cddcc9d4471fd18bc,,huangtaibin,ee03c6e3e3c294aaeafd50cff0f7fc35906ad468af4d460cddcc9d4471fd18bc,commit
email:ee2068ca27289f1aaf729fcf6e59f83db996e2a16af45fd1b2a86c8394ce1930,,harshsiriah,ee2068ca27289f1aaf729fcf6e59f83db996e2a16af45fd1b2a86c8394ce1930,commit
email:ee3c13eb584fad588d64fedf2eb8117d6587bb06eed07b7c74c0bc442aea7e8e,,Luqmaan Dawoodjee,ee3c13eb584fad588d64fedf2eb8117d6587bb06eed07b7c74c0bc442aea7e8e,commit
email:ee61943be27d15211cb0cfef83b5aa6e45e228999b1d3418ff5e97b77e99b55e,,Oleh Malanchuk,ee61943be27d15211cb0cfef83b5aa6e45e228999b1d3418ff5e97b77e99b55e,commit
email:ee83ca832a109a9c1a8af08a1a15494f8602a3581bd74f7e224952f81f25c83b,,Russell Stewart,ee83ca832a109a9c1a8af08a1a15494f8602a3581bd74f7e224952f81f25c83b,commit
email:ee87e84cda4221e9468b888d06fb10fdbbb5a7a4eb58bb7c34e5e9390543a4f6,,Dilan Edirisinghe,ee87e84cda4221e9468b888d06fb10fdbbb5a7a4eb58bb7c34e5e9390543a4f6,commit
email:ef05f6fd9630eb82cab12a70be18e3cf349db0f9ae32af21cd4d4e178c91e8b5,,Stephy Ma,ef05f6fd9630eb82cab12a70be18e3cf349db0f9ae32af21cd4d4e178c91e8b5,commit
email:ef430b907296328861e9f26da3138129971cba68f4622544f2a0ba1ecc709c9c,,Francois Dumas,ef430b907296328861e9f26da3138129971cba68f4622544f2a0ba1ecc709c9c,commit
email:ef4d22c330938fe93d8c8f1e4a97679e1b58549e0bf8014124d861c092ff1b65,,Matthijs Mullender,ef4d22c330938fe93d8c8f1e4a97679e1b58549e0bf8014124d861c092ff1b65,commit
email:ef608f549ef897430e84890b668cf7e42671bc9ac6508c445b0d3777f534e3cd,,Adam Cmiel,ef608f549ef897430e84890b668cf7e42671bc9ac6508c445b0d3777f534e3cd,commit
email:efcfd2a73dfff276275e2683e5844f84508dd86eb8085d9d190e25b940e16db4,,Benny Singer,efcfd2a73dfff276275e2683e5844f84508dd86eb8085d9d190e25b940e16db4,commit
email:f07da07f7a34ac3e55ab038f859c66ac8afd2c781459063576ea98850cbfe5b5,,Jean Bertrand,f07da07f7a34ac3e55ab038f859c66ac8afd2c781459063576ea98850cbfe5b5,commit
email:f0b2ad69c69f343e650725f9999fce5386b86d2fabdce61f18a3c684c19764e7,,Mike Fowler,f0b2ad69c69f343e650725f9999fce5386b86d2fabdce61f18a3c684c19764e7,commit
email:f0c37e92fe2510a498a89e77152db9b3b78511c03a262205ddf93433603fb3ca,,chadbay,f0c37e92fe2510a498a89e77152db9b3b78511c03a262205ddf93433603fb3ca,commit
email:f0ed53667db4806563bacf84b9d2a16e10f2eb166944ba7b5a3201fd764ae840,,Peter Hsieh,f0ed53667db4806563bacf84b9d2a16e10f2eb166944ba7b5a3201fd764ae840,commit
email:f1a701946815b935fc701e82208663fc270458208390b8447685a7a788b41411,,Antonio Pires,f1a701946815b935fc701e82208663fc270458208390b8447685a7a788b41411,commit
email:f1f65e818a63f4d7a813a10dead5cea5d75e5d839cb9a8896445fbcab7d0436b,,Clement Genzmer,f1f65e818a63f4d7a813a10dead5cea5d75e5d839cb9a8896445fbcab7d0436b,commit
email:f23cfb2d90ffa097442c4b29e629e9f8aadd40c794f11a98f029f31c1f29ab41,,Martynas Bardauskas,f23cfb2d90ffa097442c4b29e629e9f8aadd40c794f11a98f029f31c1f29ab41,commit
email:f2aede298d1aa6bf73fdb6c0706e782ec160f180ac41639b1653767dc04d6e0e,,Emily Janzer,f2aede298d1aa6bf73fdb6c0706e782ec160f180ac41639b1653767dc04d6e0e,commit
email:f2c8f86cbcf7d96cd0212e74b300aaed5fbe48923170d192907705b59b984606,,Alexander Perepelitsyn,f2c8f86cbcf7d96cd0212e74b300aaed5fbe48923170d192907705b59b984606,commit
email:f2e573cf5233770b9642fccf329511fce9d7542dc4153c3f40317ca83c62ad89,,Florent Le Gall,f2e573cf5233770b9642fccf329511fce9d7542dc4153c3f40317ca83c62ad89,commit
email:f32b1f444d17615a44f8e85b10a665ecd1c4a4966d5e7fd41e0e9729c6948002,,Enrico Bern Hardy Tanuwidjaja,f32b1f444d17615a44f8e85b10a665ecd1c4a4966d5e7fd41e0e9729c6948002,commit
email:f3b3f89bd0e7062f89ed1ec9ae6fe3c8eb5f024b55dda06fe425fbda9bd5a816,,Digeff,f3b3f89bd0e7062f89ed1ec9ae6fe3c8eb5f024b55dda06fe425fbda9bd5a816,commit
email:f3e28dd054559cea7497136363c548cc5b5a81ee5c32e70321eeead137d4b3c8,,Florian Sauer,f3e28dd054559cea7497136363c548cc5b5a81ee5c32e70321eeead137d4b3c8,commit
email:f454ec97fe41e4c2ef74e0c7cf6b2796b118fbd0e6f2a122251a96dbf8db3d28,,Scott Buckfelder,f454ec97fe41e4c2ef74e0c7cf6b2796b118fbd0e6f2a122251a96dbf8db3d28,commit
email:f4a4e1d30457690e5d98da98abf4c50ddee23de26b7630f08ce57bffaf1a7a85,,Jerry Horton,f4a4e1d30457690e5d98da98abf4c50ddee23de26b7630f08ce57bffaf1a7a85,commit
email:f4c4cbd06795295483254dd1b28dd8938df41f61f8b9425143bef876cd67cdfd,,Sanjay Thakur,f4c4cbd06795295483254dd1b28dd8938df41f61f8b9425143bef876cd67cdfd,commit
email:f4cb2dbab40aef1158c4143b2bdf111841f3bc8d6f9f3655f072a75bfb6cdfc5,,Jesse Sahli,f4cb2dbab40aef1158c4143b2bdf111841f3bc8d6f9f3655f072a75bfb6cdfc5,commit
email:f4d7e99545588c70a4a372f60a18142201f94a2dbc257f452ba2a87ae6ff301a,,Nadiia D,f4d7e99545588c70a4a372f60a18142201f94a2dbc257f452ba2a87ae6ff301a,commit
email:f4ef576b120e442b60017806d4c7e7f7029018c5e4e486fb1dbf545565454285,,Siqi Liu,f4ef576b120e442b60017806d4c7e7f7029018c5e4e486fb1dbf545565454285,commit
email:f4f8db07f4471fa82985e4ac9f89f727214e1b99bf7a65b86f564005fce03d94,,Ethan Davis,f4f8db07f4471fa82985e4ac9f89f727214e1b99bf7a65b86f564005fce03d94,commit
email:f502d648a7fbeb41da8334b7c0e003fa31ebd2334991a3cd69186e44e3f59d43,,Esa Juhana Lahikainen,f502d648a7fbeb41da8334b7c0e003fa31ebd2334991a3cd69186e44e3f59d43,commit
email:f5219fe85a777fe22575aa818ffcea9619f138814650e75eb071b9ff1dd36ea9,,Rajdeep Kaur,f5219fe85a777fe22575aa818ffcea9619f138814650e75eb071b9ff1dd36ea9,commit
email:f53fc56892ad8114bdd2529bf12004c07fc40997e062642817c0dfc8047335fd,,Emil Sjölander,f53fc56892ad8114bdd2529bf12004c07fc40997e062642817c0dfc8047335fd,commit
email:f5812e9ec575829801688f2f58ab2fbb36f36c629024d7e2ed683e2f4f592013,,Campbell Glass,f5812e9ec575829801688f2f58ab2fbb36f36c629024d7e2ed683e2f4f592013,commit
email:f5bd2beb3c871e2b6172724021651e5267c7089e5fe3239a841e02753e036248,,Simeng Pang,f5bd2beb3c871e2b6172724021651e5267c7089e5fe3239a841e02753e036248,commit
email:f5bf228593951623742c381f9ac9b2989c9b75919d9856b16a83d0821d7d5247,,Shen Jin,f5bf228593951623742c381f9ac9b2989c9b75919d9856b16a83d0821d7d5247,commit
email:f5e523d8c60dd55a658c4c44600ef58fa188f57cb2fcc7db4e17155b28982084,,Jason Safaiyeh,f5e523d8c60dd55a658c4c44600ef58fa188f57cb2fcc7db4e17155b28982084,commit
email:f641371d8c5081ed993f47e1e773a74e7691f90ab82e6a9ac73839904283dcaf,,Jonathan Lee,f641371d8c5081ed993f47e1e773a74e7691f90ab82e6a9ac73839904283dcaf,commit
email:f68d5668acfadef68815cb95d73d59d044a8e799de8668a4ca535193d63615da,,Viacheslav Radchenko,f68d5668acfadef68815cb95d73d59d044a8e799de8668a4ca535193d63615da,commit
email:f6dba4f3c94b49a3e78e8ca66addaf03f5078ee2b98634f21fd0a9c3bf6066f9,,Daniel Cochran,f6dba4f3c94b49a3e78e8ca66addaf03f5078ee2b98634f21fd0a9c3bf6066f9,commit
email:f6f954847a69f27698a6faa8fe35ba735aac96efe2ef274767a31e273ad68eb5,,Joshua Alvarado,f6f954847a69f27698a6faa8fe35ba735aac96efe2ef274767a31e273ad68eb5,commit
email:f722e996e35219c2e8c0fc38dc8bb531a74bb02db58ec4ec0bd5af1ce4fc7727,,Amy Huyen,f722e996e35219c2e8c0fc38dc8bb531a74bb02db58ec4ec0bd5af1ce4fc7727,commit
email:f749ad5b2b3ae929b84bac9a7bcf597cdf44fab01a83d1ae82613f8f8e10a6f3,,Damien,f749ad5b2b3ae929b84bac9a7bcf597cdf44fab01a83d1ae82613f8f8e10a6f3,commit
email:f765c73515323d10d5983bb28a3679b74ba1d506b2793d7b7e0c49dc61cad60d,,Rob McVey,f765c73515323d10d5983bb28a3679b74ba1d506b2793d7b7e0c49dc61cad60d,commit
email:f7ea43cc8208abc1776b0b4e767cd42f37014c53918a7f090d7255c549034aff,,Dan Zimmerman,f7ea43cc8208abc1776b0b4e767cd42f37014c53918a7f090d7255c549034aff,commit
email:f80b1371f3a571653dfc3fb734ef09bac624d7277b6fc1e4afe57be4d9f11d20,,Dmitry Rykun,f80b1371f3a571653dfc3fb734ef09bac624d7277b6fc1e4afe57be4d9f11d20,commit
email:f873124977e9d04d7e749e271c073616972fb8d2e6801fdf0cafb4e245a6c965,,Willa Kong,f873124977e9d04d7e749e271c073616972fb8d2e6801fdf0cafb4e245a6c965,commit
email:f8773ed86671c9ae410e535244071bf25006ddc2d57a516270e026fcb79dc1eb,,Mohamed Salama,f8773ed86671c9ae410e535244071bf25006ddc2d57a516270e026fcb79dc1eb,commit
email:f896439fb1daa8630a9d56cd474b7f8803abe13bea0fe1d750d97687c89a6c27,,Danny Su,f896439fb1daa8630a9d56cd474b7f8803abe13bea0fe1d750d97687c89a6c27,commit
email:f993e333c04764c0ff93b8f94cef6bd2c6ef57fe288f2017496a10d3fde0e3a8,,Nicolas Gallagher,f993e333c04764c0ff93b8f94cef6bd2c6ef57fe288f2017496a10d3fde0e3a8,commit
email:f9d2ddb88011388ed71ab02cde62ac153a4d8947604293121d9c556b565b60f1,,Yuqing Duan,f9d2ddb88011388ed71ab02cde62ac153a4d8947604293121d9c556b565b60f1,commit
email:fa0367ad94ad8fe45bae6b99e8a1edb6abf0b08e6e1f3155bae4e12151a83ea0,,Yaniv Ironi,fa0367ad94ad8fe45bae6b99e8a1edb6abf0b08e6e1f3155bae4e12151a83ea0,commit
email:fa13bc71d9642c0aa2e5bb3820ba3d52b7520b242d037383d68bc2364204e25d,,Yunyu Lin,fa13bc71d9642c0aa2e5bb3820ba3d52b7520b242d037383d68bc2364204e25d,commit
email:faf322b8f79c5ddf29cc42220cc0f3568b5a936b3e364464daab55a417f71afc,,Wayne Cheng,faf322b8f79c5ddf29cc42220cc0f3568b5a936b3e364464daab55a417f71afc,commit
email:fb25e3267ceebf02e0eed2a398811e19efa318fbd0e40b83cefbe17dc318ba18,,Anne Pham,fb25e3267ceebf02e0eed2a398811e19efa318fbd0e40b83cefbe17dc318ba18,commit
email:fb3a5ee352dff4d6d496c14651903baaf4629375fe0aa50377258e369103412d,,Andrew Wang,fb3a5ee352dff4d6d496c14651903baaf4629375fe0aa50377258e369103412d,commit
email:fb7a8d843eca28e624b7ff78f6eef8ab39e7fc0d9d014b4d69c1ced2e594480a,,evelant,fb7a8d843eca28e624b7ff78f6eef8ab39e7fc0d9d014b4d69c1ced2e594480a,commit
email:fb93ea8bfdf348b3f185f18f66405a3e3956eebf3190d2288fbc4458ee0d32c8,,Ray Cohen,fb93ea8bfdf348b3f185f18f66405a3e3956eebf3190d2288fbc4458ee0d32c8,commit
email:fbd157ddd1ed6713492886619c0b032fa7bb79cd00a9cf20f52a845371aeb56c,,Vsevolod Ivanov,fbd157ddd1ed6713492886619c0b032fa7bb79cd00a9cf20f52a845371aeb56c,commit
email:fc059668feb2045c612072396dc5f3fa071e372932f271798508b0e34ed079da,,Mohamed Alsadek,fc059668feb2045c612072396dc5f3fa071e372932f271798508b0e34ed079da,commit
email:fc0dc6c2741ef9eb9ef866071d7dba49539054bdcf06e2b26597abec66da0e78,,Ubax,fc0dc6c2741ef9eb9ef866071d7dba49539054bdcf06e2b26597abec66da0e78,commit
email:fc5f3caabf9af9ee42649bdc2c7900a1d8d70595e63e7a2efe0956538373a51c,,Wenjing Wang,fc5f3caabf9af9ee42649bdc2c7900a1d8d70595e63e7a2efe0956538373a51c,commit
email:fc76809891fe8db87b150993fd5ed4fe0fdc52e18b079f62427d55717710d956,,Jean Lauliac,fc76809891fe8db87b150993fd5ed4fe0fdc52e18b079f62427d55717710d956,commit
email:fcc3a5f2979ec021f05a444e089033b2ffca06e01167b33462f2cb7cdd2b1ed0,,generatedunixname1587093422349604,fcc3a5f2979ec021f05a444e089033b2ffca06e01167b33462f2cb7cdd2b1ed0,commit
email:fce53634317d88183f53877f8cd738d0f481ecb3fd465f5fbe8796b1aac7a7d7,,Jacek Burys,fce53634317d88183f53877f8cd738d0f481ecb3fd465f5fbe8796b1aac7a7d7,commit
email:fe3b53dda1d7e2912a0147370fdff9d4ddf35263c58f97537cc342cde640f644,,Thierry DEN HARTOG,fe3b53dda1d7e2912a0147370fdff9d4ddf35263c58f97537cc342cde640f644,commit
email:fe9d1883a3fd7f9bac440f334621b8777f1c3bf9ca3604f0a27bc71e2c225986,,thecodrr,fe9d1883a3fd7f9bac440f334621b8777f1c3bf9ca3604f0a27bc71e2c225986,commit
email:febf817067c0f19a47d232c080617c39a20193e1f947df67ebdffb7fcf940a62,,drrefactor,febf817067c0f19a47d232c080617c39a20193e1f947df67ebdffb7fcf940a62,commit
email:ff8553d071da933e76137ccdf1be985fa6b7531732217c0c2313b583daed9766,,Ognen Ivanovski,ff8553d071da933e76137ccdf1be985fa6b7531732217c0c2313b583daed9766,commit
email:ffd66772466b3907d818d22a5d624058d6974283fd7a2b3c67e485975d1688cb,,WanderWang,ffd66772466b3907d818d22a5d624058d6974283fd7a2b3c67e485975d1688cb,commit
github:04cb,04cb,04cb,,pr
github:0x1ad2,0x1ad2,0x1ad2,,pr
github:0x5e,0x5e,0x5e,,pr
github:116-7,116-7,116-7,,pr
github:11nc,11nc,Lincoln Hochberg,571f18b57a5fdf83a3a1c090a4a5d24796271c7ce6fca1777f70d841e47594f5,commit
github:12ya,12ya,12ya,,pr
github:1994luismedinaa,1994luismedinaa,luism3861,26b07d76dc1c7a220e71a3b6de9fd97b4505ddab35c52b5a92d4f1eb180dcec2,commit
github:1mike12,1mike12,mike qin,cee8010b63a8068b7e68815ef852acd4f6b8634871b118d77647daa6cbe3737e,"commit,pr"
github:2017398956,2017398956,2017398956,,pr
github:25harsh,25harsh,25harsh,be50816be5b31f9c5006dbcbafb7a9379ccfee9deed1f15e6e8408d8d3d9d718,"commit,pr,pr"
github:280482431,280482431,280482431,,pr
github:343max,343max,343max,,pr
github:39km,39km,39km,,pr
github:39otrebla,39otrebla,39otrebla,,pr
github:4-rodrigo-salazar,4-rodrigo-salazar,Rodrigo Salazar,cbe86b0f667afd94f917eb226dd2dbe00114b614fd6499a7b31b155ed54485cc,commit
github:452mj,452MJ,452MJ,,pr
github:4ndroidev,4ndroidev,4ndroidev,724ffeb724f29ee0ef5f77bd40ebf7b8afd91f4af8ac34fe8f0d7ec2065b06b8,"commit,pr"
github:7772,7772,landon,4d37e9234f5111ce5feac8fc40a3c9fd76b984b8ddad1cb0d0bc1e2d0da6747b,"commit,pr"
github:7kfpun,7kfpun,7kfpun@gmail.com,f2da2c605e35685422f700d014a14a753a38a91361c2c9bb4caae128d9681910,"commit,pr"
github:7thporter,7thPorter,7thPorter,,pr
github:8088,8088,8088,,pr
github:834499378,834499378,834499378,,pr
github:a-c-sreedhar-reddy,a-c-sreedhar-reddy,A C SREEDHAR REDDY,00e621d05ba291d8fed2ae02c8a53e053acd41e1a686838cf22c31271e566211,"commit,pr,pr,pr,pr,pr,pr,pr,pr,pr"
github:a-dilettante,a-dilettante,RCiesielczuk,aedfe18d31b20bc5c5ab8ceed035ac34fb0d2e2c4c64c28aaf5b43f8775a1f4f,"commit,pr,pr,pr"
github:a-googler,a-googler,Woodpav,4a2d56cec36e8b1edd1abfc53ceb968f4ff9a9b4010994f240f1733cfcec3603,commit
github:a-klotz-p8,a-klotz-p8,Alexander Klotz,dd250fc0c33ac3b177f76fb9ae9ae47bd64955b379c50fe18e6a1adfb3cffa7e,"commit,pr"
github:a-morenovalls,a-morenovalls,a-morenovalls,,pr
github:a-tokyo,a-tokyo,a-tokyo,,pr
github:a2,a2,Alexsander Akers,4b8ce4d6ede58e229706ca9f1db9bb5c2e2646f42121dc2347f88c871770b412,"commit,pr,pr,pr,pr,pr,pr,pr,pr"
github:a6051529,a6051529,a6051529,,pr
github:aajahid,aajahid,aajahid,,pr
github:aakashsigdel,aakashsigdel,aakashsigdel,,pr
github:aamagda,aamagda,Anatoliy Magda,8c2b7b1645807b6cba523cbd3cd66eb0e4b0284cd39de8a2f86771d6bc2872ef,"commit,pr"
github:aamalric,aamalric,aamalric,5da8eb683e72fe436c5612fc86f72d61c24a6a1cd2e3121ff70db329c38eaccc,"commit,pr,pr"
github:aandreyeum,aandreyeum,Aliaksei Andreyeu,4bcf909c7f04bac24b0cf97d93bf9c8ea759438649e9754fe0e655cad498ef8a,commit
github:aaroncoplan,AaronCoplan,AaronCoplan,,pr
github:aaronechiu,aaronechiu,Aaron Chiu,b4aa72e4e9e0553b401f0ac29288755ef03589533ceb3e83eb8928b21615f790,"commit,pr,pr,pr,pr,pr,pr"
github:aaronfriel,AaronFriel,AaronFriel,,pr
github:aarongrider,aarongrider,aarongrider,,pr
github:aaronsky,aaronsky,aaronsky,,pr
github:aarshpatel12,Aarshpatel12,Aarshpatel12,,pr
github:aattola,aattola,Leevi Aattola,c94ccf88a345aaf5bdb89b3ac13f9bc24d04476ef171bdd34bebf2bd5087ec61,"commit,pr"
github:abalone0204,abalone0204,Tsung Chen Ku,79b865b215e926a4cfcafc890f9658382225e187e088be25a1051cdc35b02d28,"commit,pr"
github:abarth,abarth,abarth,,pr
github:abbondanzo,Abbondanzo,Peter Abbondanzo,c4c38ac45b3bbe084773f83e3d90d56790d188c5b12cb77cc47e73d61c06be97,"commit,pr,pr,pr,pr,pr,pr,pr,pr,pr,pr,pr,pr,pr,pr,pr,pr,pr,pr,pr,pr,pr,pr,pr,pr,pr,pr,pr,pr,pr,pr,pr,pr,pr,pr,pr,pr,pr,pr,pr,pr,pr,pr,pr,pr,pr,pr,pr,pr,pr,pr,pr,pr,pr,pr,pr,pr,pr,pr,pr,pr,pr,pr,pr,pr,pr,pr,pr,pr,pr,pr,pr,pr,pr,pr,pr,pr,pr,pr,pr,pr,pr,pr,pr,pr,pr,pr,pr,pr,pr,pr,pr,pr,pr,pr,pr,pr,pr,pr,pr,pr,pr,pr,pr,pr,pr,pr,pr,pr"
github:abdelouahabb,abdelouahabb,abdelouahabb,,pr
github:abdennour-jebbar-nw,abdennour-jebbar-nw,Abdennour JEBBAR,70664f860a872796df97951b53d5a248d65be7d1e54e2dbf6352c7eaf3a78b52,"commit,pr,pr"
github:abdoelkaheal,AbdoelKaheal,AbdoelKaheal,,pr
github:abdullahbayram,abdullahbayram,abdullahbayram,,pr
github:abeestrada,AbeEstrada,AbeEstrada,,pr
github:abhi06276,abhi06276,Abhinandan,bd6c51e4f39bf45286ad65b10f5f0693978edaf9f403ea219fd8c8a5af7794d7,"commit,pr"
github:abhi3975,Abhi3975,Abhi3975,,pr
github:abhiin1947,abhiin1947,Abhinandan Ramaprasath,d3b14e8fafc5ca22ccf4fa113b6ad606e2d681aac8efde9a80247a6f2bcea245,"commit,pr"
github:abhijitnukalapati,abhijitnukalapati,abhijitnukalapati,,pr
github:abhishekjaiswal123,abhishekjaiswal123,abhishekjaiswal123,,pr
github:abi,abi,Abi Raja,9417d20427c921b0e70e94a2f9fb066d056e13b10cce5e7e3913732069869266,"commit,pr,pr"
github:abilashk,AbilashK,AbilashK,3f2a5fc55ddd5bb33147a047d5d30cb8431a4ee99629938fa44b8c0ea290244a,"commit,pr,pr,pr,pr"
github:abs12seth,abs12seth,abs12seth,,pr
github:acdlite,acdlite,acdlite,ad393ad4216e2a1caa02e7021275edaa1ea47c399f24d1efc2a799f1a2a1000f,commit
github:ace68723,ace68723,ace68723,,pr
github:acejingbo,acejingbo,acejingbo,,pr
github:achellies,achellies,achellies,,pr
github:achembarpu,achembarpu,achembarpu,,pr
github:acoates-ms,acoates-ms,Andrew Coates,9a008ae4e87d9367bf4edcfb18938a6b5c2f1119e018f97b5316ddc3bac91023,"commit,pr,pr,pr,pr,pr,pr,pr,pr,pr,pr,pr,pr,pr,pr,pr,pr,pr,pr,pr,pr,pr,pr,pr,pr,pr,pr,pr,pr,pr,pr,pr"
github:acollazomayer,acollazomayer,acollazomayer,,pr
github:acostalima,acostalima,acostalima,,pr
github:acro5piano,acro5piano,acro5piano,,pr
github:actions-runtime,ACTIONS-RUNTIME,ACTIONS-RUNTIME,,pr
github:acton393,acton393,acton393,baa4f1b9f15e306663f2d367e546c83bcffe8121b65d688eac01e482974f5e12,commit
github:adamaveray,adamaveray,Adam Averay,4642752da07eaa883b2b52b9c69b7d2c44efdc9feffa91d6d36984a6d7090c87,"commit,pr"
github:adamchel,adamchel,Adam Chelminski,e6b799059194d20a7f4d7ca2192a0bd4b88bb960e7cb3c9b6b035d4fe4d54257,"commit,pr"
github:adamchlupacek,AdamChlupacek,AdamChlupacek,,pr
github:adamclark64,adamclark64,adamclark64,,pr
github:adamcmiel,AdamCmiel,AdamCmiel,,pr
github:adamdanielking,AdamDanielKing,AdamDanielKing,,pr
github:adamgrzybowski,adamgrzybowski,Adam Grzybowski,1e12522defa0c3e160993b0d76dfd99d16eaa95e67cd0872b916961496d6ee3e,"commit,pr"
github:adamivancza,adamivancza,adamivancza,,pr
github:adamjernst,adamjernst,Adam Ernst,dc5b0d8cddf9be6465f461400184fb53d74aa83768fcd7dba14b22e41781eec1,"commit,pr,pr,pr"
github:adamjmcgrath,adamjmcgrath,adamjmcgrath,501b856effdf391c0a399ef63b6916279d0eea5972175a59f026adfa3d8d174d,"commit,pr"
github:adamjuhasz,adamjuhasz,adamjuhasz,,pr
github:adamkrell,adamkrell,Adam Krell,490695c661546c5f6884c7af1169cda9813fb0bf5ab31e08ad1fdfa15fe2fd6c,"commit,pr,pr"
github:adammccormick,AdamMcCormick,AdamMcCormick,,pr
github:adamski,adamski,adamski,,pr
github:adamterlson,adamterlson,Adam Terlson,4b4cba6f90c594ffeb0b68a9a2f2c36bfaa945b4c9ce593b1d72eefa2051e7e1,"commit,pr,pr,pr,pr"
github:adamya24,Adamya24,Adamya24,,pr
github:adamzaczek,AdamZaczek,AdamZaczek,,pr
github:adanoff,adanoff,adanoff,,pr
github:adaojunior,adaojunior,Adão Júnior,dd8f7888975f5759f2255855920007efe0b166643f9cc2a62452ab6a5f232367,"commit,pr"
github:adasiewiczr,adasiewiczr,adasiewiczr,,pr
github:adbl,adbl,Andreas Amsenius,95419b309642a483c17a3c6bb9b82b1212fbe6fd9f827847fea23dd6b72fbcd1,"commit,pr,pr,pr,pr"
github:ademars94,ademars94,ademars94,,pr
github:adhambadr,adhambadr,adhambadr,,pr
github:adierkens,adierkens,Adam Dierkens,0ac1efa9df8a02f80a7d3d7dc8381a4329c882ee9e547f5f359e11b1671ac3a1,"commit,pr,pr"
github:aditya7fb,aditya7fb,Aditya Kumar,85edc72d7b4315b183e64c3cd7e4345ec6ef588f57f0929c36d38c7fcaecb9be,"commit,pr"
github:adityakk9031,Adityakk9031,Adityakk9031,,pr
github:adityamedhe-cc,adityamedhe-cc,adityamedhe-cc,,pr
github:adkenyon,adkenyon,Alan Kenyon,56ccdd3ecc31190dd2b4bfae1468b91106e28908da0f8780d6b749f5eba9c945,"commit,pr,pr,pr,pr"
github:adlai-holler,Adlai-Holler,Adlai Holler,4e3c8b28f15ebb29a7dd34f90ad17c2f4e4b7cb2e041847bf944dda47097af87,"commit,pr,pr,pr,pr,pr,pr,pr,pr"
github:admirsaheta,admirsaheta,admirsaheta,2ab29903c41a6a0049fef18f1e10a4871ea72e25189ca1d8c96445e36ac4088c,"commit,pr,pr,pr,pr,pr"
github:admmasters,admmasters,Matt Revell,047ccec794e271e4a59f60d84ec9b9acc0cef04e8f467e18220078db5c06e918,"commit,pr,pr,pr,pr,pr,pr,pr"
github:adnan-bacic,Adnan-Bacic,Adnan Bacic,83a572b0a8f02bf2de26b64f782319a7aef4865715c7babcb6612e2b4b0bd98c,"commit,pr,pr,pr"
github:adnan-khan1122,adnan-khan1122,adnan-khan1122,,pr
github:adnanirfan,adnanirfan,Adnan Irfan,b7e27940e7fdcdf6eba77e101f6af3c9848802ac3a2f57f03bea6d3f93087416,"commit,pr"
github:adriancuadrado,adriancuadrado,adriancuadrado,0a89526450fb68878607c4cef74318b3cc1e375ece7360cc4756362e105630a6,"commit,pr"
github:adrianha,adrianha,Adrian Hartanto,940fd301e2f8e46cc36540cf7bd0f3996b507713090b3d452f6f5c2e2937b91b,"commit,pr,pr,pr,pr"
github:adrianomelo,adrianomelo,adrianomelo,,pr
github:adricu,adricu,adricu,,pr
github:adrienbataille,adrienbataille,adrienbataille,,pr
github:adrienbrault,adrienbrault,Adrien Brault,6dfbc750baa9ded2c225f9f5eb8c2ecf5e01e7ee0a5d5d027d13962b9e5ab227,"commit,pr"
github:adrienharnay,adrienharnay,Adrien HARNAY,805360b5051cc3c06eec40d37567b137bb52fa1ea1168ab68822c52bd3276904,"commit,pr"
github:adrienthiery,adrienthiery,adrienthiery,,pr
github:adzironman,adzironman,adzironman,,pr
github:aeulitz,aeulitz,Andreas Eulitz,a02c22f9bf60b048eaceb88766fb970073fb73ff914458adb76eb4e2f9669fa7,"commit,pr,pr"
github:af,af,Aaron Franks,782248278b30727ef898abe90149adb6e046ec7aa3908e9898bfb637ed3469f7,"commit,pr"
github:afady,afady,Fady,2d22fb13c3b3b3b438f396791d4010b879e67c4d77277c00cca894dc9b960be4,"commit,pr"
github:afilp,afilp,afilp,,pr
github:aflanagan,aflanagan,August Flanagan,861a8e60121f6ca7418ae8410f965252b0385263360a05dbad93d6dae86a0fff,"commit,pr"
github:afonsograca,afonsograca,Afonso,3b64784d0bb7008b246e341fa6c452cdcbc89fe9b48ed217d375c95c3f43bc84,"commit,pr,pr"
github:aforty,aforty,Arno Fortelny,2349b846cf78f60c949721ed55fe414bbd107208f632741166210cbded91671f,"commit,pr,pr"
github:afoxman,afoxman,Adam Foxman,0f4e1b2ae2e56b7d06c85d59fff1e77294a387be3bc9ea4c9bdce1431e8f6824,"commit,pr"
github:agents,agentS,agentS,,pr
github:aghoneim92,aghoneim92,aghoneim92,,pr
github:agiron123,agiron123,Andre Giron,7e11f93de13a0ea68d3c991ca2b99125e306f68a7fb416376f057ea5c9495fb8,"commit,pr"
github:agray86,agray86,agray86,,pr
github:agrcrobles,agrcrobles,alejandro garcia,815dfad8ceb54a7fefe67ae7a6480d4a29f8fab3ff1c1d5f080fda299eea348f,"commit,pr,pr,pr,pr"
github:agtlucas,AgtLucas,AgtLucas,,pr
github:agung1606,Agung1606,Agung1606,,pr
github:ahanriat,ahanriat,ahanriat,83d6c3ae635d34e66c1f3add1dafae3689d508bf9bb1fde9462ca442c0dbe8e3,"commit,pr,pr,pr,pr,pr"
github:aharons,aharons,Aharon Shemesh,7cc3605fd7fcd15293fffae4091935921406aea2a9bbb6de23d5d5d0ce0c7e5a,"commit,pr,pr"
github:ahimberg,ahimberg,Andy Himberger,3394efe158a2fba40b86d6f1d45767402c70887f933f460f13a60be34ec2ff43,"commit,pr"
github:ahmadao2214,ahmadao2214,ahmadao2214,80d3efca94fbfdaa510d77e6ac8be5eaeaedd104c3c8c1974428ac5cc408ead2,"commit,pr"
github:ahmadsyamim,ahmadsyamim,ahmadsyamim,,pr
github:ahmed1490,ahmed1490,Ahmed Abbas,93d14f3919e6719cab33e012ca57e79d757df02403729860a2037f497f9a6f8d,"commit,pr"
github:ahmedbilal008,ahmedbilal008,Ahmed Bilal,85ee9942487aedcfab8c718fa7f5a4e5d2614bd33b676a7d3d78ff578727c963,"commit,pr"
github:ahmedhamed77,Ahmedhamed77,Ahmedhamed77,,pr
github:ahmedibrahim-tomtom,ahmedibrahim-tomtom,Ahmed Ibrahim,bdba9b21944429d2cf53fac6491795b7fab7e2417c59f1ef1251eabe894ddbe3,commit
github:ahmedsakr,ahmedsakr,Ahmed Sakr,bed955a2adc95f97b48873ff33bf0e91fa88e8e6e5d99e15647fd9454d0db30b,"commit,pr"
github:ahmetberkinc,ahmetberkinc,ahmetberkinc,,pr
github:aialok,aialok,aialok,d63c4ff2166c6d12ebe771cff30e19be9db898e7fe8a7955509c16782f2c76b6,"commit,pr"
github:aichi,aichi,Michal Aichinger,465ecdb759ebdcbfa4b5f5fe3f289e58c01f18121c428f7a4a6cc2aed90cb5ab,"commit,pr"
github:aimango,aimango,aimango,,pr
github:aitchkhan,aitchkhan,aitchkhan,,pr
github:ajackster,Ajackster,Ajackster,,pr
github:ajacquelin,ajacquelin,Alexis Jacquelin,1dc947c9ce92510c0986a6b191845caef35094e91865a884503a66092e66443d,"commit,pr"
github:ajaska,ajaska,ajaska,,pr
github:ajaxjiang96,ajaxjiang96,ajaxjiang96,,pr
github:ajayk-01,AJAYK-01,AJAYK-01,,pr
github:ajb85,ajb85,ajb85,,pr
github:ajdinhedzic,ajdinhedzic,Ajdin,003a3fda1147dcbc5e3de6e5d0ce1347a642f833c74f9a1e18a7af940ef42d29,"commit,pr"
github:ajma,ajma,ajma,,pr
github:ajpaulingalls,ajpaulingalls,ajpaulingalls,ddb6d302a64b7863160f51c6eac0132168c79740453faea2553d3dc0c70ddaad,"commit,pr,pr"
github:ajstrand,ajstrand,ajstrand,,pr
github:akaharshit,AkaHarshit,AkaHarshit,,pr
github:akb48,AKB48,AKB48,3d7ec50ec184132bcaa960de2cfc64193c61fe8d81c495ce8c8305d051938e0f,"commit,pr,pr,pr"
github:akgunfu,akgunfu,akgunfu,,pr
github:akiran,akiran,akiran,,pr
github:aknuds1,aknuds1,Arve Knudsen,95956d9e488f846aea6d7fa4185d8e861b3733ecb222c2abd8983ec75b5d1b55,"commit,pr"
github:akriger,akriger,akriger,,pr
github:akshatpaul,akshatpaul,akshatpaul,,pr
github:akshetpandey,akshetpandey,akshetpandey,,pr
github:aksonov,aksonov,aksonov,,pr
github:akupila,akupila,akupila,,pr
github:alaa-ben,Alaa-Ben,Alaa-Ben,,pr
github:alabsi91,alabsi91,alabsi91,,pr
github:aladine,aladine,aladine,,pr
github:alanbinu007,AlanBinu007,AlanBinu007,,pr
github:alanchenup,alanchenup,alanchen,95a46633607c0a813f42a72c1592e1e7684e4ee69d92326b9c96d7a2bf260480,"commit,pr"
github:alandau,alandau,Alex Landau,12ffd5c4d125782c4566321dcb17d3e15a2287765192ff759024159452ada5f4,commit
github:alanfoster,AlanFoster,alanfoster,2981c755f0aea11bb666535a8d5420d712f9c0b8d88e74b1f846dd4b5684e4f0,"commit,pr,pr,pr,pr,pr"
github:alanjhughes,alanjhughes,Alan Hughes,7fa479347bd56e684390fbc33a46264aa9f2cfffdfc69a67438acf97040790a8,"commit,pr,pr,pr,pr,pr,pr,pr,pr"
github:alanleedev,alanleedev,Alan Lee,2c4835314dab5866c56ba4ad163849a2e611c21779d6b4218e6aefd9f11d5373,"commit,pr,pr,pr,pr,pr,pr,pr,pr,pr,pr,pr,pr,pr,pr,pr,pr,pr,pr,pr,pr,pr,pr,pr,pr,pr,pr,pr,pr,pr,pr,pr,pr,pr,pr,pr,pr,pr,pr,pr,pr,pr,pr,pr,pr,pr,pr,pr,pr,pr,pr,pr,pr,pr,pr,pr,pr,pr,pr,pr,pr,pr,pr,pr,pr,pr,pr,pr,pr,pr,pr,pr,pr,pr,pr,pr,pr,pr,pr,pr,pr,pr,pr,pr,pr,pr,pr,pr,pr,pr,pr,pr,pr,pr,pr,pr,pr,pr,pr,pr,pr,pr,pr"
github:alantrrs,alantrrs,alantrrs,b4945c2fd91b343b39767413ac426bda7b61b5768d93248d37484ba42fbcf0a5,"commit,pr"
github:alanwyf,alanwyf,Alan Wang,7ece4c3c28a3c5862b039b9aaa2495bdb9923de65820fb39812d3621f8216081,"commit,pr"
github:albertbrand,AlbertBrand,AlbertBrand,,pr
github:alburdette619,alburdette619,Adam Burdette,86eff8872bc28362d66bb224598ecd6ba9d8c35c2c6f95d4010432c08065f88f,"commit,pr"
github:alcedoatthis,alcedoatthis,alcedoatthis,,pr
github:alcedoatthis2,alcedoatthis2,Matej Matiasko,67f8a67c06f04bad708e5aa44ac922d1be196acee211fec7ef5dcb29b26b4639,commit
github:ale-sisto,ale-sisto,Alessandro Sisto,177b42ecf6604df2490990d682297473db6687a824211ec90e84f2193dc647b4,commit
github:alechill,alechill,alechill,,pr
github:aleclarson,aleclarson,Alec Larson,001fa3bc278b61a459c32be00833987d11d3e5f8be90ff22e1f414e21098167c,"commit,pr,pr,pr,pr,pr,pr,pr,pr,pr,pr,pr,pr,pr,pr,pr,pr,pr,pr,pr,pr,pr,pr,pr,pr,pr,pr,pr,pr,pr,pr"
github:alecmarcus,alecmarcus,Alec Marcus,44ea0e214c0442a394b2f7d43eae5dc2091a4357685516b9f5f6e9f157b1beeb,"commit,pr"
github:aleh,aleh,aleh,,pr
github:aleiva17,aleiva17,aleiva17,,pr
github:alekhurst,alekhurst,alekhurst,d933026f67cdab76b5239353710832d64beca6bb223f009b2c46004f1d8d4b71,"commit,pr"
github:aleksandrchernyavenko,AleksandrChernyavenko,AleksandrChernyavenko,,pr
github:aleqsio,aleqsio,aleqsio,f2d0b2e924d3d7f6e35a544bc1fa9d8c6a44d0d888c2aa50a68bc006876f7825,"commit,pr,pr,pr,pr,pr"
github:alespergl,alespergl,Ales Pergl,18f81fd73396bd4b5b3d6a1a41438a633394688eb73732c2a56bdac8049c4566,"commit,pr,pr"
github:alessiodionisi,alessiodionisi,alessiodionisi,,pr
github:alex-paterson,alex-paterson,Alexander Paterson,4f332940f1d8f14069d5b1ca7d7523286a8d9f600da0af92f12b655a1504d89d,"commit,pr"
github:alexanderblackh,alexanderblackh,alexanderblackh,,pr
github:alexandereggers,AlexanderEggers,Alexander Eggers,6638687f16315ef0b4ca6b2205e4b73bce3758ff0bbc2b0e58d58e4800dc85d4,"commit,pr,pr,pr,pr,pr,pr,pr"
github:alexanderjarvis,alexanderjarvis,alexanderjarvis,,pr
github:alexanderkjeldaas,alexanderkjeldaas,alexanderkjeldaas,,pr
github:alexandrius,alexandrius,alexandrius,,pr
github:alexbrazier,alexbrazier,Alex Brazier,742e6ae667b11ded007fc5839b6c12cd0a571b0f03fe2aadad925afc6573a834,"commit,pr"
github:alexcoco,alexcoco,Alex Coco,d786a6dbed055bd0f6e119d6cfa062a616b2a619be4540883d55ff9145340849,"commit,pr"
github:alexdar94,alexdar94,Alex,2736e3e0488da0b83fc908dc47e09537e4d556a4ea3d7a749e63af7a682ed034,"commit,pr"
github:alexeylang,alexeylang,Alexey Lang,7a405b44a0d194fc3f37a9d3cb339dd311626a287f14d904b736252eb625101a,commit
github:alexhanson,alexhanson,alexhanson,,pr
github:alexhlebnikov,alexHlebnikov,alexHlebnikov,,pr
github:alexkendall,alexkendall,Alex Harrison,b419e92027bc3f35d79b43e0fbd028bf2410153c05af1085503e9818e1c9bc8d,"commit,pr"
github:alexkovynev,AlexKovynev,AlexKovynev,,pr
github:alexkring,alexkring,alexkring,,pr
github:alexkrolick,alexkrolick,Alex Krolick,f03a81017cb594b9eb56f9d3dd4339de70c779bf4ff8d3bdd2d1efbf5cdad176,"commit,pr,pr,pr,pr,pr"
github:alexleventer,alexleventer,Alex Leventer,befaab83fdb85527411d734c0c46b96682ee720bdb767a3f1373fad1c743883f,"commit,pr,pr,pr"
github:alexlomi4,alexlomi4,alexlomi4,,pr
github:alexmadjar,alexmadjar,Alex Madjar,6ad7bb1449174a72779ec4ca8944f1f558affac38a0d6e6fb1adb5dad886c1c3,commit
github:alexmalyshev,alexmalyshev,Alex Malyshev,fdea51800d10114ba357e4c7c22e3dde63ed7c29b9c38979faf363dcd0b7b3ae,commit
github:alexmckenley,alexmckenley,alexmckenley,,pr
github:alexmick,alexmick,alexmick,,pr
github:alexruperez,alexruperez,alexruperez,,pr
github:alextoudic,alextoudic,Alex Toudic,d76a9e99cb2b848b30218b8e35af866b6165b09760a9c1e84e064f7bb44b7375,"commit,pr"
github:alexzel,alexzel,Alex Zelensky,dd3d5283e6eb2d5121bb600b7230f96dca4ca2d32c5e7279e900664c9966662f,"commit,pr"
github:alfiejones,AlfieJones,AlfieJones,,pr
github:alfonsocj,alfonsocj,Alfonso Curbelo,d23b3f075e3564c4e0b986e4eeedb16ac3a3f9a266473152be66cf576c4bfdcc,"commit,pr,pr,pr,pr,pr"
github:alfonsocj-cb,alfonsocj-cb,Alfonso Curbelo,102562f4e63b74a19f5f69a6f8d91cd37c575152b753c19cc0feec9e55a8be2f,commit
github:aliakbarazizi,aliakbarazizi,Ali Akbar Azizi,7e07cebd7f3becb7b73a67eac97d6533be838446e3b5df22f917e193f1f2ec18,"commit,pr,pr"
github:aliazizi,AliAzizi,Ali Akbar Azizi,304439d89e8f20f51b6bf0417bfe876ca9f1ed4430c7cc71064081bc23974f0e,commit
github:alicanc,AlicanC,Alican Çubukçuoğlu,bf4d17b0b06e301a4e63b62fb6ebb89dcd531ac28f571999c86096d6aded73df,"commit,pr"
github:alin23,alin23,Alin Panaitiu,4f95a0aa7b0efbfd68dcbc5a2e45b95f84870f883c2350cb84d953329b3810d8,"commit,pr,pr"
github:alinz,alinz,alinz,,pr
github:alirezabeigy,AliRezaBeigy,AliRezaBeigy,,pr
github:aliveing,Aliveing,Aliveing,,pr
github:aljs,aljs,Alex Ledak,4994ce4fa7ec90b7cb5ae204bb0a11af5cf7e8a366cf753baad328a5d90f236b,"commit,pr,pr,pr,pr"
github:allanjsx,allanjsx,Allan Jiang,6b84cc5adb45934b0393222c27bc4fa01eb08d2379dceb7da4fd359d3f796536,"commit,pr"
github:allengleyzer,allengleyzer,allengleyzer,3eae8ddd9b92db9ebdaffc1a213822bfa059def1d807642b651eee33af12fb1a,"commit,pr,pr"
github:allofthenorthwood,allofthenorthwood,Michelle Todd,1ffc9fdc374d765510dcc40e9d9c9ca7941b9c805a96b57c0f0cadd37f8d8b7b,"commit,pr"
github:allomov,allomov,allomov,,pr
github:alloy,alloy,Eloy Durán,65591abcf1b99c9d6c425aff72e02a4977072925c93872134a61b14739141d0f,"commit,pr,pr,pr,pr,pr,pr,pr,pr,pr,pr,pr,pr,pr,pr,pr,pr,pr,pr,pr,pr,pr,pr,pr,pr,pr,pr"
github:allthetime,allthetime,allthetime,,pr
github:alma-socar,alma-socar,alma-socar,,pr
github:almmiko,almmiko,almmiko,,pr
github:almost,almost,Thomas Parslow,0fd9ce7c25901553184da3d0cb31c9431b1e1fb8cd7d12808c6cdc7df9e6a5bf,"commit,pr,pr,pr,pr,pr"
github:almostintuitive,almostintuitive,almostintuitive,,pr
github:almouro,Almouro,almouro,e94db7edf78770294d4815bfad270453cd7e90c981146f49c23e15f66a535a38,"commit,pr,pr,pr,pr,pr,pr,pr,pr,pr,pr"
github:alonexx,Alonexx,Alonexx,,pr
github:alonsch,alonsch,Alon Schwarz,076c70027e5b4a8e88c92d851f9cc9541ce6a3e9ab74a0c5485c01349dd82b0e,commit
github:alonsopaulino,AlonsoPaulino,Alonso Paulino,7b10737e2373e6e8edd835fbda33d1ae2e659670ad937bd460e5d65bb4cab337,"commit,pr"
github:alper,alper,alper,,pr
github:alpha0010,alpha0010,Alpha,fa0f7fdba872f68b85bceaee5de9a61746dadbb119e76de27f990c54a52e292d,"commit,pr,pr"
github:alphashuro,alphashuro,Alpha Shuro,2428dac065e21703df07e5a763dbbff66c31a342ff7d494867e560f7795f187b,"commit,pr"
github:alphasp,alphasp,alphasp,,pr
github:alphatrl,alphatrl,alphatrl,,pr
github:alpparkan,alpparkan,alpparkan,844c75e643b65d8ff9a8a44e548a6072b74962f7fb126f25f7df2b5732a5379c,"commit,pr"
github:alstonlin,AlstonLin,Alston Lin,ea194713991b2169030f6b3dec4992be9e5be57f73afa50c48fb17e863a97798,commit
github:alsun2001,alsun2001,alsun2001,,pr
github:alsutton,alsutton,Al Sutton,e58af808dc10f5d0b2ac0ff0b276b54bb8b142286d4c476ce481aaae241c41d9,commit
github:altaibayar,altaibayar,Altaibayar Tseveenbayar,2d3a5861c099ac038f013ed91d60e579b790987ca5c2713354c0779457eb2f88,commit
github:alunyov,alunyov,Andrey Lunyov,641a04cd2e3e2f77b5116da1f2da365e62b345f7f594e2ae374b1be67d221865,commit
github:alvaromb,alvaromb,Álvaro Medina Ballester,ea48306172c77ae5bd6a048b6a69214390469bb8fa3576cb1bbaacbd404c5600,"commit,pr,pr,pr,pr,pr,pr,pr,pr"
github:alvarowolfx,alvarowolfx,alvarowolfx,,pr
github:alvessteve,alvessteve,Steve Alves-Blyt,11aed7cef4765160169ab0a9e1675a6e486a878df004b32be9b7d6b03d363709,"commit,pr,pr,pr"
github:alvinmatias69,alvinmatias69,Matias Alvin,9f935d988c76548b88022ea95a063bc78ecbb8d8a90583849aac7c49d7ef09b2,"commit,pr"
github:alvinthen,alvinthen,Yao Bin Then,1ee8b2d7aa8656ab00d4ee05584e1161e66dac8284148dd0d365437ba44fe889,"commit,pr,pr,pr,pr,pr,pr,pr,pr,pr"
github:alwaysowner007,alwaysowner007,alwaysowner007,,pr
github:alwx,alwx,Alexander Pantyuhov,046c3903cfd12d231005d93560609ddacf5ada66c906ca82d8419d2ad4c3dcc8,"commit,pr,pr"
github:alzuma,alzuma,alzuma,,pr
github:amalchandran,amalChandran,Amal Chandran,aa97aeefc6387b4de6e5d7412ef3a204f977331b8b403b7c73c3fcfd294b0692,"commit,pr"
github:amarant,amarant,amarant,,pr
github:amartinz,amartinz,Alexander Martinz,a4865c2fb87c5b50ba8dda54db160ae30749c18d1bff318c1440b9bdf9f615d0,"commit,pr"
github:amasad,amasad,Amjad Masad,c6b56e2d1fdeaae3404caa8f92e9f1fea630a39bd76f10a980009615b6322a73,"commit,pr,pr,pr,pr,pr,pr"
github:amccarri,amccarri,Alex M,07f4cae9f23a8dc0552367e7897e5b0e9054f5c8dc8116969704d4917110e87b,"commit,pr"
github:amccloud,amccloud,amccloud,,pr
github:amcsi,amcsi,amcsi,,pr
github:ameyshrivastava,AmeyShrivastava,AmeyShrivastava,,pr
github:amgleitman,amgleitman,amgleitman,,pr
github:amhinson,amhinson,Alex Hinson,0f47eb006416bef18721a95f6c72cc11ce78136142120877906efd687dc92d45,"commit,pr,pr,pr"
github:amilcar-andrade,amilcar-andrade,amilcar-andrade,97fa582c5610c16de492e7185cadbfcc1d87e08290886b69765e53e6d6280910,"commit,pr"
github:amin3mej,amin3mej,amin3mej,,pr
github:aminroosta,aminroosta,amin roosta,c32b4079f32b9b55a7afdaaaadac61cf1398af89c5bcc26203fbe444a541a072,"commit,pr"
github:amir-shalem,amir-shalem,Amir Shalem,889882f587f9a9287668e159ceb34c93c00a61de1708bddcdc4286360cd69193,commit
github:amirlivneh,amirlivneh,Amir Livneh,9c5639ed01fb8b1dd58539eb16ab22e3c9cd9ce8a138ff9707ed3152e966f3db,commit
github:amitkumar-source,amitkumar-source,amitkumar-source,,pr
github:amitmundraz08,amitmundraz08,amitmundraz08,,pr
github:amonshiz,amonshiz,Andrew Monshizadeh,c2dcda3041410fe8227a0b2b078b851e7aea12a15154c24ec3824146f7cf5367,"commit,pr"
github:amrfarid140,amrfarid140,Amr Yousef,d2c6314e2f6630074667faaa145c9502e6fa35be19391f679cc242523f4b6012,"commit,pr"
github:amy588,amy588,Amy Nichol,0fe6c0c6d3c8438c673ba7b8633ab48d399c86945ffc2e8b34d729173b7a269a,commit
github:amzotti,amZotti,amZotti,,pr
github:ananta,ananta,ananta,e39df589345f391104d8ee1c6af3a2fb7c9d5b278a798ea2f96172e5bec0254b,"commit,pr"
github:anantjain-xyz,anantjain-xyz,Anant Jain,4ca01a3b6bbd225741a1c6a125cfc5ce183fef4a58c04e11e310af817796a3bf,"commit,pr,pr"
github:ananya88,Ananya88,Ananya88,,pr
github:anaskhraza,anaskhraza,Anas Khurshid,aebba392dec8d3f40d81761918a4b8c58028502f14a9bc155b6b6fdb20de9902,"commit,pr"
github:anback,anback,anback,deabe4d8f33109380e1f95d872550fbf492b8d08fa1a7239261ddff2705bf26e,"commit,pr,pr,pr"
github:andarius,Andarius,Julien Brayere,cf926b9519e07a4a431cda1b7ad7e023640dbcccbaf4a2881959ee829548d438,"commit,pr,pr"
github:andbits,andbits,Andrew Rabon,7c05cbfa9b275415b721f0b17ab4061a0cc62a17b488b78ba5ee6db40bed2644,"commit,pr"
github:anderdb,anderdb,anderdb,,pr
github:anderslatif,anderslatif,anderslatif,,pr
github:anderslemke,anderslemke,anderslemke,,pr
github:andersonvom,andersonvom,Anderson Mesquita,ed33662b16c7ce164fba6ed2fdaa27b9d63497c764b4ac7dcbe004b717a53271,"commit,pr,pr"
github:andersryanc,andersryanc,Ryan Anderson,5ad1785c3c57fe5b33ffe7463d8bd385d5f6d33f8b99e84d759e675943868cf1,"commit,pr"
github:andr3whur5t,Andr3wHur5t,Andr3wHur5t,01f62ea179f65f18cb65701a739272c06903a161027c4391e5be1d42ecdbb3e8,"commit,pr"
github:andre-krueger,andre-krueger,andre-krueger,,pr
github:andre-lima,andre-lima,andre-lima,,pr
github:andre-rodrigues-dev-web,Andre-Rodrigues-Dev-Web,Andre-Rodrigues-Dev-Web,,pr
github:andreacassani,andreacassani,Andrea Cassani,3b9465313485382ac9673e07b971c6a0f6556465083e2489ea34ea3f1eea2e60,"commit,pr"
github:andreasdri,andreasdri,Andreas Drivenes,9c3165da52c912e8ec0193de8e447346b88666496ec8b20c3a22ad5777c2acb2,"commit,pr,pr,pr"
github:andreialecu,andreialecu,andreialecu,,pr
github:andreicalazans,AndreiCalazans,AndreiCalazans,e884bb4379e84add1f8399489fc3d029f956c917c943175e056711a4de3212fa,"commit,pr,pr,pr,pr,pr"
github:andreicoman11,andreicoman11,Andrei Coman,c7fd1b53d98d48f4fb9fb2d506989befa88e0974d31e494b6c72dcc563a3bfda,"commit,pr"
github:andrejborstnik,andrejborstnik,andrejborstnik,397229c531787632ec5595c63d456f81a02a30c17fef1f88ba4f7c583363bcda,"commit,pr"
github:andreleitaodeveloper,AndreLeitaoDeveloper,AndreLeitaoDeveloper,,pr
github:andrelion,AndreLion,Andre,7ad3e27daed6ec5a938758a960ce4478402f033d901f196343b4d3edb6a140f9,"commit,pr"
github:andresantonioriveros,andresantonioriveros,Andres Riveros Moya,d79dcfde67fc6f8884cc01f497d7f1b445d28c06666b7a60a686aa66b9fd989f,commit
github:andrestone,andrestone,Andre,1b7263e8b1892d8ba55fc840e751b1169c217be17949bf32abde5defd892a6b3,"commit,pr"
github:andrew-schenk,andrew-schenk,andrew-schenk,,pr
github:andrewbastin,AndrewBastin,Andrew Bastin,a8a16cfe0081e73657dac0cfb389e22e60945d289152af71eb462953688b85b5,"commit,pr"
github:andrewdacenko,andrewdacenko,Andrew Datsenko,234c08411e4e64770354802c1a40f4efb1d1b3142892da98662a772ce8e5f74e,"commit,pr,pr,pr,pr,pr,pr,pr,pr,pr,pr,pr,pr,pr,pr,pr,pr,pr,pr,pr,pr,pr,pr,pr,pr,pr,pr,pr,pr,pr,pr,pr,pr,pr,pr,pr,pr,pr,pr,pr,pr,pr,pr,pr,pr,pr,pr,pr,pr,pr,pr,pr,pr,pr,pr,pr,pr,pr,pr,pr,pr,pr,pr,pr,pr,pr,pr,pr,pr,pr,pr,pr,pr,pr,pr,pr,pr,pr,pr,pr,pr,pr,pr,pr,pr,pr,pr,pr,pr,pr,pr,pr,pr,pr,pr,pr,pr,pr,pr,pr,pr,pr,pr,pr,pr,pr,pr,pr,pr,pr,pr,pr,pr,pr,pr,pr,pr,pr,pr,pr,pr,pr,pr,pr,pr,pr,pr,pr,pr,pr,pr,pr,pr,pr,pr,pr,pr,pr,pr,pr,pr,pr,pr,pr,pr,pr,pr,pr,pr,pr,pr,pr,pr,pr,pr,pr,pr,pr,pr,pr,pr,pr,pr,pr"
github:andrewdelprete,andrewdelprete,andrewdelprete,,pr
github:andrewgable,AndrewGable,Andrew Gable,c2ae0d96506bedb3c2bae5f0b2ab3c6f343063f2b841247967dfe9bcc78f608c,"commit,pr"
github:andrewgleave,andrewgleave,andrewgleave,,pr
github:andrewgrewell,andrewgrewell,Andrew Grewell,616dc2838158a55b8a26e07f8e0a011bf29a8c723b44ec4e937541a66fe9925b,"commit,pr"
github:andrewhenderson,AndrewHenderson,AndrewHenderson,,pr
github:andrewimm,andrewimm,Andrew Imm,d5f3de51676550ece72dd69d6b21943edb2a12499e22f7850c99cdfc5bee5cae,"commit,pr,pr"
github:andrewingram,AndrewIngram,Andrew Ingram,d315a3f3de317237532816b6e6320f899941fc629b6db02167fdb856df4cfcf9,"commit,pr"
github:andrewjack,AndrewJack,Andrew Jack,4137376234e2dbabcf9b5188df14530d24aaf1a112845b4c1ffb26788fa98380,"commit,pr,pr,pr,pr,pr,pr,pr,pr,pr,pr,pr,pr,pr,pr,pr,pr,pr,pr"
github:andrewjcg,andrewjcg,Andrew Gallagher,dfa837ce2e0323ccb9c9882f1c2d29e751542dd7e0617a4d9ef6c932448c63f2,"commit,pr"
github:andrewke,AndrewKe,Andrew Ke,7bd04dded03f3061458c9f2f7698b58829138108d568b5163d888b2076822c56,"commit,pr"
github:andrewkriger,andrewkriger,Andrew Kriger,270e398d1a84e3f1f7af7e5b57010817e150f23c239649f6d374357f91bff3af,commit
github:andrewkunkel,andrewkunkel,andrewkunkel,,pr
github:andrewlinfoot,andrewlinfoot,Andrew Linfoot,7569e8799ad0463cb3da129556a03a3854cf2800bd745189af2a953b8bf43e35,"commit,pr,pr"
github:andrewljohnson,andrewljohnson,andrewljohnson,,pr
github:andrewn,andrewn,Andrew Nicolaou,e8904909d09552740e273711db1547f2774073e96bf3aaa36846620e2fb0260e,"commit,pr"
github:andrewsardone,andrewsardone,Andrew Sardone,b7988a0cc784198f8d0c21ee9327ab3469f92357f3e36d651f5e43475c88c709,"commit,pr,pr,pr,pr,pr,pr"
github:andrewzhurov,andrewzhurov,Andrew,e43b2e72875e72ec5ac85a017c95efbb35d19dc9fa19b3ea9e17ffc98b9a18f0,"commit,pr"
github:andreyakinshin,AndreyAkinshin,Andrey Akinshin,a7c96741c83a8a6535ff096ef02cd38134ef4d6b26b312704e44275ab01ea347,"commit,pr"
github:andreyco,Andreyco,Andrej Badin,6cb8540b8c44ad7a3dbfb24fe37cb1868a644e2d13ebd32efeb6ef2cdf550402,"commit,pr,pr,pr,pr"
github:andy9775,andy9775,Andy,365ecc6fc26759046410a973716e7f7eaf18ea1fe4af2d006a7fbdeb61416783,"commit,pr"
github:andyfen,andyfen,andyfen,,pr
github:andyg,AndyG,AndyG,,pr
github:andyhite,andyhite,andyhite,,pr
github:andymatuschak,andymatuschak,Andy Matuschak,0679f1529baf4c939ac3bb82f58df36b35ecdb2c91ff1ad82e9aa83ccd26554c,"commit,pr,pr"
github:aneophyte,aneophyte,aneophyte,c1922476156ac06586b64b7ad8cb6c4349739095e965e266063bb77363c71086,"commit,pr,pr,pr"
github:anferrat,anferrat,Andrei Lomtev,9e5542880eb768c3464f03645b8fbd891b325d1fd5b76057ac3dc6ae2b10e300,"commit,pr"
github:angelo-bubble,angelo-bubble,angelo-bubble,,pr
github:angelzc790347,AngelZC790347,AngelZC790347,,pr
github:anhldbk,anhldbk,anhldbk,,pr
github:ani4aniket,ani4aniket,Aniket Kumar,df3a543774d2cf0a1ee43383280570c9b703073e0455501616bc819af2604c3e,"commit,pr,pr,pr,pr,pr,pr,pr,pr,pr,pr"
github:aniketmathur,aniketmathur,Aniket Mathur,7204aba9b62bfbe9e91460b3504d1ff4e1bdefa34f8fc5a993a2715ca20d1502,"commit,pr,pr"
github:anilpdl,anilpdl,anilpdl,,pr
github:animaonline,animaonline,animaonline,,pr
github:anirudhdream11,anirudhdream11,anirudh.bharti,d2c82a3641693b5026b3f78cbb3a8448fbd9af5dd88eefb1ee28b87d6ae90aad,"commit,pr"
github:anisorphcia,anisorphcia,anisorphcia,,pr
github:anivar,anivar,anivar,,pr
github:ankit-tailor,ankit-tailor,ankit-tailor,e6ae5b4dd5e16c6ccce8921cb304d9ad99ec4873cdaff9e3864495b8f7b00ff4,"commit,pr,pr,pr,pr,pr,pr,pr,pr"
github:anku255,anku255,Ankit Tiwari,80a070982e8fb7bf24fc13dd6fbfa6dc1a26b722d1cfbb4214ad16418996e739,"commit,pr,pr,pr,pr,pr,pr"
github:anndaming,anndaming,anndaming,,pr
github:annepham25,annepham25,annepham25,,pr
github:anoopc,anoopc,Anoop Chaurasiya,b80725b959b867899a83eabe5eeb61ad07128d95db83154a3411379123017d13,commit
github:anp,anp,Adam Perry,2aee72b5427cf9f7ee11eb67ba085b9b8dee168691621f689a0617b27f9d9b87,"commit,pr,pr,pr,pr,pr,pr,pr,pr,pr"
github:ansalibrahim,Ansalibrahim,Ansalibrahim,,pr
github:anshg714,AnshG714,AnshG714,,pr
github:anshulagarwal06,anshulagarwal06,Anshul Agarwal,f1852871b637c1d5c4d0d77e5c08ed12b023b843ebe94feb7dd95268a0962a07,"commit,pr"
github:anta-semenov,anta-semenov,Anton Semenov,508c4f121478847282f353f5ae7d1f49c22e0b7fb005fc372a7ff12c98766c40,"commit,pr,pr"
github:antfrancon,antFrancon,antFrancon,7bb60355c7354351b39a685edcf6c2fc153416014594c0dfc0f6c2a74cfb61d6,"commit,pr"
github:anthonybajoua,anthonybajoua,Anthony Bajoua,503faee69cc00fe2a3236a4eb320536152316f8c79e5010393893128a90592eb,"commit,pr"
github:anthonyhumphreys,anthonyhumphreys,anthonyhumphreys,,pr
github:anthonymrodrigues,AnthonyMRodrigues,AnthonyMRodrigues,,pr
github:anthonyzou,Anthonyzou,Anthonyzou,,pr
github:anti-tony,ANTI-Tony,ANTI-Tony,,pr
github:antimatter15,antimatter15,Kevin Kwok,ae2380f078f9a34e14a04337d17216eedaceac4474cb0a10ac0e153e9ead3b56,"commit,pr"
github:antliann,antliann,antliann,a96109fa77d31ef30ddca63dea2e104b2ff451f4002029bd1d840c4f8623b8d8,"commit,pr"
github:antoinedoubovetzky,AntoineDoubovetzky,AntoineDoubovetzky,,pr
github:antoinegrant,antoinegrant,Antoine Grant,e5ccb0137fa7b2764b35aa265b671049e3e55c02832355be86585be1ae2d1e2d,"commit,pr"
github:antoinerousseau,antoinerousseau,Antoine Rousseau,660b0b0540f9352b96bb7aced9d37690a5a38672cce1a9cc487036e48c413b24,"commit,pr,pr,pr,pr"
github:anton-matosov,anton-matosov,anton-matosov,,pr
github:antonbrk,antonbrk,antonbrk,,pr
github:antondomashnev,Antondomashnev,Anton Domashnev,ad0a68f9434686afaae33747c581f262352bbb5013fdfad682318dfb48754063,commit
github:antonychan,antonychan,Antony Chan,59258775636fa92097196685140340151a5362638b7b51a17fb2578fa7a0b6c1,"commit,pr"
github:antoxi4,antoxi4,antoxi4,,pr
github:anttimo,anttimo,Antti Moilanen,973a07f5bd2e73461e87a63f7eeb04b03a94a4bf291a1cee6bd5acd2e61151b8,"commit,pr,pr,pr,pr"
github:antzshrek,antzshrek,antzshrek,,pr
github:anumessi10,AnuMessi10,AnuMessi10,,pr
github:anupriya13,anupriya13,Anupriya Verma,379551c8e1ef8ff3316d2899185f90f306b3cedebaec9df903b0e72bbc4190f9,"commit,pr,pr,pr,pr"
github:aoarashi1988,aoarashi1988,aoarashi1988,,pr
github:aoriani,aoriani,aoriani,,pr
github:apadalko,apadalko,Oleksandr Padalko,ada3ec8170f0694f488d6724f05ba56235652521cef1e0bd256ba636aef6d2f1,commit
github:apalmblad,apalmblad,apalmblad,,pr
github:aparedes,aparedes,Alejandro Paredes Alva,83ab54511a30426f62fba0c89d11b9771484137f6609f0bb3a9a6a3d460ef6e0,"commit,pr"
github:apaul314,apaul314,apaul314,,pr
github:apexskier,apexskier,Cameron Little,ec12c22811ef9ac3832182a775a411d423a220bfabd30233edd56b70cbb006f6,"commit,pr,pr,pr"
github:apires,apires,apires,,pr
github:apkumar,apkumar,apkumar,,pr
github:appden,appden,Scott Kyle,2700ad2b674fe16026f685e7b2b8d719e4ec8f5fe7addf6d16b2bc35ec4d655f,"commit,pr,pr,pr,pr"
github:appsforartists,appsforartists,Brenton Simpson,84d0dec145ac1c356b48677de4fc8d0f6daffbc63ce4f82c985b6ea5904630df,"commit,pr,pr"
github:aprct,aprct,aprct,,pr
github:aprock,aprock,Andy Prock,497bd881cb00be9ba2b5bb233c31c4597b72f7c56dccf092c0a78f47e4fe6fd3,"commit,pr"
github:apuruni,apuruni,Kun Wang,f93222d634805a45e6e437264176b588eca77f735cc9964abf525fa5a5848814,"commit,pr"
github:aputinski,aputinski,Adam Putinski,117e813f1ebf10c4f2779ed8bfb86057cb6d11c5a7f89655da7402eec26cff68,"commit,pr"
github:arahansen,arahansen,Andrew Hansen,efc97cf3b8698a9d45e76172776f1041749da7557bfd867c50ed35bd997ee3e4,"commit,pr"
github:araratispiroglu,araratispiroglu,araratispiroglu,,pr
github:arasmussen,arasmussen,Andrew Rasmussen,e9a7e18aa276d27acaf0964bfc16140373f8544f24cca797af309a8af94500af,"commit,pr,pr,pr"
github:arazabishov,arazabishov,Araz Abishov,04944a4c7df0dff69289f88bd2ecec1ad15975872c516bf6dacf2452b8fa8d91,"commit,pr"
github:arbesfeld,arbesfeld,Matthew Arbesfeld,57dce7218901772b3e8d15b15d209c4b835e600c8b465790ea3f36e001175baa,"commit,pr,pr,pr,pr,pr,pr,pr"
github:arcanis,arcanis,Maël Nison,9bfea59a4f5eb17e28103d281ac9f3b2a0f798e19b65b417e6a98a8d8af0844c,commit
github:arcodergh,arcodergh,Alejandro,83d44211134dd9210425eb5a192d1f764ad8670a8fb2cf3d521b6b84cd935af6,"commit,pr"
github:arekchr,ArekChr,ArekChr,,pr
github:arensade,arensade,arensade,,pr
github:arhelmus,arhelmus,Arthur Kushka,7fc8a54f4413904823e2b285c039e824dfc38a44a2e6ab7db7dc244ede72faf8,"commit,pr"
github:ariabuckles,ariabuckles,Aria Buckles,7f4d64ca0c57b32c291c91c73f4c9eed2f556bac9e9dabe7ea43d3d8eb2d3a7a,"commit,pr"
github:arian,arian,arian,,pr
github:arianitu,arianitu,arianitu,,pr
github:arichnad,arichnad,arichnad,,pr
github:arielelkin,arielelkin,Ariel Elkin,2da622ba92031ff75eeab1da03fa89dec0da15b4a2699a850aaaa10c223668c5,"commit,pr"
github:arielin3,arielin3,arielin3,,pr
github:arinjay,arinjay,Arinjay Sharma,6d6e110c4ed935e60a23b22781ebb78e834d06d8c5f60ef0453ef80b78083183,"commit,pr"
github:ariprasath4664,ARIPRASATH4664,ARIPRASATH4664,,pr
github:arjan-zuidema,Arjan-Zuidema,Arjan Zuidema,80de0a57294f1032b37dadd5acf3baba2a0ccb09a188bfab5acfd35e31894f18,"commit,pr"
github:arjunblj,arjunblj,Arjun Balaji,b3ef677bfd88a2ff6cff282c9c02979ac24c605756e7be84fcaba8dce2339fe0,"commit,pr"
github:arjunkomath,arjunkomath,Arjun Komath,7f99affda55e9eb0bcc30b2099b0cfc66292a0573292ecca142f6a16ecb9aca1,"commit,pr,pr"
github:arjunnn,arjunnn,Arjun Munji,1b02f6d6e7d99c4d8d2ff0540a41d71bea44917b2af3f2fb2c860af6254e0704,"commit,pr"
github:arkeologist,ARKEOLOGIST,ARKEOLOGIST,,pr
github:arkkeeper,Arkkeeper,Arkkeeper,c22ec475d9ff22f8f17c430fcf457ebec9c2563411c663c990a57e2d2050bbb5,"commit,pr,pr"
github:arkolos,Arkolos,Mattéo Martin,58a1120b13c521ab677b1d8ff94ad28794edd729e136a9aab92d8240dcf9387f,"commit,pr"
github:armellajuan,ArmellaJuan,ArmellaJuan,,pr
github:arnabsen,arnabsen,arnabsen,,pr
github:aroravarun,aroravarun,aroravarun,,pr
github:aroth,aroth,Adam Roth,92db1c9805d8f2daafa826dc852b2052488e64f46641ae5683e26354a0379650,"commit,pr,pr,pr,pr"
github:arrayzoneyour,ArrayZoneYour,ArrayZoneYour,,pr
github:arsalandogar,arsalandogar,arslandogar,5c22b2b21b721a507077c246e5fea34ae5aac6846aa87c5794d977cd8afd4aff,"commit,pr"
github:arsen,arsen,arsen,,pr
github:artdent,artdent,Jacob Lee,412aebfee7c46d1c78cece7a6b2e0a29e05f89af87a746f584db4900f576e913,"commit,pr"
github:artemkosiakevych,ArtemKosiakevych,ArtemKosiakevych,,pr
github:artemyarulin,artemyarulin,artemyarulin,,pr
github:arthuralee,arthuralee,Arthur Lee,a2543bfd37f52d271f828fb303d1c41e472bbba883f20e15702472f3c3a02f5d,"commit,pr,pr,pr,pr"
github:arthurassuncao,ArthurAssuncao,ArthurAssuncao,,pr
github:arturkalach,ArturKalach,Artur Kalach,c9241fbfe675b1f3dbc5e4c5d3d03955ef457f989307a0c112e701cf47e88aaf,"commit,pr,pr"
github:arturklajnerok,ArturKlajnerok,ArturKlajnerok,6d4af4c48acddc243135b4b9285e32cfafe475275307138f0944bf0084e91300,"commit,pr"
github:artus9033,artus9033,artus9033,9227ec275bb10a4dc73e3feebadb66f169addde45ea4c441b93717272c81448b,"commit,pr,pr,pr,pr"
github:artyomtrityak,artyomtrityak,Artyom Trityak,e774c59aa448af91fcfcc25886978aec8016333e8af52c12da7bfc81eaeb9d36,"commit,pr,pr"
github:arunim2405,arunim2405,arunim2405,,pr
github:arunv,arunv,arunv,,pr
github:arushikesarwani94,arushikesarwani94,Arushi Kesarwani,505fd0f55d8b21c9c73fb21d1ecf29b31d1a945a948a5965bf88937c47e4e1ab,"commit,pr,pr,pr,pr,pr,pr,pr,pr,pr,pr,pr,pr,pr,pr,pr,pr,pr,pr,pr,pr,pr,pr,pr,pr,pr,pr,pr,pr,pr,pr,pr,pr,pr,pr,pr,pr,pr,pr,pr,pr,pr,pr,pr,pr,pr,pr,pr,pr,pr,pr,pr,pr,pr,pr,pr,pr,pr,pr,pr,pr,pr,pr,pr,pr,pr,pr,pr,pr,pr,pr,pr,pr,pr,pr,pr,pr,pr,pr,pr,pr,pr,pr,pr,pr,pr,pr,pr,pr,pr,pr,pr,pr,pr,pr,pr,pr,pr,pr,pr,pr,pr,pr,pr,pr,pr,pr,pr,pr,pr,pr,pr,pr,pr,pr,pr,pr,pr,pr,pr,pr,pr,pr,pr,pr,pr,pr,pr,pr,pr,pr,pr,pr,pr,pr,pr,pr,pr,pr,pr,pr,pr,pr,pr,pr,pr,pr,pr,pr,pr,pr,pr,pr,pr,pr,pr,pr,pr,pr,pr,pr,pr,pr,pr,pr,pr,pr,pr,pr,pr,pr,pr,pr,pr,pr,pr,pr,pr,pr,pr,pr,pr,pr,pr"
github:arv,arv,Erik Arvidsson,304071fb1eaf24f4b4a407e847ace4122a5bfab11a292e59c5fb58c4ac3b3229,"commit,pr,pr,pr"
github:arvinio,arvinio,arvinio,,pr
github:aryaemami59,aryaemami59,aryaemami59,,pr
github:aryaman1792,Aryaman1792,Aryaman1792,,pr
github:aryan2727-debug,Aryan2727-debug,Aryan Dev Shourie,c34290418bbb1dbafa2113e5ff17aac2546b5c36f1b197f5677fcff24fe9baf9,"commit,pr"
github:aryanj-nyc,AryanJ-NYC,AryanJ-NYC,,pr
github:aryanm5,aryanm5,aryanm5,,pr
github:aryanp45,AryanP45,AryanP45,,pr
github:arypurnomoz,arypurnomoz,arypurnomoz,,pr
github:asafkorem,asafkorem,Asaf Korem,9978528cfadb21460e23fe418a3220aa1a3e31dfd9c73b7ecc7ed4b2884e0a4e,"commit,pr"
github:asanyone,asAnyOne,asAnyOne,,pr
github:asce1885,ASCE1885,ASCE1885,78f4752fc2b4c379b621c6cfd3c5a36aaef6c1b4b85a8b0c59b4cbefa589240f,"commit,pr,pr,pr"
github:ascherkus,ascherkus,Andrew Scherkus,f8aa7e275612e97699b707fe5c3e8a1d3839efa8c082330d4f6081c79daa4949,"commit,pr"
github:ascorbic,ascorbic,ascorbic,,pr
github:aseemnishad,aseemnishad,aseemnishad,,pr
github:asendia,asendia,asendia,,pr
github:asgvard,asgvard,asgvard,,pr
github:ashaller2017,ashaller2017,ashaller2017,,pr
github:ashertoufeeq,ashertoufeeq,ashertoufeeq,,pr
github:ashleydw,ashleydw,ashleydw,,pr
github:ashoat,Ashoat,Ashoat Tevosyan,1f5793c25c4c9c66aa2fc1d65b2d65d3d0b610114c9bac865451d9cfeb518d51,"commit,pr,pr,pr,pr,pr,pr"
github:ashwinb,ashwinb,Ashwin Bharambe,cf1fe5b248f06aee2273477db8c520fc1a14b0a3c6c41bbbd3a3e822daf79710,commit
github:asklar,asklar,Alexander Sklar,04cfc6fbf4cb022c9e6b389eaa663a5039f03d371edac6f1559d6089e527e3bd,"commit,pr,pr,pr"
github:asmeikal,asmeikal,Michelle Laurenti,fd0866dadeb62e3af4bb749b42013be3239a5457ea4c610da28528b591fdeca4,"commit,pr"
github:asmockler,asmockler,asmockler,e399178309eb246649e653ce99b3953df1330f223f35335f3d0289ecbac52ab9,"commit,pr"
github:aspireiot,aspireiot,aspireiot,,pr
github:assynu,assynu,Dawid Bartczak,ac455593d0d5cee08e36fb457129c7a4c7757bd569f3292eff9d9e682b3126da,"commit,pr"
github:astreet,astreet,Andy Street,2d58ed514071d0a92a0a22d473773c4cf13d3092dc85b5e74e3e1195072859fc,"commit,pr"
github:astuetz,astuetz,astuetz,,pr
github:aswin-s,aswin-s,aswin-s,,pr
github:aswinandro,aswinandro,Aswin Andro,618defd8d212c430e0c990960a73a4678cb6b514bd2faa496a8512540d504726,"commit,pr,pr,pr,pr"
github:asyler,asyler,Vladyslav Krasnolutskyi,70707fe939262ab13c6547090604bb693bde64f53d5ce2d96e224e5dc49c582d,"commit,pr,pr"
github:aterribili,aterribili,aterribili,,pr
github:ath1614,ath1614,ath1614,,pr
github:atifmansoor,atifmansoor,Atif Mansoor,2cc5cf782a4c1066dc7902452a29cc0ea09803fbb6e6413e1236ff44f3074900,"commit,pr"
github:atkit,atkit,atkit,,pr
github:atlanteh,atlanteh,atlanteh,02607c91da83d58c25eea81ee560638007a98e284ac4d82e26fe84d35b233639,"commit,pr"
github:atlj,atlj,Burak Güner,e71c44e3a9b72b97b77248fc5f55afe14cfc3608cd175b1cfe864dee85b1cac8,"commit,pr"
github:atmoio,atmoio,atmoio,,pr
github:atsjenk,atsjenk,atsjenk,,pr
github:atticoos,atticoos,Atticus White,03b88a91cf9b68b948694eb4dac3b72fa6d5a151da7421c98d5d83fbb9879914,"commit,pr,pr,pr,pr,pr,pr,pr,pr,pr"
github:attributei,attributei,attributei,,pr
github:atul206,Atul206,Atul206,,pr
github:augustinlf,AugustinLF,AugustinLF,,pr
github:augustl,augustl,August Lilleaas,60d77175d82722866b14f3962f4232aa16d3f0caa4f9b88f36a941948a83aa7a,"commit,pr,pr"
github:aurelienlajoinie,Aurelienlajoinie,Aurelienlajoinie,,pr
github:aurorem,AuroreM,AuroreM,,pr
github:austin1030,austin1030,austin1030,,pr
github:austinlyons,austinlyons,austinlyons,,pr
github:avaly,avaly,Valentin Agachi,e59927ff339a60d6a1cc684bf550e249661ac52bc03286108face30f26b2513c,"commit,pr,pr,pr"
github:avendiart,avendiart,Vladislav Pilgasov,8de2e10cf118d40bb4f715c0b0b2ae3613e3624c398cfd7688c710e498143cf3,"commit,pr"
github:aversafetest,aversafetest,aversafetest,,pr
github:avikchaudhuri,avikchaudhuri,Avik Chaudhuri,9d62fb62d07eff1e7bc82f21250de2f452114e51f8b7ef54bc1d3eec97f41a54,commit
github:avishayil,avishayil,avishayil,,pr
github:avp,avp,Aakash Patel,0e296c7f33ac24be509e125ce0c3aa1ddb3b450c6f1392a66fad63d27ade2317,"commit,pr,pr"
github:avrhovac92,avrhovac92,avrhovac92,,pr
github:awalmubarak,awalmubarak,awalmubarak,,pr
github:awinograd,awinograd,Alec Winograd,786d7594d6ca4de85db86bb280d999cfba712fa1994ca23a1b22703b493ecce4,"commit,pr,pr"
github:awitherow,awitherow,awitherow,3121dd00f87ed5e8f71208e0c05974eeb8b9b5013e85b8d4d1cfd29124fe7adc,"commit,pr"
github:axe-fb,axe-fb,Ram N,26980eaefce4319022c62e199723cbb969856570c73f6f06d4a6c274d1f7e50c,commit
github:axelander,axelander,Alexander Andersson,5a9808acae90cf97bb661f13964c13d3d09a082be9eb12723b66b08a1beddca3,"commit,pr,pr,pr"
github:axelaviloff,axelaviloff,axelaviloff,aa129fc8143a793d73727ffafdd78f00c6127473469eb45b6752e404ca6a0bad,"commit,pr"
github:axelson,axelson,axelson,,pr
github:axemclion,axemclion,Parashuram N,a2abf76d854f1c8bdbf6d758694da779fbdb6bef2a2c902ce9ef177f7be3ad6a,"commit,pr,pr"
github:axinvd,axinvd,Ivan Alexandrov,ded93bfbe99dc105fb7f89bc9baa5eaaa1a86d33cedb560e8e6364738ef9536e,"commit,pr"
github:aybb,aybb,aybb,,pr
github:ayc1,ayc1,Andrew Chen (Eng),416eca524bbc01f3838492d798f55afbbccd84ecc54e21e40f954f77b6c2fcc0,commit
github:aymane-missouri-nw,aymane-missouri-nw,Aymane Missouri,cb742e08c91b0718b68e7526ab34f55fbec2f9e86756c4c85e5a2527ece8b5f5,"commit,pr,pr"
github:aymen-mouelhi,aymen-mouelhi,Aymen Mouelhi,6dc316b67d07f54015acf158492d3d5aa5066d8d12ca9be40cfefb81b4f078bb,"commit,pr"
github:ayushjainrksh,ayushjainrksh,Ayush Jain,47db629877db60348cc892bbbada2f2e0977778b5d74480061cbdedb09101bc7,"commit,pr,pr,pr,pr,pr,pr,pr,pr,pr,pr,pr,pr"
github:ayushmandatta,AyushmanDatta,AyushmanDatta,,pr
github:ayyam,ayyam,ayyam,,pr
github:ayyyaaa-nnn,ayyyaaa-nnn,ayyyaaa-nnn,,pr
github:azanli,azanli,azanli,,pr
github:azimgd,azimgd,azimgd,,pr
github:azizhk,azizhk,azizhk,,pr
github:azverkan,azverkan,Brandon Ehle,ef4a90c6a7e9f36c0f7c21ebba3df4fedb3e6620a6f82e6494bae20297b4e53e,"commit,pr"
github:b27,B27,Ilia Burdukovski,5becf4a1b579c8632b4c89d678abca77cc3ef04c88293be531b110048f7d2b5e,"commit,pr"
github:bacarybruno,bacarybruno,bacarybruno,1682191b5b3bd9c4a9f7456e201b59522ea01db24d120b1f3ef4eac481316ecd,"commit,pr"
github:backlit-studio,backlit-studio,backlit-studio,,pr
github:badfortrains,badfortrains,badfortrains,,pr
github:badlice,BadLice,BadLice,,pr
github:bae-unidev,bae-unidev,bae-unidev,,pr
github:baihaotian,BaihaoTian,BaihaoTian,,pr
github:balajacatherin,balajacatherin,Catherine Balajadia,a40ea6557e365a13d95c436ffbc535bb6f58e3d7968ba0726cd31678bc120f9d,"commit,pr,pr"
github:baldursson,baldursson,Johannes Baldursson,165d61b697db0cbea97028a10e4e2888b15acda878858cea0878daab7bc95958,"commit,pr"
github:bang9,bang9,bang9,29077cf9e669396dc533fe26fe0323f1c1acb84039a69fde97499e15f04d23d3,"commit,pr,pr,pr"
github:baptistejamin,baptistejamin,baptistejamin,,pr
github:baranga,baranga,baranga,0238d8f39303c6d73856d30ad50380653a7c90a1a2dd0f228dfade0d8ee8837d,"commit,pr"
github:barathwaja,Barathwaja,Barathwaja,,pr
github:barbieri,barbieri,Gustavo Sverzut Barbieri,55245aa29290deb6265fbdc1cd91551c0c7998ce6b34decd7d4c76e225851710,"commit,pr,pr,pr,pr"
github:barbiero,Barbiero,Pedro Barbiero,a6b2c874ea29651904fd2372ab9aa78d620b7913525a057c0c09bea2484bf614,"commit,pr"
github:bardiamist,Bardiamist,Dmitriy Shishkin,a5b99b1d478ffa9d2c1da05a7b5e9ec585454b2cf00ec6e10cb6ed330c567102,"commit,pr"
github:barrault01,barrault01,barrault01,,pr
github:bartlomein,bartlomein,Bart Tyrpien,75f582a5891cdcd3b7537c3073652995933981f63c29c7d171118ae5222f9a83,"commit,pr"
github:bartlomiejbloniarz,bartlomiejbloniarz,Bartłomiej Błoniarz,dd69dede607d8d8936fdd55014ac10edb223a7544a77f2c5370bde3a597398bb,"commit,pr,pr,pr,pr,pr,pr,pr,pr,pr,pr,pr,pr,pr,pr,pr,pr,pr,pr,pr,pr,pr,pr,pr,pr,pr,pr,pr,pr,pr,pr,pr,pr,pr,pr,pr,pr,pr,pr,pr,pr"
github:bartolkaruza,bartolkaruza,bartolkaruza,,pr
github:bastengao,bastengao,bastengao,,pr
github:bastyen,bastyen,bastyen,,pr
github:bbodenmiller,bbodenmiller,Ben Bodenmiller,966b477242cbd6ef36c6479ed5f3c7481177f59d8b816a08a3bad270d2e0878b,"commit,pr,pr,pr"
github:bcalik,bcalik,Burak Çalık,1f4b3832b769a6cbd136895170c0befd945d09ea66a182c80313444360221673,"commit,pr"
github:bcaplan42,bcaplan42,bcaplan42,,pr
github:bcarroll22,bcarroll22,Brandon Carroll,53da56806fbed92eb21798ab4a2565f50ae98fa55f9482693d9a2326b8cf4518,"commit,pr,pr,pr,pr"
github:bdougie,bdougie,Brian Douglas,81cdbe5c5a0615efacf97720bfd12e62f8d1d41b765e8077eb2f67351ad0aa62,"commit,pr"
github:beat-yt,Beat-YT,Beat-YT,,pr
github:beau6183,beau6183,beau6183,,pr
github:beausmith,beausmith,Beau Smith,3251b88700101c4e852f5d908307552d423b189c762aebfa61308616467bd625,"commit,pr"
github:beeglebug,beeglebug,beeglebug,,pr
github:beemargarida,BeeMargarida,Ana Margarida Silva,560be063dfaf717ad52560f9dd117a0baa1b576d685e2a3bd23d69f5b6c25f76,"commit,pr,pr,pr,pr"
github:behenate,behenate,Wojciech Dróżdż,70f6712f48673121ca0309fe54ceab22b08d85b71f88ad2f1f253898a1fddf08,"commit,pr,pr,pr,pr"
github:behrends,behrends,Erik Behrends,1b594535662e480c67cf08da6164aa0f34791674b7476444e8eea0815bd62bdc,"commit,pr"
github:belemaire,belemaire,belemaire,,pr
github:bell-steven,bell-steven,Steven Bell,0cc8fca406b1a535fb8493138f987aee6e701c775a34231f74c0ecb387e3b630,"commit,pr,pr"
github:ben-kenobi,ben-kenobi,ben-kenobi,,pr
github:ben-manes,ben-manes,Ben Manes,93b0bd4d5e98ddd10153d3ab6326d88453c18b20b03ce9cb17909415099782ce,"commit,pr"
github:benchr267,BenchR267,BenchR267,,pr
github:bendangelo,bendangelo,bendangelo,,pr
github:benhandanyan,benhandanyan,Ben Handanyan,037327ce8ef4ed0f32c1c5a9650a4e5d98725671489424fc5cacfba3ec99c64c,"commit,pr,pr"
github:benhoyt,benhoyt,Ben Hoyt,1543ce7e3a4dea1a19285a2c19d13f33ce49278aa1dbb65083baaee49eb3ab2e,"commit,pr,pr"
github:benhughes,benhughes,benjaminhughes,4030a725e40434b5e899b146954cacbc301a3584ccb8edfb51ecb29224ea5400,"commit,pr,pr,pr,pr"
github:benjackwhite,benjackwhite,benjackwhite,,pr
github:benjamin-dobell,Benjamin-Dobell,Benjamin Dobell,c16765980f046c02d6500a723cf7ec8c0009a858380effb8688461fa3e5ba523,"commit,pr,pr"
github:benjaminhr,benjaminhr,benjaminhr,5af72e37c3085c673f565628fe80e9b9205e5309414d3ee4dfd73e57e8403913,commit
github:benjaminpaap,BenjaminPaap,Benjamin Paap,7d4b437b14b2f79a5c8baa6b9cb2ee269bcb4ef4496a2bcde38b22baa091d5c5,"commit,pr"
github:benjamn,benjamn,Ben Newman,eb241b1181ce038821bc1395cc6cf30afe1fd6af88b2711b8f42356e8ef8d7e5,"commit,pr"
github:benjick,benjick,Max Malm,e76d2d4bd229de7c81180b63220a4f626b1a7108047aa0763298e33cb3ecca90,"commit,pr,pr"
github:benlorantfy,BenLorantfy,Ben,82c9d20280b506f86afa4e84522308c819116f7728b9e0f66c26b9b8af175495,"commit,pr"
github:benoitdion,benoitdion,Benoit Dion,bea2c55d39f3b5acf098760cc819ba855b4256af163befcb719512284fbcb947,"commit,pr"
github:benoitvallon,benoitvallon,Benoit VALLON,af8ac884ac4ad3dbf03ab2239db294718e51b866a47834c63cbeffccf1fc4f68,"commit,pr"
github:benslimanh,benslimanh,hamza,c310a2b8bb3c79d7db4b02f567b194c67ea72122c8824b0a28c2c91cd5c8e80c,"commit,pr"
github:bentomas,bentomas,bentomas,,pr
github:benvinegar,benvinegar,Ben Vinegar,1dcceb14db74560affff8d9389317243e135aa553e490f8f93026bb5ea0308c0,"commit,pr"
github:benvium,benvium,Ben Clayton,a51bd7445fa00bb146e2473fe23c9ec6dfb9e0967faee46bbb259b3ff94372d8,"commit,pr,pr"
github:berickson1,berickson1,Brent Erickson,f01b7b6125b38c45781e93898350c140843c5e0419e7490f9e1d63f7184b2cd6,"commit,pr,pr,pr,pr"
github:berkaybeyaz1,berkaybeyaz1,berkaybeyaz1,,pr
github:berndwessels,BerndWessels,BerndWessels,50c7dfe9d890348692c786f9f88eb3ae5844594347b76e53fde8a47c40cad027,"commit,pr,pr,pr"
github:bernhardoj,bernhardoj,Bernhard Owen Josephus,2c5744ef28ef4100f4b53992ac50c703eeeebadc5930f54891f686fad7644e45,"commit,pr,pr,pr,pr"
github:besarthoxhaj,besarthoxhaj,besarthoxhaj,,pr
github:bestander,bestander,Konstantin Raev,bb8ecaef97d369cff9a00cf97ec951909e7d93cabd546db9d4acbf5cfcaca23a,"commit,pr,pr,pr,pr,pr,pr,pr,pr,pr,pr,pr,pr,pr,pr,pr,pr,pr,pr,pr,pr,pr,pr,pr,pr,pr,pr,pr,pr,pr,pr,pr,pr,pr,pr,pr,pr,pr,pr,pr,pr,pr,pr,pr,pr,pr,pr,pr,pr,pr,pr,pr,pr,pr,pr,pr,pr,pr,pr,pr,pr,pr,pr,pr,pr,pr,pr,pr,pr,pr,pr,pr,pr,pr,pr,pr,pr,pr,pr,pr,pr,pr,pr,pr,pr,pr,pr,pr,pr,pr,pr,pr,pr,pr,pr,pr,pr,pr,pr,pr,pr,pr,pr,pr,pr,pr,pr,pr,pr,pr,pr,pr,pr,pr,pr,pr,pr,pr,pr,pr,pr,pr,pr,pr,pr,pr,pr,pr,pr,pr,pr,pr,pr,pr,pr,pr,pr,pr,pr,pr,pr,pr,pr,pr,pr,pr,pr,pr,pr,pr,pr,pr,pr,pr,pr,pr,pr,pr,pr,pr,pr,pr,pr,pr,pr"
github:bestmikelee,bestmikelee,bestmikelee,,pr
github:bestseob93,bestseob93,bestseob93,,pr
github:betko,betko,betko,,pr
github:bgirard,bgirard,bgirard,,pr
github:bgriffith,bgriffith,Ben Griffith,2e5dd2d176bf5cf6b48c31c292f9451616c04cdf32fe4b284c6b0f60e4b90576,"commit,pr"
github:bhamiltoncx,bhamiltoncx,Ben Hamilton,e385e793304770b556e5e8e49ca1159f2c4ff40b3416198b72226cc18adaa7c5,"commit,pr"
github:bharathmg,BharathMG,BharathMG,,pr
github:bhariharan,bhariharan,bhariharan,,pr
github:bhavik-p,Bhavik-P,Bhavik-P,,pr
github:bhelx,bhelx,Benjamin Eckel,db01660b89ffdff77232e1b736a868e15bc9d1c8842dbec4d11b1e5a251211f9,"commit,pr"
github:bhullnatik,Bhullnatik,Jimmy Mayoukou,d50d7481cfddfd8ccb495f07c31a31b1bf1944aba6cc718b7f92f0afd10da1c5,"commit,pr,pr,pr,pr,pr,pr,pr,pr,pr,pr,pr,pr,pr,pr"
github:bibazavr,Bibazavr,Bibazavr,,pr
github:bigcupcoffee,bigcupcoffee,bigcupcoffee,de184317c1e49194b04ad5c08d4bf0a74240e4b9f746f12f50c15b4d0ff1eace,"commit,pr,pr,pr"
github:bigfootjon,bigfootjon,bigfootjon,,pr
github:bigtiger,bigtiger,Jim Remsik,533fd971f7f86bee239d71b9feb83f891bfc691950a7f9560b93494c8a94f257,"commit,pr"
github:biki-das,Biki-das,BIKI DAS,b273c358caffb82c9bedbb0ac16cf66f99c5a361a96a73ff91934d4ad0f768fa,"commit,pr,pr,pr,pr,pr,pr,pr,pr,pr,pr,pr,pr,pr,pr,pr,pr,pr"
github:bilalbudhani,BilalBudhani,BilalBudhani,,pr
github:bill2004158,bill2004158,bill2004158,276921dbf6a25270bde3150d59cd152f5c78ead15208d0fdcc08a2bb933efb04,"commit,pr"
github:billglover,billglover,Bill Glover,7b133653544164b5d83afb10b7c91075d76beadef6c06aff9b88da2d5291f006,"commit,pr"
github:billnbell,billnbell,William Bell,8520944c3e5256d994b9320326be838763db4cc29006326b1c71b073c39f62d7,"commit,pr"
github:billoosijok,billoosijok,Belal Sejouk,6a4790fc3c5fece74be4a16e1ac176acadcc1e1bf66c43efce471c6ff4effc2b,"commit,pr"
github:billydubb,Billydubb,Billydubb,6cf9b79a8f7247211fd074acd035f9c4306448a6dc526e467dcfcd94a8460098,"commit,pr"
github:billynyh,billynyh,Billy Ng,762dc1535ffb814fa44377144126205ca7b3585c85b3513d85914f0de13c830e,commit
github:bimawa,bimawa,Maksim Bunkow,965b34c84daded4fb39b4f90e975ab403274d1c42d3e8dcb482bc9a8ef753635,"commit,pr,pr,pr"
github:bin-liu,bin-liu,DebbieFire,8d834693a1bf4487891219d92be1ec28e495209a02849cae27dd4cbd3771dabd,"commit,pr"
github:binaryta,binaryta,Tnarita0000,4cf1c745f7562dc7db31bf4c0131388de97e8537a6915dd0627835c5e11c8402,"commit,pr,pr,pr,pr,pr,pr,pr"
github:bingbingl,BingBingL,BingBing,9037b9984cfc265b4599ca04ce3289b9b8ff45541ad6b2483d8eed649794af5e,commit
github:bionanek,bionanek,bionanek,,pr
github:biostome,biostome,biostome,,pr
github:birdofpreyru,birdofpreyru,Dr. Sergey Pogodin,485b1a83d9823050ff333b0ef4dec975cb8ee4ff33318e5be1d8fb48eb9678c0,"commit,pr,pr,pr"
github:birkir,birkir,Birkir Gudjonsson,aa5eced64078961cab50883cf6c3c9042613088ef51620af3f37de3c07eac109,"commit,pr,pr,pr,pr"
github:bitq2019,bitQ2019,bitQ2019,,pr
github:blackbing,blackbing,bingo,54da1bb3844b01b4f3dc0d807796f45ee46bbc1dfdeed04255b1e348b2f17d83,"commit,pr,pr,pr,pr"
github:blackm00n,blackm00n,Alexey Kozhevnikov,809d501b5f967c485b70d516c6fa019ce0867d7c20165a11e780061a6eb7e5ae,commit
github:blackneck,blackneck,Alexander Chernoshej,da9b8925cee1c205eed753d011ac27146a13641933134757f5db1e9fbc353747,"commit,pr"
github:blake-simpson,blake-simpson,blake-simpson,,pr
github:blakef,blakef,Blake Friedman,a4d3a4180beb9bb8226a7ff273156e3c86e52b5b32c531b275e994e28a15ba6b,"commit,pr,pr,pr,pr,pr,pr,pr,pr,pr,pr,pr,pr,pr,pr,pr,pr,pr,pr,pr,pr,pr,pr,pr,pr,pr,pr,pr,pr,pr,pr,pr,pr,pr,pr,pr,pr,pr,pr,pr,pr,pr,pr,pr,pr,pr,pr,pr,pr,pr,pr,pr,pr,pr,pr,pr,pr,pr,pr,pr,pr,pr,pr,pr,pr,pr,pr,pr,pr,pr,pr,pr,pr,pr,pr,pr,pr,pr,pr,pr,pr,pr,pr,pr,pr,pr,pr,pr,pr,pr,pr,pr,pr,pr,pr,pr,pr,pr,pr,pr,pr,pr,pr,pr,pr,pr,pr,pr,pr,pr,pr,pr,pr,pr,pr,pr,pr,pr,pr,pr,pr,pr,pr,pr,pr,pr,pr,pr,pr,pr,pr,pr,pr,pr,pr,pr,pr,pr,pr,pr,pr,pr,pr,pr,pr,pr,pr,pr,pr,pr,pr,pr,pr,pr,pr,pr,pr,pr,pr,pr,pr,pr,pr,pr,pr,pr,pr,pr"
github:blankg,blankg,blankg,,pr
github:blastup,blastup,blastup,,pr
github:blaues0cke,blaues0cke,Thomas Kekeisen,9ad6124adb7e62fd813dbe33d422a74f9fb27d7eb172c4766c4638e3d79d952a,"commit,pr"
github:blavalla,blavalla,Brett Lavalla,bde67352e7f6a0cbf51a1f53eb60bc349e11557094e048630de4ccd918384bfc,"commit,pr,pr"
github:blazejkustra,blazejkustra,Blazej Kustra,8d10d06d42f8bd1fa267cd669c0c78c2588786db35da1618f247765ba0f537e7,"commit,pr"
github:bleonard,bleonard,Brian Leonard,6eb47310e8c7cefa990559e848f298a84a622a61f28bf063df68cc18ea80cf68,"commit,pr"
github:blixt,blixt,Blixt,2d751cf4ab351be2ed666cda00a57ba4c46719d7582a733d9a4225985e9edaa6,"commit,pr"
github:bluedaniel,bluedaniel,bluedaniel,,pr
github:bmbergh,bmbergh,bmbergh,,pr
github:bnham,bnham,Ben Nham,96b8431c6107421f7c0d0299a8b40aa454ce3f13c0cbfa38b9eb81fd61678c6a,commit
github:bnns,bnns,bnns,,pr
github:bobbysharma05,bobbysharma05,bobbysharma05,,pr
github:bodadotsh,bodadotsh,bodadotsh,,pr
github:bogdantmm92,bogdantmm92,bogdantmm92,,pr
github:bogikay,BogiKay,Bogusz Kaszowski,3fa38e4504ef85000c8eec6cec0d3a2f5602648879d34e01badaed114334d004,"commit,pr,pr,pr,pr,pr"
github:boguscoder,boguscoder,boguscoder,,pr
github:bojie-liu,bojie-liu,bojie-liu,,pr
github:bokri,bokri,bokri,,pr
github:bolinfest,bolinfest,Michael Bolin,55b845f8ae261f6a376bdb0805114b423ff3400c71dfcf4676c454368f98a387,commit
github:bondehagen,bondehagen,Anders Bondehagen,ff6c052bc21f3558ff4a9265663dca75c15dd5359cd9cb506e8367c9451fdb24,"commit,pr"
github:bondparkerbond,bondparkerbond,Parker Bond,20e0fe6b705b246b7685acfc0e7acabad7998e8d4d25f464d1062dac941738df,"commit,pr"
github:bood,bood,bood,,pr
github:booker-dragon,booker-dragon,booker-dragon,,pr
github:booker0108,booker0108,booker0108,,pr
github:boopathi,boopathi,Boopathi Rajaa,1c1ab6932830e512db701772ec8e517a77726ec75c0fd37fe2a2e144c459e3a0,"commit,pr,pr,pr,pr"
github:booxood,booxood,booxood,,pr
github:bornkiss,bornkiss,bornkiss,f1830bb59c3503af31a02a8f1451d1712a189e65e494ba6548d61b929d35cecb,"commit,pr"
github:bottledwalter,bottledwalter,Walter Luh,0b24e6813d3bd301df63cc9240839778f76ad264c0fc2669e8ab53c597185f29,commit
github:boujeepossum,boujeepossum,Aaron Abramov,fe1ec455c3c523f6ee3153093298ef7df8e65917941ed072dec454d2d9da1ec5,commit
github:bowerman0,bowerman0,bowerman0,,pr
github:bozdoz,bozdoz,bozdoz,5fc1fb27a893858faf232f96b23747c8a9037d3de0159c9f115fd2f4dd0d911b,"commit,pr"
github:bparadie,bparadie,bparadie,,pr
github:bpoetzschke,bpoetzschke,bpoetzschke,,pr
github:bradbyte,bradbyte,bradbyte,,pr
github:bradens,bradens,bradens,,pr
github:bradleyayers,bradleyayers,bradleyayers,,pr
github:bradleyboy,bradleyboy,Brad Daily,c84160b2170ec2e1e018672ff1ecf3685a3389d8baca7b9e3e30cbd053e2f9e0,"commit,pr,pr"
github:bradmsmith,bradmsmith,bradmsmith,,pr
github:bradzacher,bradzacher,Brad Zacher,4fc76a7bf51c495648bb19a372f5ea027ab2a32a57ae41d57f9dacb1a6e5147d,commit
github:brainbicycle,brainbicycle,Brian Beckerle,224746eba7c8e9f5a4d1c38e8a167c80ad4055bc1bfc4f84af4db9b88a7542e1,"commit,pr"
github:bramstieperaere,bramstieperaere,bramstieperaere,,pr
github:branaust,branaust,Brandon Austin,e6b840134a0f45e6f646e0500722e5dade73b7ca3dff1c207ab6490837d0c11b,"commit,pr"
github:brandonreavis,brandonreavis,brandonreavis,,pr
github:brandonwilliamscs,BrandonWilliamsCS,Brandon Williams,154cc2d8f0cf4557dd7f2a23a30c66f9177e0ee3a7225d2c6595d769b83622d2,"commit,pr"
github:brcarey,brcarey,brcarey,,pr
github:brendan-rius,brendan-rius,Brendan Rius,46cdec825092036e4cf19bd582037d482beccf43d70be55f98055af2b24ebcd7,"commit,pr,pr"
github:brendansiow,brendansiow,brendansiow,,pr
github:brentkirkland,brentkirkland,brentkirkland,,pr
github:brentvatne,brentvatne,Brent Vatne,7e759535a2b87778e828d214a1b22dc44c2b07d743e3d960474bdf58bf688954,"commit,pr,pr,pr,pr,pr,pr,pr,pr,pr,pr,pr,pr,pr,pr,pr,pr,pr,pr,pr,pr,pr,pr,pr,pr,pr,pr,pr,pr,pr,pr,pr,pr,pr,pr,pr,pr,pr,pr,pr,pr,pr,pr,pr,pr,pr,pr,pr,pr,pr,pr,pr,pr,pr,pr,pr,pr,pr,pr,pr,pr,pr,pr,pr,pr,pr,pr,pr,pr,pr,pr,pr,pr,pr,pr,pr,pr,pr,pr,pr,pr"
github:bretjohnson,BretJohnson,BretJohnson,,pr
github:bretrouse,bretrouse,Bret Rouse,babe221528b755cf23ac4f56fd523a17b68b31f5353467c263f0a24d2ac6518e,"commit,pr"
github:brian-kaplan,Brian-Kaplan,Brian-Kaplan,,pr
github:brian-reed-software,brian-reed-software,brian-reed-software,,pr
github:briancalvium,briancalvium,briancalvium,,pr
github:briancaw,briancaw,briancaw,,pr
github:briankabiro,briankabiro,Brian Kabiro,1f9250c28ea7dc8486a89288d337267303e3fa4f134646f1e5088f666e91b1f6,"commit,pr"
github:brianreavis,brianreavis,brianreavis,,pr
github:bridgear,BridgeAR,Ruben Bridgewater,6f8a3ea7edb048e7d91a458170545f1fc4e4f0fa8bddcdbce832915a8aeb378c,"commit,pr"
github:brodanoel,BrodaNoel,Broda Noel,b3de8f58e51b475e7ebf75f85ad6f4e7a5bce1e459bdcc0d4d883d2a16e822c5,"commit,pr,pr"
github:broncha,broncha,broncha,,pr
github:brookslyrette,brookslyrette,Brooks Lyrette,c9a0a591034dbde2d50f2476589135abf5703985169c09dc14d96995927b7815,"commit,pr"
github:brotsky,brotsky,brotsky,22eb9595e392adb634bcd88285a7b311f7fdf8636f98959ee3cc68f37d849b5e,"commit,pr"
github:browniefed,browniefed,Jason Brown,9e4bbce49d67525990642d7f25bd236068908d592558de2750d7c967d1bd6cf2,"commit,pr,pr,pr,pr,pr,pr,pr"
github:bruinbear,BruinBear,Danny Liu,ebf4767562ec29a274b62a36bbd62b73743ad7577de2d09107daca2ea2702de8,commit
github:bruno125,Bruno125,Bruno125,,pr
github:brunobar79,brunobar79,Bruno Barbieri,c751f0f0a3ae54e15ed99c49b4d4848119ad08a2b72abd262d68317c221da957,"commit,pr,pr,pr,pr,pr,pr,pr,pr"
github:brunohensel,brunohensel,brunohensel,f704ba62f6589bfab851b9d4fe7a1a0936a471bfc3e644f38a6462b69191e608,"commit,pr,pr"
github:brunohkbx,brunohkbx,Bruno Castro,61ecfcd280dcdbf4cd92b471d5b70f919394a57bcd459d585cc790181a4351b0,"commit,pr"
github:brunolemos,brunolemos,Bruno Lemos,ce944581b4af6752b50781eb35a515b3125b95756308e7fb7b8795de270f49c0,"commit,pr,pr,pr,pr,pr,pr,pr"
github:brunovillanova,BrunoVillanova,Bruno Nallis Villanova,8297d034a8250097cb1db3cbfcf843cecb3e7be16bf53c7a2c944d8b2c622d94,"commit,pr"
github:bryanjbryce,BryanJBryce,Bryan Bryce,2bbd86ac10b92773bfb683c18d4d99344beb385bb2d22fad6417ba2ac090bb74,"commit,pr,pr"
github:bryansum,bryansum,bryansum,,pr
github:bsansouci,bsansouci,bsansouci,,pr
github:bsthomsen,bsthomsen,Bjørn Thomsen,976aa08b9a37a46b799ac4709a6f427381d94067965e0be0ce5ef88d0b62a07c,"commit,pr"
github:bsudekum,bsudekum,bsudekum,,pr
github:btmpl,BTMPL,BTMPL,,pr
github:btoo,btoo,btoo,,pr
github:btoueg,btoueg,btoueg,,pr
github:btrd,btrd,btrd,,pr
github:buba447,buba447,buba447,,pr
github:buchanora,buchanora,Buchi Anora,631d05d5d446db378d7eaa65dcd986b536025f43594b54fc683668fbb5a7ac2c,"commit,pr"
github:bufgix,bufgix,bufgix,9d61ebaaae582cfef353106da840ecffdf23a6c966685828fb8d0866b3b215f6,"commit,pr,pr"
github:bunnyc1986,bunnyc1986,bunnyc1986,,pr
github:buranmert,buranmert,buranmert,,pr
github:burgalon,burgalon,Alon Burg,4cd70c16c53e3d17f31c8b1c6966328ca611e7850bb2d93b9d8418f05b6b2b50,"commit,pr,pr"
github:buschco,buschco,buschco,3868c024dec5e338e4592ea94987f985f670fb9a916614630779201e5c1990af,"commit,pr"
github:butchmarshall,butchmarshall,butchmarshall,,pr
github:buymeasoda,buymeasoda,buymeasoda,,pr
github:bvanderhoof,bvanderhoof,bvanderhoof,,pr
github:bvaughn,bvaughn,Brian Vaughn,654e783f63699a02250b4c2e0d3bfc411d5038e0ae1b7089180123be66674fb5,"commit,pr,pr,pr,pr"
github:bvscd,bvscd,bvscd,,pr
github:bwisn,bwisn,bwisn,,pr
github:bycedric,byCedric,Cedric van Putten,fd60c6b4ee0711726b5d0943f0333bdd39e948fd6e71ab3c07f328d5f8d47e13,"commit,pr,pr,pr,pr,pr,pr,pr,pr,pr,pr,pr,pr,pr,pr,pr,pr,pr,pr"
github:byronluk,byronluk,byronluk,e3ca198728769eed17472fa25f0b96bab5053e13cc34ce206b33db2bbda20b10,"commit,pr"
github:byteab,byteab,byteab,,pr
github:byungjune,byungjune,byungjune,,pr
github:c-miles,c-miles,c-miles,,pr
github:ca057,ca057,ca057,,pr
github:caabernathy,caabernathy,caabernathy,,pr
github:cabelitos,cabelitos,Guilherme Iscaro,6809b03c43907635a66208ce27b0a6383881bc65ad1cc4a97bdaa261c62f5d88,"commit,pr,pr,pr,pr,pr,pr,pr,pr,pr"
github:caffeinick,caffeinick,caffeinick,,pr
github:cahlan,cahlan,cahlan,7c406fbe2fc382a25d8dbdeb1ab9359e088ccafc13b2796ddd477c68f7b9cde7,"commit,pr"
github:cailenmusselman,cailenmusselman,cailenmusselman,b1d6a5371c33782d9c42387da0b69a11579b8ce343cade2cd0d79b1a71dfea1a,"commit,pr,pr,pr"
github:caioagiani,caioagiani,caioagiani,adc5f6b16005819de07aa0220010b453573a427730b583e9a8082d93d80fb7e2,"commit,pr"
github:caiohamamura,caiohamamura,Caio Hamamura,59c9d0dee298fe808b9914637190fbe8684cf1b7aeb3b93f718c8eb7c365086c,"commit,pr"
github:calflegal,calflegal,calflegal,,pr
github:calixtang,CalixTang,Calix Tang,fd60f38a076149088ac204ee6f79574d8d537dc85163608854dbe2d5a09ad2c2,"commit,pr,pr,pr,pr,pr,pr,pr,pr,pr,pr,pr"
github:callmenorm,Callmenorm,Michael Anderson,cc4aa6dfa19c0f530b69fb40af7cbc9479c787bfdfc85752cdd46e768cd5c1a8,"commit,pr,pr,pr"
github:callmephilip,callmephilip,Philip Nuzhnyy,168565febd3d19c7102748ff3b096ec2f8a3ec11a3d3518846d50eaf729cfef7,"commit,pr"
github:calvinballing,calvinballing,calvinballing,,pr
github:calvinf,calvinf,calvinf,,pr
github:cameron,cameron,cameron,,pr
github:cameronbourke,cameronbourke,Cameron Bourke,5d794de9a82aca37a65f9ccfcc2de5cb99014fb9c7c8acdf036f41fb173c8342,commit
github:cameronhunter,cameronhunter,Cameron Hunter,60d917ea69573f78e723da324f4f064016c2e3766446ccec2b0fa41b77c8b7c3,"commit,pr"
github:cameronmoreau,cameronmoreau,cameronmoreau,,pr
github:cancan101,cancan101,Alex Rothberg,df20a77804097e3470c555338bad4f4d7f4b9559b0b8c1c9b40425c4695dd41a,"commit,pr,pr,pr"
github:caodoan,caodoan,Cao Doan,26fd663f84f6cf94c9d6cea23498075fc697f171ca48fb36a44fa396b46acf09,"commit,pr,pr,pr,pr"
github:caoer,caoer,caoer,,pr
github:caomanhquang,caomanhquang,caomanhquang,,pr
github:capdilla,capdilla,capdilla,,pr
github:capitanredbeard,CapitanRedBeard,CapitanRedBeard,,pr
github:captainnic,CaptainNic,Nicolas Breidinger,f2d10a64d9608f089148197936b038be955095ec3742b0b1536d0a661a778b7c,"commit,pr"
github:captbaritone,captbaritone,Jordan Eldredge,65f598867e3a88b55eff89d6a3e59de2ec501df86de132e7b5866c089b7dda51,commit
github:carlos-wong,carlos-wong,carlos,f05e01a6960c4b7686f22184945137b94e2b027f2247a490b2d0cbcffe10395d,"commit,pr"
github:carlos3g,carlos3g,Carlos Mesquita,115d398059eac69bc8d3924d42d60e392737745fc5897c0b93dd1504439a9885,"commit,pr"
github:carlosangon,carlosangon,carlosangon,,pr
github:carloscuesta,carloscuesta,Carlos Cuesta,c283901e49a8e1a13edce5c1bddedd514bbe9c5e265cc007e99cd6c5efad7cbb,"commit,pr"
github:carlsq,carlSQ,carlSQ,,pr
github:carmenvkrol,carmenvkrol,Carmen Krol,b2ff18a5eed73b20855a0fa863c9179c531ee04702a55b990544be4ba96a56b3,"commit,pr,pr,pr,pr,pr"
github:caryz,caryz,Cary Z,a01cc8ac7c3e5b4d24202b1be6f3ded788ffe83403bf3880076ece3c60fa6a3f,"commit,pr"
github:casperboone,casperboone,Casper Boone,c56719b13eb57ae4d3e7f27320c7f0d7ebfd91ecde8995a37e424310473067ff,"commit,pr,pr"
github:cassiozen,cassiozen,cassiozen,,pr
github:catalinmiron,catalinmiron,catalinmiron,,pr
github:catstudioapp,CatStudioApp,CatStudioApp,55b3772c93f597ae8c4ce339d70c3f1323669b5b6877f87dae1dd362892b7b69,"commit,pr,pr"
github:cauchywei,cauchywei,cauchywei,,pr
github:cauyeung-wco,cauyeung-wco,Christopher Auyeung,fa582250c1231babc4cbd7b49b34b807dc2a718bb39ce9662c6733194d749a24,commit
github:caydock,caydock,caydock,,pr
github:cbcoutinho,cbcoutinho,cbcoutinho,,pr
github:cbinners,cbinners,Cory Binnersley,a0919f68f91d728c76fd1eaffbfb8de0c4b201900fdfb6d03cad6688c24e02c3,"commit,pr"
github:cblappert,cblappert,Chris Blappert,4e2541701d5e6826041e2ef925cd8d31e5c1a8753d86c510efb0a193800722c5,commit
github:cbpetersen,cbpetersen,Christoffer Bo Petersen,51893b8d1540e22d7d6f09060d83f6b09265430d5b0b5a744c0be229f3562131,"commit,pr,pr"
github:cbrevik,cbrevik,Christian Brevik,a407db978f2744af59b517efac4d006f0df07df9dd724d28f96b59b7762eb578,"commit,pr,pr,pr,pr,pr,pr,pr,pr,pr"
github:ccheever,ccheever,Charlie Cheever,8d539196541447e94d57802481ddabf8f5912da7dfdb6e68ed40eb9f733f5f37,"commit,pr,pr,pr,pr,pr"
github:ccorcos,ccorcos,Chet Corcos,0bac7c13be6399cc5debf85d7738ef6a5fb5a7887b96badd22326b24abb191ce,"commit,pr"
github:cd5z,cd5z,cd5z,,pr
github:cdlewis,cdlewis,Chris Lewis,c5848cc06e44aa2a1d08ec0098e60f6a84ce33bc0f2d64e3c69588c43f66318f,"commit,pr,pr,pr,pr,pr,pr,pr,pr"
github:cedarmora,cedarmora,cedarmora,,pr
github:ceek,ceeK,ceeK,37448ce9e557a10ecc49967ff46ea0834a327ccf77f2b1e815f5efe331071b45,"commit,pr"
github:cem2ran,cem2ran,cem2ran,,pr
github:center-777,center-777,center-777,,pr
github:cesalberca,cesalberca,cesalberca,,pr
github:cesarwbr,cesarwbr,Cesar William Alvarenga,dcc694295b0cb9a8e3fd81e66d396d7a0a14f7c6e16050907a6b1a5aaeaa7012,"commit,pr"
github:cetfu,cetfu,cetfu,,pr
github:cevansgd,cevansgd,Chris Evans,79df9916b5501cbcfc4285fd4fa6bd82bd878528f4f8e8a5c07b6895af2d717a,commit
github:ceyhun,ceyhun,ceyhun,,pr
github:cfkevinref,CFKevinRef,CFKevinRef,9202541544bc129027e1ad2912a0a8e217816e89a10ac2a43507b17112536c96,"commit,pr,pr"
github:cgiote,cgiote,cgiote,,pr
github:cglantschnig-zz,cglantschnig-zz,cglantschnig-zz,,pr
github:cgoldsby,cgoldsby,cgoldsby,,pr
github:cgrushko,cgrushko,Carmi Grushko,b4dce299c40cc97c314bc64fc62433ac06da214df90b4e842de7971ee8c877eb,"commit,pr,pr,pr"
github:cgupta-logmein,cgupta-logmein,cgupta-logmein,,pr
github:chadaustin,chadaustin,Chad Austin,a16bd1aaa449996a4c85ce05521b5646d776f69e8dda9458687ece7d132ba0c6,commit
github:chadbay,chadbay,chadbay,,pr
github:chadlinden,chadlinden,chadlinden,,pr
github:chaintng,chaintng,chaintng,,pr
github:chaira19,chaira19,chaira19,,pr
github:chakrihacker,chakrihacker,Subramanya Chakravarthy,b92209f84535ed727d69c752e3896f25b4d0d2111c3e9d7cff12b4a6220db370,"commit,pr,pr,pr"
github:chalkdust,cHaLkdusT,Julius Lundang,3eae5cece2581cf5dd3d3d947ef34d0a13e614cfaf0d4a75c8d62bfd2bc1d766,"commit,pr,pr"
github:chandravardhan8998,Chandravardhan8998,Chandravardhan8998,,pr
github:chandu0101,chandu0101,Chandra Sekhar Kode,35434466c1fd93f27b72459cc362fbdc51381fef3c47158e2f9297f3aafacc00,"commit,pr"
github:changjoo-park,ChangJoo-Park,ChangJoo-Park,,pr
github:chanphiromsok,chanphiromsok,chanphiromsok,,pr
github:chantastic,chantastic,chantastic,,pr
github:chaosex,ChaosEx,ChaosEx,,pr
github:charca,Charca,Maxi Ferreira,2bf559c0322b700e6fb7fef4a317d67488156c7f2fdbf626839ceb8840632964,"commit,pr"
github:charlesbdudley,charlesbdudley,Charles Dudley,f647893d0e2246410a9f2454e9b9db9cee95faaeeea45f27149da222e65be749,"commit,pr,pr"
github:charlesvinette,charlesvinette,charlesvinette,,pr
github:charlesx2013,charlesx2013,charlesx2013,,pr
github:charliermarsh,charliermarsh,charliermarsh,,pr
github:charlle,charlle,charlle,,pr
github:charpeni,charpeni,Nicolas Charpentier,440639a99bb7bab488ce1ac579c4863483de8afcc8561eb1972e53e33296a3d3,"commit,pr,pr,pr,pr,pr,pr,pr,pr,pr,pr,pr,pr,pr,pr,pr,pr,pr,pr,pr,pr,pr,pr,pr,pr,pr,pr,pr"
github:chasontang,ChasonTang,ChasonTang,,pr
github:chatura-atapattu,chatura-atapattu,Chatura Atapattu,f11498f2a7829fb98f74b2643121f37b18fe29e5dd8be07c1af56cb04b162784,commit
github:chbota,chbota,chbota,,pr
github:cheeaun,cheeaun,Lim Chee Aun,872f99ff7d86ac6760f3d16fef31dc4b633d87b815c5b6cf67fa6438405e13cd,"commit,pr,pr,pr"
github:chefnobody,chefnobody,Aaron Connolly,bc8fb5fbb38680004435993089903b20ae3812f26ca7b492b91184e960cf532f,"commit,pr"
github:chendo,chendo,chendo,c0867fbecc219a4ef6172192c3f828a2d9688c4d7b7e22bd1bddf174a66f8f5c,"commit,pr"
github:chenfadafb,chenfadafb,Fada Chen,2a7b639bd87e038127b7526fa8885ef9eec1149b943967b1765fa66880ef6ee9,commit
github:chengyin,chengyin,Chengyin Liu,f662056a52575e96868b34dc87364c5240df8e33f58a95ac5dd8a620c66b6979,"commit,pr"
github:chenlong12580,chenlong12580,chenlong12580,90ba9db487d83c5a8077ff80b03cff93a08b04e6b62edc148890abc42e725b18,"commit,pr"
github:chenmo187,chenmo187,chenmo187,162d736ed97d5b24c2c8775e2cb68e0fa91b17cd84a81151f2d64658d22d48d4,"commit,pr,pr,pr,pr,pr,pr"
github:chenqizheng,chenqizheng,chenqizheng,,pr
github:chentsulin,chentsulin,C. T. Lin,0ebb30b27edbf5cb84ced665085c28277bb54e374b6f64a0461c2748b8b4b432,"commit,pr,pr,pr"
github:chenxsan,chenxsan,sam,7e54170aadccd7ac1becbcb44034cebf9ee550e73df0c0f5461431764edb6f6a,"commit,pr,pr,pr,pr,pr,pr"
github:cheragv,CheragV,Cherag Verma,d93c21f9aab19704fd20b87a0768ea4f5a7b476d92b378a22d38b49a2351d3f2,"commit,pr,pr"
github:cheriejw,cheriejw,cheriejw,,pr
github:cherrydemo,CHERRYdemo,CHERRYdemo,,pr
github:chetstone,chetstone,Chester Wood,b9685739f8a2160eb046ada1c546615b5b3e741e30b3002bb5b58577c25550fb,"commit,pr,pr"
github:chi-antai,Chi-AnTai,Chi-AnTai,00e01c1818aa72cee4cd50df4dbd467d488e502eb827dc8aebb07003b820c6be,"commit,pr"
github:chiaramooney,chiaramooney,Chiara Mooney,acf148b634b062d76735c26b0dd7802d3ef1f542e133380be64038da33388f59,"commit,pr,pr,pr,pr,pr,pr,pr,pr,pr,pr,pr,pr,pr"
github:chibeepatag,chibeepatag,Celine Patag,b9252266078f098f109d2a476a634640e54f32b88253097b05c5110065c99ab0,"commit,pr"
github:chicio,chicio,Fabrizio Duroni,3fcfc9a3367e892bfb105179572c5adec7dae4deabe1b1b230c60da481b9f0a9,"commit,pr,pr,pr,pr,pr,pr,pr,pr,pr,pr"
github:chieryw,chieryw,chieryw,,pr
github:chirag-singhal,chirag-singhal,chirag-singhal,3e418c5bc42e3d833faa5e0623f0ff67691fcc0628862dd53b5f5b45a4adec6e,"commit,pr,pr,pr,pr,pr"
github:chirag04,chirag04,Chirag Jain,6232a9f9eaf1cfba6932b7732eefeab0f212f1e36ac3081497810ecc50d0261f,"commit,pr,pr,pr,pr,pr,pr,pr,pr,pr,pr,pr,pr,pr,pr,pr,pr,pr,pr,pr,pr,pr"
github:chiraggshah,chiraggshah,Chirag Shah,2020dbda63d36f5cab588bdfd50e3faa255026e291fe9246ddd2a02069d32b68,"commit,pr,pr,pr,pr,pr"
github:chnfeeeeeef,chnfeeeeeef,xiatian,802d02635f0b89436a5cd2fcd6ec10402b20ee0cbf3da0582e3fee495df24656,"commit,pr,pr,pr,pr,pr"
github:chngyekkhai,ChngYekKhai,ChngYekKhai,9aedc53a2a194a37dde3ee4b936649296e61ac110dea7fa8156b3a9c9d95c21f,"commit,pr"
github:choiminseok,CHOIMINSEOK,CHOIMINSEOK,b83d2e7016aa1c56b0e1c601c1ec03c4dab4dff7de8557c5c1d6e43db7293a32,"commit,pr,pr"
github:chollier,chollier,Loic CHOLLIER,c2b1b0bf7134405226c596507181de2b9446abd2c08a7d8e279f7774068a2fba,"commit,pr"
github:chongyunpeng,ChongYunPeng,ChongYunPeng,,pr
github:chourobin,chourobin,Robin Chou,6e503aab2419d2eac98d14ce3a22e5bdf59e24300098b57789a2f74bde904bbc,"commit,pr"
github:chownation,chownation,Michael Chow,9eabb4d7d9e658542a436f74ab7965a5b2ea19fc364d417001f5a87a11aba184,"commit,pr"
github:chrene,chrene,chrene,,pr
github:chrfalch,chrfalch,Christian Falch,67097b72f5ae4e376260af38aefd7533f8e9d80829eef16c6c109ab65cb292d5,"commit,pr,pr,pr,pr,pr,pr,pr,pr,pr,pr,pr,pr,pr,pr,pr,pr,pr,pr,pr,pr,pr,pr,pr,pr,pr,pr,pr,pr,pr,pr,pr,pr,pr,pr,pr,pr,pr,pr,pr,pr,pr,pr,pr,pr,pr,pr,pr,pr,pr,pr,pr,pr,pr,pr,pr,pr,pr,pr"
github:chris-olszewski,chris-olszewski,Chris Olszewski,0f177432da69590cb4f678e26212c78e2e2409e39a606c7b2f2577523fbe2cf3,commit
github:chrisballinger,chrisballinger,chrisballinger,,pr
github:chrisbianca,chrisbianca,chrisbianca,,pr
github:chrisbobbe,chrisbobbe,chrisbobbe,,pr
github:chrisbujok,chrisbujok,chrisbujok,,pr
github:chrisharrington,chrisharrington,chrisharrington,,pr
github:chriskilding,chriskilding,chriskilding,,pr
github:chrisknepper,chrisknepper,Chris Knepper,601b60842f69e19cb339d5a206cf7e3f4f682c1b0de5539477a99eb674cc7168,"commit,pr"
github:chriskwan,chriskwan,Chris Kwan,b49376c576f9a91c8292a0a89694a706710219334d77cbe35827f34ef6aa6413,"commit,pr"
github:chrislewis0,ChrisLewis0,ChrisLewis0,,pr
github:chrisliu529,chrisliu529,Chris Liu,9b8dda3cb019ee54ce777e55fd31be01b79cd6253aabc6a65076eb06239d34ab,"commit,pr"
github:chrismattew,ChrisMattew,Cristian Matteu,eb91959ea808a91ef335281165f981db923e7e99b145f983e5abef5d70cb8ad8,"commit,pr,pr"
github:chrisnager,chrisnager,Chris Nager,059c9ef92fb9861b92bf662afde572be584676801d509c076ee0980b6e60e761,"commit,pr"
github:chrisnojima,chrisnojima,chrisnojima,0002ed57c633ba043ea6357b8b34ebf9f842c4991bdc8e565b219e10de97fed0,"commit,pr,pr,pr"
github:chrispader,chrispader,chrispader,,pr
github:chrisschofieldcheckatrade,ChrisSchofieldCheckatrade,ChrisSchofieldCheckatrade,,pr
github:chrisspankroy,chrisspankroy,chrisspankroy,,pr
github:christianbach,christianbach,christianbach,,pr
github:christianchown,christianchown,christianchown,,pr
github:christianhersevoort,ChristianHersevoort,ChristianHersevoort,41b1fdbb5eac158a4f33682eae3bac73bc254cd7b9660cab70342a2f1df305b1,"commit,pr"
github:christiank275,ChristianK275,Christian Kruse,05b357dcc4d0969c1f389fe1da752bc86c28a3052f2050173ea21bf0526988d8,"commit,pr,pr,pr"
github:christolliday,christolliday,Chris Tolliday,efcb86a2496cec562c09cb9b35e40d74a4459e16425d6c1f9482e2e52792c7bb,commit
github:christoph-jerolimov,christoph-jerolimov,Christoph Jerolimov,995455640b89bb5d03d91bd59076a29652cc8fb30af92a94f17697abf7e0970b,"commit,pr,pr,pr,pr"
github:christopherdro,christopherdro,Christopher Dro,2fb13f94abccf518278574fc4764725a59995b65e5769db6a52179a9bb96de22,"commit,pr,pr,pr,pr,pr,pr,pr,pr,pr,pr,pr,pr,pr,pr,pr,pr,pr,pr,pr,pr,pr,pr,pr,pr,pr,pr,pr,pr,pr,pr,pr,pr"
github:christophgr,ChristophGr,ChristophGr,,pr
github:christophpurrer,christophpurrer,Christoph Purrer,85712faa1dc9c6475a463bc2d923c5c661bc7721dc8d9c745695d5748ca196c5,"commit,pr,pr,pr,pr,pr,pr,pr,pr,pr,pr,pr,pr,pr,pr,pr,pr,pr,pr,pr,pr,pr,pr,pr,pr,pr,pr,pr,pr,pr,pr,pr,pr,pr,pr,pr,pr,pr,pr,pr,pr,pr,pr,pr,pr,pr,pr,pr,pr,pr,pr,pr,pr,pr,pr,pr,pr,pr,pr,pr,pr,pr,pr,pr,pr,pr,pr,pr,pr,pr,pr,pr,pr,pr,pr,pr,pr,pr,pr,pr,pr,pr,pr,pr,pr,pr,pr,pr,pr,pr,pr,pr,pr,pr,pr,pr,pr,pr,pr,pr,pr,pr,pr,pr,pr,pr,pr,pr,pr,pr,pr,pr,pr,pr,pr,pr,pr,pr,pr,pr,pr,pr,pr,pr,pr,pr,pr,pr,pr,pr,pr,pr,pr,pr,pr,pr,pr,pr,pr,pr,pr,pr,pr,pr,pr,pr,pr,pr,pr,pr,pr,pr,pr,pr,pr,pr,pr,pr,pr,pr,pr,pr,pr,pr,pr,pr,pr,pr,pr,pr,pr,pr,pr,pr,pr,pr,pr,pr,pr,pr,pr,pr,pr,pr,pr,pr,pr,pr,pr,pr,pr,pr,pr,pr,pr,pr,pr,pr,pr,pr,pr,pr,pr,pr,pr,pr,pr,pr,pr,pr,pr,pr,pr,pr,pr,pr,pr,pr,pr,pr,pr,pr,pr,pr,pr,pr,pr,pr,pr,pr,pr,pr,pr,pr,pr,pr,pr,pr,pr,pr,pr,pr,pr,pr,pr,pr,pr,pr,pr,pr,pr,pr,pr,pr,pr,pr,pr,pr,pr,pr,pr,pr,pr,pr,pr,pr,pr,pr,pr,pr"
github:chriswang101,chriswang101,chriswang101,,pr
github:chriswren,ChrisWren,ChrisWren,,pr
github:chriszs,chriszs,chriszs,,pr
github:chrmod,chrmod,chrmod,,pr
github:chrsmys,chrsmys,chrsmys,4c00dd9aa91f38339a9c2fbd39add7640835027a441da6a509f77e7071bed8f5,"commit,pr,pr"
github:chrusart,chrusart,chrusart,,pr
github:chtrinh,chtrinh,chtrinh,,pr
github:chubakueno,chubakueno,Luis Rivera,a3856c35278ae28338a2c076e2ea5f96e6231fb707a775c1b33be77991dd01fd,"commit,pr"
github:chuckhacker,chuckhacker,chuckhacker,,pr
github:chuganzy,chuganzy,Takeru Chuganji,ae8a14d66f441030830b38cf3e91a9de9bcb674b00b0e8423030e0faf1f85681,"commit,pr,pr,pr,pr"
github:chunghe,chunghe,chunghe,34ff8fb6cf5d990222d90b6dd0b18477cc338d131288ce0e1a04289a1e9106fe,"commit,pr"
github:cimitan,cimitan,Andrea Cimitan,5050a525b2b0306258cad789670d7e832d011724011c58450fdc968ee1a77a46,"commit,pr,pr"
github:cipolleschi,cipolleschi,Riccardo Cipolleschi,c7aacead355ea06b8f6c6e3b003214e33f578d131af1b4d04209dd35c0b07ec7,"commit,pr,pr,pr,pr,pr,pr,pr,pr,pr,pr,pr,pr,pr,pr,pr,pr,pr,pr,pr,pr,pr,pr,pr,pr,pr,pr,pr,pr,pr,pr,pr,pr,pr,pr,pr,pr,pr,pr,pr,pr,pr,pr,pr,pr,pr,pr,pr,pr,pr,pr,pr,pr,pr,pr,pr,pr,pr,pr,pr,pr,pr,pr,pr,pr,pr,pr,pr,pr,pr,pr,pr,pr,pr,pr,pr,pr,pr,pr,pr,pr,pr,pr,pr,pr,pr,pr,pr,pr,pr,pr,pr,pr,pr,pr,pr,pr,pr,pr,pr,pr,pr,pr,pr,pr,pr,pr,pr,pr,pr,pr,pr,pr,pr,pr,pr,pr,pr,pr,pr,pr,pr,pr,pr,pr,pr,pr,pr,pr,pr,pr,pr,pr,pr,pr,pr,pr,pr,pr,pr,pr,pr,pr,pr,pr,pr,pr,pr,pr,pr,pr,pr,pr,pr,pr,pr,pr,pr,pr,pr,pr,pr,pr,pr,pr,pr,pr,pr,pr,pr,pr,pr,pr,pr,pr,pr,pr,pr,pr,pr,pr,pr,pr,pr,pr,pr,pr,pr,pr,pr,pr,pr,pr,pr,pr,pr,pr,pr,pr,pr,pr,pr,pr,pr,pr,pr,pr,pr,pr,pr,pr,pr,pr,pr,pr,pr,pr,pr,pr,pr,pr,pr,pr,pr,pr,pr,pr,pr,pr,pr,pr,pr,pr,pr,pr,pr,pr,pr,pr,pr,pr,pr,pr,pr,pr,pr,pr,pr,pr,pr,pr,pr,pr,pr,pr,pr,pr,pr,pr,pr,pr,pr,pr,pr,pr,pr,pr,pr,pr,pr,pr,pr,pr,pr,pr,pr,pr,pr,pr,pr,pr,pr,pr,pr,pr,pr,pr,pr,pr,pr,pr,pr,pr,pr,pr,pr,pr,pr,pr,pr,pr,pr,pr,pr,pr,pr,pr,pr,pr,pr,pr,pr,pr,pr,pr,pr,pr,pr,pr,pr,pr,pr,pr,pr,pr,pr,pr,pr,pr,pr,pr,pr,pr,pr,pr,pr,pr,pr,pr,pr,pr,pr,pr,pr,pr,pr,pr,pr,pr,pr,pr,pr,pr,pr,pr,pr,pr,pr,pr,pr,pr,pr,pr,pr,pr,pr,pr,pr,pr,pr,pr,pr,pr,pr,pr,pr,pr,pr,pr,pr,pr,pr,pr,pr,pr,pr,pr,pr,pr,pr,pr,pr,pr,pr,pr,pr,pr,pr,pr,pr,pr,pr,pr,pr,pr,pr,pr,pr,pr,pr,pr,pr,pr,pr,pr,pr,pr,pr,pr,pr,pr,pr,pr,pr,pr,pr,pr,pr,pr,pr,pr,pr,pr,pr,pr,pr,pr,pr,pr,pr,pr,pr,pr,pr,pr,pr,pr,pr,pr,pr,pr,pr,pr,pr,pr,pr,pr,pr,pr,pr,pr,pr,pr,pr,pr,pr,pr,pr,pr,pr,pr,pr,pr,pr,pr,pr,pr,pr,pr,pr,pr,pr,pr,pr,pr,pr,pr,pr,pr,pr,pr,pr,pr,pr,pr,pr,pr,pr,pr,pr,pr,pr,pr,pr,pr,pr,pr,pr,pr,pr,pr,pr,pr,pr,pr,pr,pr,pr,pr,pr,pr,pr,pr,pr,pr,pr,pr,pr,pr,pr,pr,pr,pr,pr,pr,pr,pr,pr,pr,pr,pr,pr,pr,pr,pr,pr,pr,pr,pr,pr,pr,pr,pr,pr,pr,pr,pr,pr,pr,pr,pr,pr,pr,pr,pr,pr,pr,pr,pr,pr,pr,pr,pr,pr,pr,pr,pr,pr,pr,pr,pr,pr,pr,pr,pr,pr,pr,pr,pr,pr,pr,pr,pr,pr,pr,pr,pr,pr,pr,pr,pr,pr,pr,pr,pr,pr,pr,pr,pr,pr,pr,pr,pr,pr,pr,pr,pr,pr,pr,pr,pr,pr,pr,pr,pr,pr,pr,pr,pr,pr,pr,pr,pr,pr,pr,pr,pr,pr,pr,pr,pr,pr,pr,pr,pr,pr,pr,pr,pr,pr,pr,pr,pr,pr,pr,pr,pr,pr,pr,pr,pr,pr,pr,pr,pr,pr,pr,pr,pr,pr,pr,pr,pr,pr,pr,pr,pr,pr,pr,pr,pr,pr,pr,pr,pr,pr,pr,pr,pr,pr,pr,pr,pr,pr,pr,pr,pr,pr,pr,pr,pr,pr,pr,pr,pr,pr,pr,pr,pr,pr,pr,pr,pr,pr,pr,pr,pr,pr,pr,pr,pr,pr,pr,pr,pr,pr,pr,pr,pr,pr,pr,pr,pr,pr,pr,pr,pr,pr,pr,pr,pr,pr,pr,pr,pr,pr,pr,pr,pr,pr,pr,pr,pr,pr,pr,pr,pr,pr,pr,pr,pr,pr,pr,pr,pr,pr,pr,pr,pr,pr,pr,pr,pr,pr,pr,pr,pr,pr,pr,pr,pr,pr,pr,pr,pr,pr,pr,pr,pr,pr,pr,pr,pr,pr,pr,pr,pr,pr,pr,pr,pr,pr,pr,pr,pr,pr,pr,pr,pr,pr,pr,pr,pr,pr,pr,pr,pr,pr,pr,pr,pr,pr,pr,pr,pr,pr,pr,pr,pr,pr,pr,pr,pr,pr,pr,pr,pr,pr,pr,pr,pr,pr,pr,pr,pr,pr,pr,pr,pr,pr,pr,pr,pr,pr,pr,pr,pr,pr,pr,pr,pr,pr,pr,pr,pr,pr,pr,pr,pr,pr,pr,pr,pr,pr,pr,pr,pr,pr,pr,pr,pr,pr,pr,pr,pr,pr,pr,pr,pr,pr,pr,pr,pr,pr,pr,pr,pr,pr,pr,pr,pr,pr,pr,pr,pr,pr,pr,pr,pr,pr,pr,pr,pr,pr,pr,pr,pr,pr,pr,pr,pr,pr,pr,pr,pr,pr,pr,pr,pr,pr,pr,pr,pr,pr,pr,pr,pr,pr,pr,pr,pr,pr,pr,pr,pr,pr,pr,pr,pr,pr,pr,pr,pr,pr,pr,pr,pr,pr,pr,pr,pr,pr,pr,pr,pr,pr,pr,pr,pr,pr,pr,pr,pr,pr,pr,pr,pr,pr,pr,pr,pr,pr,pr,pr,pr,pr,pr,pr,pr,pr,pr,pr,pr,pr,pr,pr,pr,pr,pr,pr,pr,pr,pr,pr,pr,pr,pr,pr,pr,pr,pr,pr,pr,pr,pr,pr,pr,pr,pr,pr,pr,pr,pr,pr,pr,pr,pr,pr,pr,pr,pr,pr,pr,pr,pr,pr,pr,pr,pr,pr,pr,pr,pr,pr,pr,pr,pr,pr,pr,pr,pr,pr,pr,pr,pr,pr,pr,pr,pr,pr,pr,pr,pr,pr,pr,pr,pr,pr,pr,pr,pr,pr,pr,pr,pr,pr,pr,pr,pr,pr,pr,pr,pr,pr,pr,pr,pr,pr,pr,pr,pr,pr,pr,pr,pr,pr,pr,pr,pr,pr,pr,pr,pr,pr,pr,pr,pr,pr,pr,pr,pr,pr,pr,pr,pr,pr,pr,pr,pr,pr,pr,pr,pr,pr,pr,pr,pr,pr,pr,pr,pr,pr,pr,pr,pr,pr,pr,pr,pr,pr,pr,pr,pr,pr,pr,pr,pr,pr,pr,pr,pr,pr,pr,pr,pr,pr,pr,pr,pr,pr,pr,pr,pr,pr,pr,pr,pr,pr,pr,pr,pr,pr,pr,pr,pr,pr,pr,pr,pr,pr,pr,pr,pr,pr,pr,pr,pr,pr,pr,pr,pr,pr,pr,pr,pr,pr,pr,pr"
github:cizhaoyang,cizhaoyang,cizhaoyang,,pr
github:cjhines,cjhines,christopher.hines@hybridheroes.de,a0f911ca46c86926a7a8d95067971e3870c7bb9471eb085e28bcbd4781efa0c9,"commit,pr"
github:cjhopman,cjhopman,Chris Hopman,4849c7f56b3414b2b4c0e0219b5ca8caaf47e4f22530cae72cb19f501a5a92c2,commit
github:ckools,ckools,ckools,,pr
github:cl4pper,cl4pper,cl4pper,,pr
github:cl7,cl7,cl7,,pr
github:clarle,clarle,clarle,,pr
github:clarsen,clarsen,clarsen,,pr
github:clayallsopp,clayallsopp,Clay Allsopp,67a22f0329fed712308baa68c8006e8c24c9e1545c5e51aa6689349c2afbfca8,"commit,pr,pr,pr"
github:claysimps,claysimps,claysimps,,pr
github:clickthisnick,clickthisnick,clickthisnick,,pr
github:clintonb,clintonb,clintonb,,pr
github:clmntcrl,clmntcrl,clmntcrl,,pr
github:clord,clord,Christopher Lord,c7d4da203f850b1d8bd831a0202f9a958ef0159ced276377fa8bec6342485cdd,"commit,pr"
github:cloudpresser,cloudpresser,Luiz Ozorio,14ec6c2cc35f0c5220d7f4d652f7e8584a45641726c533d84ba73e830ea4e998,"commit,pr,pr"
github:cloudrifles,cloudrifles,cloudrifles,,pr
github:clozr,clozr,clozr,,pr
github:cltnschlosser,cltnschlosser,cltnschlosser,,pr
github:cmc5788,cmc5788,cmc5788,,pr
github:cmcewen,cmcewen,Connor McEwen,b32a5c156adb15cd65198cd83e33142a969847b8b62bad7bcf061df308fc93c1,"commit,pr,pr,pr,pr,pr,pr,pr,pr,pr,pr,pr,pr,pr"
github:cmdadabo,CMDadabo,Chris Dadabo,5b710b45ed37a5a7b76ee9d07de569404226fc241fcfb01b3d4dda26b7402651,"commit,pr"
github:cntchen,CntChen,CntChen,,pr
github:coado,coado,Dawid Małecki,a4b43207e4df6974f96915464ec625e941fe614bcab596e7dd8b8ff9c93e13fa,"commit,pr,pr,pr,pr,pr,pr,pr,pr,pr,pr,pr,pr,pr,pr,pr,pr,pr,pr,pr,pr,pr,pr,pr,pr,pr,pr,pr,pr,pr,pr,pr,pr,pr,pr,pr,pr,pr,pr,pr,pr,pr,pr,pr,pr,pr,pr,pr,pr,pr,pr,pr,pr,pr,pr,pr,pr,pr,pr,pr,pr,pr,pr,pr,pr,pr,pr,pr,pr,pr,pr,pr,pr,pr,pr,pr,pr,pr,pr,pr,pr,pr,pr,pr,pr,pr,pr,pr,pr,pr,pr,pr,pr,pr,pr,pr,pr,pr,pr,pr,pr,pr,pr,pr,pr,pr,pr,pr,pr,pr,pr,pr,pr,pr,pr,pr,pr,pr,pr,pr,pr,pr,pr,pr,pr,pr,pr,pr,pr,pr,pr,pr,pr,pr,pr,pr,pr,pr,pr,pr,pr,pr,pr,pr,pr,pr,pr,pr,pr,pr,pr,pr,pr,pr,pr,pr,pr,pr,pr,pr,pr,pr,pr,pr,pr,pr,pr,pr,pr,pr,pr,pr,pr,pr,pr,pr,pr,pr,pr,pr,pr,pr,pr,pr,pr,pr,pr,pr,pr,pr,pr,pr,pr,pr,pr,pr,pr,pr,pr,pr,pr,pr,pr,pr,pr,pr,pr,pr,pr,pr,pr,pr,pr"
github:code3002,code3002,code3002,,pr
github:codebutler,codebutler,codebutler,,pr
github:codeheroics,codeheroics,Hugo Agbonon,611745838af062b8678cdea0851501525c01ca7c177a84c161792649e0d02f3b,"commit,pr"
github:codejet,codejet,codejet,f6494fdeabcfcabfc134560c7c8b0164852fca68fd09842ec6aaaaa637199d0f,"commit,pr"
github:coder966,coder966,coder966,,pr
github:coderlim,CoderLim,CoderLim,,pr
github:codingformoney,CodingForMoney,CodingForMoney,,pr
github:codingitwrong,CodingItWrong,Josh Justice,0e065423894456192e3782c8663f29652ff98c4c4bd8ace7821b48c35459bd58,"commit,pr,pr,pr,pr,pr,pr,pr,pr,pr,pr,pr,pr"
github:codinsonn,codinsonn,codinsonn,,pr
github:codler,codler,Han Lin Yap,f815a724c8fba144224231004e47404e3849ad9d916bd7d2b1eb90c6bebcd23a,"commit,pr,pr,pr,pr,pr"
github:codyi96,codyi96,Charley,8450c1fc63232c3795d4694b53d23deaecd1f7bddffda11bf14e817f3fcf4491,"commit,pr"
github:codyjasonbennett,CodyJasonBennett,Cody Bennett,4d853ed767ccde2ffeb8b8cb735b19e9eab0e0aa9fdaf77f4113fa0612ad8a94,"commit,pr,pr"
github:coerdes-chris,coerdes-chris,coerdes-chris,,pr
github:coiggahou2002,Coiggahou2002,Coiggahou2002,,pr
github:cojo,cojo,cojo,3a1f5a18819c0ccb89e5239528feac1cd6122f1a901e2643e4e4fd91e5347c5f,"commit,pr"
github:colbyr,colbyr,colbyr,,pr
github:colch,ColCh,ColCh,5ccb523dc2ba1e3098160d709d2fc1de091dba3bac0514e9fb2c9ee9f2b4deeb,"commit,pr,pr"
github:coliff,coliff,Christian Oliff,a6068e9ba0ce8defec6b107f1cc3b99c2fd91f75298b48f71cc3dbfdc20870a8,"commit,pr"
github:colineberhardt,ColinEberhardt,ColinEberhardt,,pr
github:colinramsay,colinramsay,Colin Ramsay,e87b1ec835c58aa7b0624e2f1a0d0557c001c10b701fe3a1067fcc709e9c38fe,"commit,pr,pr,pr"
github:colinta,colinta,colinta,,pr
github:colinterface,colinterface,Colin Parsons,b31cdac812a06d3f328a76816f13c2162cfc9c9ce53e066deab1e29c8e814e00,"commit,pr"
github:coloradobum,coloradobum,Jeff Thomas,3bd05060c333fba31d4576e758e100ad8ae2d19810af5577ef8c93fdf26df093,"commit,pr"
github:colorfulberry,colorfulberry,colorfulberry,,pr
github:colriot,colriot,Sergey Ryabov,3ebc810b10e47a398f33959c7811124648edd160c25b622d0889a8ab7cae8f2d,commit
github:comiclee,comiclee,comiclee,,pr
github:comountainclimber,comountainclimber,comountainclimber,,pr
github:compojoom,compojoom,Daniel Dimitrov,ed543147ca8dbe934e3c3465560d7e13993874c4b0520b37438ca1c2ccd46251,"commit,pr"
github:compuives,CompuIves,CompuIves,,pr
github:compulim,compulim,compulim,,pr
github:comvenger-brandon,comvenger-brandon,Brandon Baumgarten,dcbfd4e470b511a320ac4b1c8c08875db8739489f8a1c8cb3b0a59ea02663872,"commit,pr"
github:conanak99,conanak99,Phạm Huy Hoàng,c3a980f9ccee7262a473d490070b3191f7f38146883f8c21d70ad7261fbfb8e7,"commit,pr"
github:connected-swu,connected-swu,connected-swu,,pr
github:conner1reimers,conner1reimers,conner1reimers,,pr
github:connorzg,connorzg,Connor Garber,0440470c93ce33b9b2f06d04c50a1e28f50ee05c8810cceb928114d5a1a5ba19,"commit,pr"
github:conorhastings,conorhastings,conorhastings,,pr
github:constantine-fry,constantine-fry,Constantine Fry,718cb58f4986dfc7f78ea8572b738e12a394c7eb8d36abac7f0c142d9f350f0f,"commit,pr,pr,pr"
github:cookiezby,Cookiezby,Cookiezby,78889fc86bcf501a4d83d695a91bda5fa41603f2506631259cae7deb2754508e,"commit,pr"
github:coolguy001tv,coolguy001tv,coolguy001tv,,pr
github:coolsoftwaretyler,coolsoftwaretyler,coolsoftwaretyler,,pr
github:cooperka,cooperka,Kevin Cooper,fd1a4a2ed14a6c66fd9a163e8c1c52e731fd7d4c02406bbadd70c211af5f5574,"commit,pr,pr,pr,pr"
github:corbt,corbt,Kyle Corbitt,9420163ba1db4cda03841587077899150d758dfab2e504c2f3120d2f23652c02,"commit,pr,pr,pr,pr,pr,pr,pr,pr,pr,pr,pr,pr,pr,pr,pr,pr,pr,pr"
github:corei13,Corei13,Dhananjoy Biswas,24a54a8903e81775c1eb4c4ad6c01308e61f12a903846ca1af618a07c0279b29,"commit,pr"
github:coreyphillips,coreyphillips,coreyphillips,,pr
github:cornedor,cornedor,Corné Dorrestijn,19322b2717a03e392fdb89ddd9410915b93225ec496a1f5fa2691ff002015909,"commit,pr,pr,pr"
github:corpuscallosum,CorpusCallosum,CorpusCallosum,,pr
github:corradio,corradio,Olivier Corradi,d9600e03a3b284b84055305a6bf08647abff823b819aabbc361f1b8e97ad0d9f,"commit,pr"
github:cortinico,cortinico,Nicola Corti,de5ffd6411a1ae8bef0e8290c701d1db80fefbd48e01770115c3af0daf74504b,"commit,pr,pr,pr,pr,pr,pr,pr,pr,pr,pr,pr,pr,pr,pr,pr,pr,pr,pr,pr,pr,pr,pr,pr,pr,pr,pr,pr,pr,pr,pr,pr,pr,pr,pr,pr,pr,pr,pr,pr,pr,pr,pr,pr,pr,pr,pr,pr,pr,pr,pr,pr,pr,pr,pr,pr,pr,pr,pr,pr,pr,pr,pr,pr,pr,pr,pr,pr,pr,pr,pr,pr,pr,pr,pr,pr,pr,pr,pr,pr,pr,pr,pr,pr,pr,pr,pr,pr,pr,pr,pr,pr,pr,pr,pr,pr,pr,pr,pr,pr,pr,pr,pr,pr,pr,pr,pr,pr,pr,pr,pr,pr,pr,pr,pr,pr,pr,pr,pr,pr,pr,pr,pr,pr,pr,pr,pr,pr,pr,pr,pr,pr,pr,pr,pr,pr,pr,pr,pr,pr,pr,pr,pr,pr,pr,pr,pr,pr,pr,pr,pr,pr,pr,pr,pr,pr,pr,pr,pr,pr,pr,pr,pr,pr,pr,pr,pr,pr,pr,pr,pr,pr,pr,pr,pr,pr,pr,pr,pr,pr,pr,pr,pr,pr,pr,pr,pr,pr,pr,pr,pr,pr,pr,pr,pr,pr,pr,pr,pr,pr,pr,pr,pr,pr,pr,pr,pr,pr,pr,pr,pr,pr,pr,pr,pr,pr,pr,pr,pr,pr,pr,pr,pr,pr,pr,pr,pr,pr,pr,pr,pr,pr,pr,pr,pr,pr,pr,pr,pr,pr,pr,pr,pr,pr,pr,pr,pr,pr,pr,pr,pr,pr,pr,pr,pr,pr,pr,pr,pr,pr,pr,pr,pr,pr,pr,pr,pr,pr,pr,pr,pr,pr,pr,pr,pr,pr,pr,pr,pr,pr,pr,pr,pr,pr,pr,pr,pr,pr,pr,pr,pr,pr,pr,pr,pr,pr,pr,pr,pr,pr,pr,pr,pr,pr,pr,pr,pr,pr,pr,pr,pr,pr,pr,pr,pr,pr,pr,pr,pr,pr,pr,pr,pr,pr,pr,pr,pr,pr,pr,pr,pr,pr,pr,pr,pr,pr,pr,pr,pr,pr,pr,pr,pr,pr,pr,pr,pr,pr,pr,pr,pr,pr,pr,pr,pr,pr,pr,pr,pr,pr,pr,pr,pr,pr,pr,pr,pr,pr,pr,pr,pr,pr,pr,pr,pr,pr,pr,pr,pr,pr,pr,pr,pr,pr,pr,pr,pr,pr,pr,pr,pr,pr,pr,pr,pr,pr,pr,pr,pr,pr,pr,pr,pr,pr,pr,pr,pr,pr,pr,pr,pr,pr,pr,pr,pr,pr,pr,pr,pr,pr,pr,pr,pr,pr,pr,pr,pr,pr,pr,pr,pr,pr,pr,pr,pr,pr,pr,pr,pr,pr,pr,pr,pr,pr,pr,pr,pr,pr,pr,pr,pr,pr,pr,pr,pr,pr,pr,pr,pr,pr,pr,pr,pr,pr,pr,pr,pr,pr,pr,pr,pr,pr,pr,pr,pr,pr,pr,pr,pr,pr,pr,pr,pr,pr,pr,pr,pr,pr,pr,pr,pr,pr,pr,pr,pr,pr,pr,pr,pr,pr,pr,pr,pr,pr,pr,pr,pr,pr,pr,pr,pr,pr,pr,pr,pr,pr,pr,pr,pr,pr,pr,pr,pr,pr,pr,pr,pr,pr,pr,pr,pr,pr,pr,pr,pr,pr,pr,pr,pr,pr,pr,pr,pr,pr,pr,pr,pr,pr,pr,pr,pr,pr,pr,pr,pr,pr,pr,pr,pr,pr,pr,pr,pr,pr,pr,pr,pr,pr,pr,pr,pr,pr,pr,pr,pr,pr,pr,pr,pr,pr,pr,pr,pr,pr,pr,pr,pr,pr,pr,pr,pr,pr,pr,pr,pr,pr,pr,pr,pr,pr,pr,pr,pr,pr,pr,pr,pr,pr,pr,pr,pr,pr,pr,pr,pr,pr,pr,pr,pr,pr,pr,pr,pr,pr,pr,pr,pr,pr,pr,pr,pr,pr,pr,pr,pr,pr,pr,pr,pr,pr,pr,pr,pr,pr,pr,pr,pr,pr,pr,pr,pr,pr,pr,pr,pr,pr,pr,pr,pr,pr,pr,pr,pr,pr,pr,pr,pr,pr,pr,pr,pr,pr,pr,pr,pr,pr,pr,pr,pr,pr,pr,pr,pr,pr,pr,pr,pr,pr,pr,pr,pr,pr,pr,pr,pr,pr,pr,pr,pr,pr,pr,pr,pr,pr,pr,pr,pr,pr,pr,pr,pr,pr,pr,pr,pr,pr,pr,pr,pr,pr,pr,pr,pr,pr,pr,pr,pr,pr,pr,pr,pr,pr,pr,pr,pr,pr,pr,pr,pr,pr,pr,pr,pr,pr,pr,pr,pr,pr,pr,pr,pr,pr,pr,pr,pr,pr,pr,pr,pr,pr,pr,pr,pr,pr,pr,pr,pr,pr,pr,pr,pr,pr,pr,pr,pr,pr,pr,pr,pr,pr,pr,pr,pr,pr,pr,pr,pr,pr,pr,pr,pr,pr,pr,pr,pr,pr,pr,pr,pr,pr,pr,pr,pr,pr,pr,pr,pr,pr,pr,pr,pr,pr,pr,pr,pr,pr,pr,pr,pr,pr,pr,pr,pr,pr,pr,pr,pr,pr,pr,pr,pr,pr,pr,pr,pr,pr,pr,pr,pr,pr,pr,pr,pr,pr,pr,pr,pr,pr,pr,pr,pr,pr,pr,pr,pr,pr,pr,pr,pr,pr,pr,pr,pr,pr,pr,pr,pr,pr,pr,pr,pr,pr,pr,pr,pr,pr,pr,pr,pr,pr,pr,pr,pr,pr,pr,pr,pr,pr,pr,pr,pr,pr,pr,pr,pr,pr,pr,pr,pr,pr,pr,pr,pr,pr,pr,pr,pr,pr,pr,pr,pr,pr,pr,pr,pr,pr,pr,pr,pr,pr,pr,pr,pr,pr,pr,pr,pr,pr,pr,pr,pr,pr,pr,pr,pr,pr,pr,pr,pr,pr,pr,pr,pr,pr,pr,pr,pr,pr,pr,pr,pr,pr,pr,pr,pr,pr,pr,pr,pr,pr,pr,pr,pr,pr,pr,pr,pr,pr,pr,pr,pr,pr,pr,pr,pr,pr,pr,pr,pr,pr,pr,pr,pr,pr,pr,pr,pr,pr,pr,pr,pr,pr,pr,pr,pr,pr,pr,pr,pr,pr,pr,pr,pr,pr,pr,pr,pr,pr,pr,pr,pr,pr,pr,pr,pr,pr,pr,pr,pr,pr,pr,pr,pr,pr,pr,pr,pr,pr,pr,pr,pr,pr,pr,pr,pr,pr,pr,pr,pr,pr,pr,pr,pr,pr,pr,pr,pr,pr,pr,pr,pr,pr,pr,pr,pr,pr,pr,pr,pr,pr,pr,pr,pr,pr,pr,pr,pr,pr,pr,pr,pr,pr,pr,pr,pr,pr,pr,pr,pr,pr,pr,pr,pr,pr,pr,pr,pr,pr,pr,pr,pr,pr,pr,pr,pr,pr,pr,pr,pr,pr,pr,pr,pr,pr,pr,pr,pr,pr,pr,pr,pr,pr"
github:corymail,corymail,corymail,,pr
github:corymsmith,corymsmith,corymsmith,,pr
github:corywritescode,CoryWritesCode,CoryWritesCode,,pr
github:cosmith,cosmith,Corentin Smith,5290c0110a130dd0de983bbc98b90388a792056598f3ac692d18dd99c827c6c5,"commit,pr,pr,pr,pr"
github:cosmos-sajal,cosmos-sajal,cosmos-sajal,,pr
github:cpluss,cpluss,Sebastian Lund,a28d87bedbf38177e356205103a3e294e2df4b9edc40e1ebaf7a3fda7226aa62,commit
github:cpojer,cpojer,Christoph Nakazawa,69801f1fb699766993fe1cd0c2bc30cb278fbe98cf38813208bfb54059f4b029,"commit,pr,pr,pr,pr,pr,pr,pr,pr,pr,pr,pr,pr,pr,pr,pr"
github:cpunion,cpunion,Li Jie,d119a5bf1aa8e2731328408d60bbba17692e53845786f39eab7593ebaf6e4046,"commit,pr,pr,pr,pr,pr,pr"
github:crash--,Crash--,Quentin Valmori,a34494ecc16632fd7dc11cf01623d91c3cc25ec9018ca0cd748a7e19fe054393,"commit,pr,pr,pr,pr,pr,pr,pr,pr"
github:crazycodeboy,crazycodeboy,crazycodeboy,,pr
github:crazyfanfan,CrazyFanFan,CrazyFanFan,,pr
github:crdesai,crdesai,crdesai,,pr
github:creedarky,creedarky,Maximiliano Castro,bd03140991fc95a16acdb277662aea31d95d45acd4dc79dfdf287a642dd6ddbd,"commit,pr"
github:crismali,crismali,crismali,,pr
github:cristianoccazinsp,cristianoccazinsp,Cristiano Coelho,07d0196344b36b6d212b13b98e67c3e137578d989af97a0a5a6054b898762e5f,"commit,pr"
github:cristie,Cristie,Cristie,,pr
github:cromatikap,cromatikap,cromatikap,,pr
github:crpdm,crpdm,crpdm,,pr
github:crs48,crs48,Chris Smothers,bc873db571f94fca02180e19503ad7710e85fffc036706d07d5a37f21fb4f617,"commit,pr"
github:crshoverride,CrshOverride,CrshOverride,,pr
github:cryptobiote,cryptobiote,Jonathan Koo,c7c93e81af397bc4c1de4756525f5a21356ec591713ba7630627ca91f63d4ce8,"commit,pr"
github:cs01,cs01,Chad Smith,d24e27ff321d308a58616ac5f5744f7e17c46517c31d278dca9b177c5d254f6e,commit
github:csabapalfi,csabapalfi,Csaba Palfi,6856b9c00ef32dcc6d637eb1d9d5c419b6622f82451f07b804b5e358a0beae58,"commit,pr"
github:csarsam,csarsam,csarsam,,pr
github:csholmq,csholmq,Sebastian Holmqvist,3a864f4188a8cac383140d29b4a26ef9877f87d04c0e9309b322fd3db5210e46,"commit,pr"
github:csksm,csksm,Kasim Tan,c358e1152795aada66d79384f62e4515fde265dcd4ed3015043c04e49b7e336e,commit
github:cspeisman,Cspeisman,Cspeisman,fd4fec914abdcfaf52e52e69af29bcd9c331c1af7f3e2520433268e443e2c0e6,"commit,pr"
github:cubex2,cubex2,cubex2,,pr
github:cuitianze,cuitianze,cuitianze,,pr
github:cvlehe,cvlehe,cvlehe,,pr
github:cvrajeesh,cvrajeesh,Rajeesh C V,3b04ae11f6065e731120dee649bed3b52ba0a44b6803b7bacdf6ed9a2e567715,"commit,pr"
github:cwdick,cwdick,Charles Dick,7c551c8f8770e988ec2738ed540f8be9a9b825f36b5b12c2fd6f7cf1fd4d2af7,commit
github:cxa,cxa,CHEN Xian-an,1c2e05ac3f824ea25959398ccacf8d77d54ae10983027dd37d28deef0f75a652,"commit,pr,pr"
github:cxfeng1-zz,cxfeng1-zz,=?UTF-8?q?=E9=9A=90=E9=A3=8E?=,4fa64c579fafbf8c60ab8f516fce6b36df06c43f70322e439bc9ce533c7bfcfd,"commit,pr,pr,pr,pr"
github:cyan33,cyan33,cyan33,,pr
github:cyberhck,cyberhck,Nishchal Gautam,db61f0535d0f46adee4fc97046eef7a214db5e9a8273947f8b3fd7a9f061819e,"commit,pr"
github:cypheon,cypheon,cypheon,,pr
github:cyrus25,cyrus25,cyrus25,7a27e7dcbde9e794353254304c98981ecd004b5e197a3878a9c5bf516f453735,"commit,pr,pr,pr"
github:d-vine,d-vine,d-vine,,pr
github:d16r,d16r,Dustin Shahidehpour,fd55c3617811c46cba4997ebaae2eb7ba611e1df007b7a1817bdf27a91087b6d,"commit,pr,pr"
github:d2s,d2s,d2s,,pr
github:d3kum1d0r1y4100,d3kum1d0r1y4100,d3kum1d0r1y4100,,pr
github:d4vidi,d4vidi,Amit Davidi,0848d3a1bce0ba810e20a294054e4f6bd10bbeead7f63cae0a4d89d345d9f6a7,"commit,pr"
github:dabbott,dabbott,Devin Abbott,495a272c194987b213e3cae772d7b60f02543f2093536a3b244362831adda5f6,"commit,pr,pr,pr,pr,pr,pr"
github:dabit1,dabit1,dabit1,9ab54e0dd8e7581908daa2b0e4133de1f34f1fb0b3ebea00b1bd843865cb2714,"commit,pr,pr"
github:dabit3,dabit3,Nader Dabit,0e980bc2f10d9472662850d4a7a63a6caade6239a6734ddcc38a57b5e5a57dbe,"commit,pr,pr,pr,pr,pr,pr"
github:daemonchen,daemonchen,scott,75bb40ac0d96695fd80406f931a56e371d54334304062f03bda84fdf5b3643df,"commit,pr"
github:daesan,daesan,Dae San Hwang,fe5ba04e6fa6e057158320b17331355320f5a7478c6d0450f179e29d8c591115,"commit,pr"
github:dagecko,dagecko,dagecko,,pr
github:dagohan,dagohan,dagohan,,pr
github:dahjelle,dahjelle,dahjelle,,pr
github:daidai-ok,daidai-ok,daidai-ok,,pr
github:daifee,daifee,daifee,,pr
github:daisy1754,daisy1754,daisy1754,606c8e412b434a25c179ef155f7ab80f258663f6dff6ded4eb6ecb7552bd3081,"commit,pr"
github:dajomu,dajomu,dajomu,93adde8a1923fbf4ff3ec6d6b00fb112393fc86564099202bc55ab6dd990daaa,"commit,pr"
github:dakaz,DaKaZ,DaKaZ,,pr
github:dakshbhardwaj,dakshbhardwaj,dakshbhardwaj,83048eb92a76bbb12516cad871e62a5416058be40dc4d5d6adb8242e8f1e6d0e,"commit,pr,pr,pr,pr,pr,pr,pr,pr"
github:dalcib,dalcib,dalcib,366f7f7ca25eb252191e384d7e26a7d514d760a6b032c74c9193275c921db66a,"commit,pr"
github:daleljefferson,DaleLJefferson,Dale Jefferson,a4eff88e9c5d9750af176bfff90322600a79cdf459e6a545b127ef5f3635aef6,"commit,pr,pr,pr,pr,pr,pr,pr,pr"
github:dalinaum,dalinaum,LYK,bf62f47c50ca227e683484bbce3b8f4190d11f1cad2b67f87fb427fa2e42059d,"commit,pr,pr,pr,pr,pr,pr"
github:dalmaer,dalmaer,dalmaer,,pr
github:dalves,dalves,David Alves,6660d8c6bbab90530a63b2730b1d03a0a114387b66cd602d5792568fb9f672ea,commit
github:damafeez,damafeez,damafeez,,pr
github:damianfrizzi,damianfrizzi,damianfrizzi,,pr
github:damianstasik,damianstasik,Damian Stasik,f6553067600036b8603adb20f01f3b6361d15c92eceebbf28363c2b44cfa4010,"commit,pr"
github:damoness,Damoness,Damoness,,pr
github:damonyan1985,damonyan1985,damonyan1985,,pr
github:damusnet,damusnet,Damien Varron,4cb0383b71efc1fb609d21f3a77540f27ab964137fb39f8c61d876f2d50ff49e,"commit,pr,pr,pr"
github:dandoingdev,dandoingdev,dandoingdev,,pr
github:danez,danez,danez,,pr
github:danhnn,danhnn,Harry Nguyen,b510c0f80f92e63ef8c8440308f7e3ea6d37437d49721832aaf2028794f47857,"commit,pr"
github:daniakash,DaniAkash,DaniAkash,,pr
github:danibonilha,danibonilha,danibonilha,c55d32aa55a7d290c58ca8c4850b48b5bbffbb70cd2c6407d4327d3820a5dee3,"commit,pr,pr,pr,pr,pr"
github:daniel-nagy,daniel-nagy,Daniel Nagy,be1462533e638e300199424a7617d7a637218bd96af7f5aa5a9ad6bb9607cc28,"commit,pr,pr"
github:daniel15,Daniel15,Daniel15,,pr
github:daniel9z,Daniel9z,Daniel Abramowitz,cdae7eb202e60083308676508b993bffcfbeed9d2fc13b73669275662403ecc7,"commit,pr"
github:danielbraun,danielbraun,Daniel Braun,911e44b039cc89a480b6ddf6c53646439549ce2ee27f6e19092ae46f73a3dac4,"commit,pr,pr,pr,pr,pr"
github:danieldunderfelt,danieldunderfelt,danieldunderfelt,1fc52a811492bc134b0a8013775bdc31387e29542d38aa3ac4cd26be5135f222,"commit,pr,pr"
github:danielfarrell,danielfarrell,danielfarrell,,pr
github:danielgindi,danielgindi,Daniel Cohen Gindi,361da1ca78721fa6a4fad9d0d18b826f4247c58d60cb92b7d329cc786e306d06,"commit,pr,pr,pr"
github:danielgrech,DanielGrech,DanielGrech,,pr
github:danielkuhn,DanielKuhn,DanielKuhn,,pr
github:danielmschmidt,DanielMSchmidt,Daniel Schmidt,a12397149312a76837a5d6f29b9e963d3fec72f6c68eafafb0dbe78a068911db,"commit,pr,pr,pr,pr,pr,pr"
github:danielrosenwasser,DanielRosenwasser,Daniel Rosenwasser,afb43bb7d1deadfbea2211ff5c0c23717e11936a07ecf0cea78c3da34f252974,"commit,pr"
github:danielzlotin,DanielZlotin,Daniel Zlotin,9b3e67dd84ce1ba56c21eedc406fb487dc3ec1da212c2ae03c4f6e022250066d,"commit,pr,pr"
github:danilobuerger,danilobuerger,Danilo Bürger,5d2d129911a6140c87930704d8b60058574a54fed352de6bbb834bced60b2138,"commit,pr,pr,pr,pr,pr,pr,pr,pr,pr,pr,pr,pr,pr,pr,pr,pr,pr,pr,pr,pr,pr,pr,pr,pr,pr,pr,pr"
github:dannolan,dannolan,Dan Nolan,9579fccf577c3010eb9f2b39d2f12a4b953a56e112ea7fc4d5683f07d47230e1,"commit,pr,pr"
github:dannycochran,dannycochran,Danny Cochran,89c27c763356de1a3b93277ee58e12b93fba0db23a75e6fd11c83d3e503e5c55,"commit,pr,pr,pr,pr,pr,pr,pr"
github:dannyflax,dannyflax,dannyflax,,pr
github:dannyicracked,DannyiCracked,DannyiCracked,,pr
github:dannysu,dannysu,dannysu,,pr
github:dannyvanderjagt,DannyvanderJagt,Danny van der Jagt,db7982ac9d82370e8e665f151f732550985a3090940cb73d0d7f233daab58938,"commit,pr,pr,pr,pr"
github:dannyvv,dannyvv,Danny van Velzen,2a73472354619492f39dd9fe8300c13e61e6c6d92b3584089aa161396dc847a9,"commit,pr,pr,pr"
github:danpurdy,DanPurdy,Dan Purdy,104cd1feb88e3f6dde2fa623a9a143cc437335daf79bdfacf9e9fe9d9463274e,"commit,pr"
github:danreynolds,danReynolds,Dan Reynolds,e73115bdbf408a9ed6131dfc208fb8a88120797479e85a28f55f77363b1d263c,"commit,pr"
github:danscan,danscan,Dan Scanlon,e1f6e60129ea60b988c07543ad0bd95a2459d980f8a16a2b25cd46f7fd6b6b65,"commit,pr,pr,pr"
github:danseethaler,danseethaler,Dan Seethaler,9ec9957b18158e4a15cc231e827b0b9758472b46ac47430bf163e7042c464637,"commit,pr"
github:dantman,dantman,Daniel Friesen,8273342e8c44b6245dff0575e09272d45a1537abe4d9f9177e470df68d675a1e,"commit,pr,pr,pr,pr,pr,pr,pr"
github:dantrongamz,dantrongamz,dantrongamz,,pr
github:daose,daose,daose,c0b9994a807e9ad6a4342812edaf3cf42639ea9ff0be6d69221c6e1c23aa363e,"commit,pr,pr"
github:dapetcu21,dapetcu21,dapetcu21,,pr
github:daqiuqu,daqiuqu,daqiuqu,,pr
github:darex1991,Darex1991,Darex1991,,pr
github:darichey,darichey,David Richey,02fd1543b6eafc4d97431b72b657e4fe2541d8f8a5e8d0d91d9e59b8050fba7e,"commit,pr,pr"
github:darkhollow,DarkHollow,DarkHollow,,pr
github:darking360,Darking360,Miguel Bolivar,02cf381c0018e7c93f38dec462b7313cb1d8c48809ee5b82f6e22d886b3bf9e1,"commit,pr"
github:darkrishabh,darkrishabh,Rishabh Mehan,0e41763ddb107d744f1add7b675a01715bf894dc81f817b446c1a498d20177ca,"commit,pr,pr,pr"
github:darsbir,Darsbir,Darsbir,,pr
github:darwin808,darwin808,darwin808,,pr
github:darylrowland,darylrowland,darylrowland,,pr
github:daschaa,daschaa,Joshua Wiegmann,490febf08a168c0d031a1066122c60bd1019498f9e6bf63a29dbbc6a0ceff126,"commit,pr,pr,pr"
github:davarisg,davarisg,davarisg,,pr
github:daveadams88,DaveAdams88,David Adams,21afc88f5deef897d764ca4b5ef00440044cf1edb0668dbf1976d6df60d8ff47,"commit,pr,pr"
github:davebcn87,davebcn87,davebcn87,,pr
github:davepack,davepack,Dave Pack,ff3b8973afc4a815b7081152ba1d6911364841a381021fa9dc1c577b30376920,"commit,pr"
github:david135,david135,david135,,pr
github:davidaurelio,davidaurelio,David Aurelio,80394478e1091b511845d82edf179e1f962f801f259191614dcc49fb76d73464,"commit,pr,pr,pr,pr,pr,pr,pr,pr,pr,pr,pr,pr,pr"
github:davidbiedenbach,davidbiedenbach,David Biedenbach,04d645288be73c5add05390757a5bf33c4bf57bd29e30740ec20883f31149e15,"commit,pr,pr"
github:davidcallahan,DavidCallahan,David Callahan,0366d81fa277f20c9e8ffdec563606b59f211151a0822c2ad66b9d990c079ba4,commit
github:davidfekke,davidfekke,davidfekke,,pr
github:davidhellsing,davidhellsing,davidhellsing,,pr
github:davidliu,davidliu,davidliu,,pr
github:davidlrnt,davidlrnt,david,82cac13a29d64cdaabb3e28864bef39f37271301014451fdeaa6139e3274101c,"commit,pr"
github:davidmccabe,davidmccabe,Dave McCabe,dcdcd8ddb9d3fe01dfb96249045eb062feb05db5c56dee12baeb358e0ba43316,commit
github:davidnguyenwm,davidnguyenwm,David T. Nguyen,a936cf6187a337b4984a8f35699259b9a8132cbfe49c3e95ba0f72b239e94acc,commit
github:davidperrenoud,davidperrenoud,davidperrenoud,,pr
github:davidshayer,davidshayer,davidshayer,,pr
github:davidyaha,davidyaha,David Yahalomi,99335d972860cfc0adecdcbf0af2b3f557854092d5871801d03d4c1a6aef244b,"commit,pr"
github:davidykay,DavidYKay,David Young-chan Kay,d6c799004740b8d9529f14d84bc77e0bc490fa4d8806a98c95a33b35681f1d90,"commit,pr"
github:daviskoh,daviskoh,daviskoh,575cd2b26864983062eba69a5a3ee73104b9d251bf84656440fc7b15b605d68c,"commit,pr,pr"
github:dayhaysoos,dayhaysoos,dayhaysoos,,pr
github:daynewright,daynewright,Dayne Wright,4ddd8f0d294473c4534ac3dfb266711ebbf711dcd446a0b9dcab88d42b6a6d49,"commit,pr"
github:dazziola,dazziola,dazziola,,pr
github:dbanck,dbanck,dbanck,,pr
github:dbarr33,dbarr33,Daniel,0aa62ae40c22873a888c73699a0614f09e82da84eaafa7bd99a845afe62dd0a9,"commit,pr"
github:dbasedow,dbasedow,danielbasedow,0a7022c9a16bd365251c427c454dbd7aaa6f2b31dea697bc821de12f6c299f84,"commit,pr"
github:dbhowell,dbhowell,dbhowell,,pr
github:dbnex14,dbnex14,dbnex14,,pr
github:dbrock,dbrock,Daniel Brockman,7129c6902015d96989c353d4d714f70cd6e917ed18bebd52c35de91cc03abd73,"commit,pr"
github:dbroqua,Dbroqua,Damien,3d1a666a9389b65d8213eb3c38a57b4e1ebfec7d608b265e7fbc0aeb18f5411f,"commit,pr"
github:dbrugne,dbrugne,Damien Brugne,9e4220a08cd4af700c44e5eca0ba122c1e041f9a3f40ab58dab99320e4e6988f,"commit,pr"
github:dcangulo,dcangulo,David Angulo,0c74e6970ccdfd68ae694dd9fd163515275de68f91f03984a201a9525d0fc104,"commit,pr,pr,pr,pr,pr,pr,pr,pr,pr,pr,pr"
github:dcaspi,dcaspi,Dan Caspi,ac19ed7af5dd29672e6f1ebb397ce4f34c420929eaa15ce9e0dd004f5d7ce5da,commit
github:dccarmo,dccarmo,dccarmo,,pr
github:dcestari,dcestari,Daniel Cestari,86413d8ba0aa7e00c53e90920b3d7b65c85a7cfe15cc538cc7568ff68e490327,"commit,pr,pr,pr"
github:dcheong,dcheong,dcheong,,pr
github:dchersey,dchersey,dchersey,09a11da80da31a0591d513d09cdb8cbbcfbc893dd1523f757377639368a49748,"commit,pr"
github:dchun,dchun,dchun,,pr
github:ddhogan,ddhogan,ddhogan,,pr
github:ddikodroid,ddikodroid,Ahmad Syarifuddin Randiko,ea737bcc315af83c6e0791652253aad11c87b4104dbde68059e22a1e44da2e3f,"commit,pr"
github:ddx533534,ddx533534,ddx533534,,pr
github:deadwater88,deadwater88,David Wong,210d1ae19beaa6a07af03f89d8e5c1c74cd4e98b981dfb4f9e4ef441b4c2cc64,"commit,pr"
github:deanmcpherson,deanmcpherson,Dean McPherson,fab9f6ea398e4c042e274df505383b458fbdb12272ab025cd2f275f1fb716da3,"commit,pr,pr"
github:debens,Debens,Debens,,pr
github:deecewan,deecewan,David Buchan-Swanson,c7035972f97642d59910b1ae5e4e4d5801a9a9f2d96926b9b4bc128bdc82a93d,"commit,pr,pr,pr,pr,pr"
github:deem97,Deem97,Deem97,,pr
github:deepanshushuklad11,deepanshushuklad11,Deepanshu.shukla,6a7d73558651e72b591c4f736c687df545be64dc5073266f79dda779af6edb9a,"commit,pr,pr,pr,pr,pr"
github:defhlt,defHLT,defHLT,,pr
github:dehlen,dehlen,David v.Knobelsdorff,541b0c224536e7480f8a6526402550156c1e2d03c47fd2aac7368480897127df,"commit,pr"
github:dejakob,dejakob,Jakob Kerkhove,584266a98a4d8612f2151a611c0885418ba94d2a37d862b3702aad797ca0eaa2,"commit,pr,pr,pr"
github:delekta,delekta,delekta,4273c77b3a321712e478cc6cb8b32c6a147b16d5053284a516d3dfd44e2fb29a,"commit,pr,pr"
github:delphinebugner,delphinebugner,delphinebugner,,pr
github:deminoth,deminoth,SangYeob Bono Yu,40f312665cb7e4183b6ee2617c4d6513e98a1053d3c74812fe00a45ec44feaee,"commit,pr,pr,pr,pr,pr,pr,pr,pr,pr,pr,pr"
github:denissb,denissb,denissb,,pr
github:denmark,denmark,Andy Denmark,cdf8710916ab8b6c50f6afd30b67715dbaf92999a7e2d0230998d4618d580a89,"commit,pr,pr"
github:denniske,denniske,denniske,,pr
github:dennisurtubia,dennisurtubia,Dennis Urtubia,1a67cadb61e594d820d2ab715e5cb1304c3ce41c2dd4beac1ffe766f63e46bd3,"commit,pr"
github:depapepe,Depapepe,Depapepe,,pr
github:dependabot[bot],dependabot[bot],dependabot[bot],,pr
github:derbasler,DerBasler,DerBasler,,pr
github:derekrsargent,derekrsargent,Derek Sargent,fc9f510fc8538d6d14dc43143d4dbd98d6e3964c8074765ac59f63f3d8884bb5,"commit,pr"
github:derskeal,derskeal,Comical DERSKEAL,dc2d0227bdf6c440de3d3efb06d6b2ad1ec066cd176e703ac58cb19a7777539f,"commit,pr"
github:descorp,descorp,descorp,,pr
github:designedbyz,designedbyz,Andy Zolyak,2695d77b3ee51c70f326083149fec42922db80ba354bd6f6d4346a3818e68f51,"commit,pr"
github:designorant,designorant,Michał Ordon,1564c543a87eb698c516274436efca68f033452b92ec8ea1d93ef365f0d6d58b,"commit,pr"
github:desmond1121,desmond1121,desmondyao,f0af5a0ef8ae27aad534862bd9144786dc3e7153881a6af5f97329bf60eded67,"commit,pr,pr,pr"
github:despairblue,despairblue,Danny Arnold,e3e7dd5360a421cd0355e8062c9756158f08fb1c2ba871323268b6ff9f6a9bc0,"commit,pr"
github:dested,dested,dested,,pr
github:dev-arson,dev-arson,dev-arson,,pr
github:dev-bio,dev-bio,dev-bio,,pr
github:devanshsaini11,devanshsaini11,Devansh Saini,3425a1916aaf004e2e9e8f98f2bbb009f4e8c9823d0375b30971a3dc7f28566a,"commit,pr"
github:devfd,devfd,devfd,,pr
github:devknoll,devknoll,Gerald Monaco,21d1cc6a9297c3975fe62ee3636e66b1652bcc5239c30cdb19303e18876cf7c5,"commit,pr"
github:devon94,devon94,Devon Deonarine,0be117cafd419e487a060617eb95d630be5a21af246afb48f31d8b310fcec3f0,"commit,pr,pr,pr"
github:dewe,dewe,dewe,,pr
github:dexterhahaha,dexterhahaha,dexterhahaha,,pr
github:dfhmeta,dfhmeta,Daniel Higgins,5670b21e36ec5d21eac0e8cebafd0239a8cfc9891b5693b41de7da148cc85c9f,"commit,pr"
github:dfischer,dfischer,Daniel Fischer,c5db7c372b67dedcaf23408de5e06d6e0ddc7d9e5b5331f0c795c30c2440abd0,"commit,pr"
github:dgellow,dgellow,dgellow,2762937c1d03930e5b6d2c976e78d91e07836a972877cacfdced5d25e95d5163,"commit,pr"
github:dgilliam,dgilliam,dgilliam,,pr
github:dgladkov,dgladkov,Dmitry Gladkov,e4b759dde8a668635af7f68a63cf711d1503fb5cb32492954ee8c0187e789601,"commit,pr,pr,pr,pr,pr"
github:dgopsq,dgopsq,Diego Pasquali,3c96010f7056092bc0d3f883b5a906d63d9ea09b440d1af41d531ea91a0d9bd5,"commit,pr"
github:dgyesbreghs,dgyesbreghs,dgyesbreghs,,pr
github:dhananjaypuglia,dhananjaypuglia,dhananjaypuglia,,pr
github:dhavalkapil,DhavalKapil,Dhaval Kapil,79b7992b256b65eb95bf3289feb15c1e5f8877c3b91736d07063c4d8019dc390,commit
github:dhleong,dhleong,Daniel Leong,4716af863bf5ec17bcd346e32bb192dbd829677b48df489e0aa6a0d916324ea9,"commit,pr,pr"
github:dhrrgn,dhrrgn,Dan Horrigan,c7fd9f14494046377b8b31a5655ec404331da2b6e7d2c16adbb425c8dee64ab7,"commit,pr,pr,pr,pr"
github:dhruvtailor7,dhruvtailor7,dhruvtailor7,,pr
github:di,di,Dustin Ingram,0524306e9bd7d223750ded6926fded46ea0d21444d688bd178647a41956b532a,"commit,pr"
github:dickfickling,dickfickling,dickfickling,,pr
github:dickyt,DickyT,DickyT,,pr
github:diederich,diederich,Stephan Diederich,a257a4f5c972c5726d947034333cec940585a359a010e2135b15cc047832d331,commit
github:diegolmello,diegolmello,diegolmello,,pr
github:diegorodriguesvieira,diegorodriguesvieira,diegorodriguesvieira,,pr
github:diegosanchezr,diegosanchezr,Diego Sanchez,2d78c54954d2ce99132482131ced85b3ef48d19853a670290c5baba8d977602f,commit
github:diegotsi,diegotsi,diegotsi,,pr
github:dieguezz,dieguezz,Diego Segura,303de966119f12ea5bee514945bd2580b24e0b5cc1bee9582cd6fb505f2cfb17,"commit,pr"
github:digeff,digeff,digeff,,pr
github:dignite,dignite,Daniel Ignat,f6821f720bca167d987c60d1b3ce9f159180bf0d2372f989ede747879f890546,"commit,pr"
github:dijonkitchen,dijonkitchen,Jonathan Chen,604f480b09fb77b88d6e798081087d97e9fb770c5aeeb4975cc2bb0ecaa03062,"commit,pr,pr"
github:dileepnallabo,DileepNallabo,DileepNallabo,,pr
github:dimitarnestorov,DimitarNestorov,Dimitar Nestorov,48efe823d1f3eb30a0940aaee5d8b025a1ed8849b7b6581fc1f28ad9928c2839,"commit,pr,pr,pr"
github:dimitribouche,dimitribouche,Dimitri Bouche,2a90f05b14bff480dce2fe208b311b6e9886b53688acb27f0c39c96a15a2c8b8,commit
github:dimitrydushkin,DimitryDushkin,DimitryDushkin,,pr
github:dimon70007,Dimon70007,Dimon70007,,pr
github:dimous,Dimous,Dimous,,pr
github:dincozdemir,dincozdemir,dincozdemir,,pr
github:dingbat,dingbat,Dan Hassin,3c37c4b10a37975982b11a392b4112f2cbaa30f50bf77873205a1b38067b787b,"commit,pr,pr"
github:dinhvh,dinhvh,Hoa Dinh,34e441374d4d722fe06218afafa3bfc60c76992ccbe7c85e9ebf88c872cc376e,commit
github:dinisnunes1,dinisnunes1,Dinis Nunes,2613f1b2d16bbb8d7d7dcabd6c15a99282b949be37836c726219e0c08a61230f,"commit,pr"
github:diogojunqueirageraldo,DiogoJunqueiraGeraldo,DiogoJunqueiraGeraldo,,pr
github:dipak7587,dipak7587,dipak7587,,pr
github:dirkpostma,dirkpostma,dirkpostma,54c111693d365754532a3c6ddbf3d2fe4e2e1602b003b4e4520dc11ea2d2dea2,"commit,pr"
github:dirkstoop,dirkstoop,Dirk Stoop,eaba5eb1aff61bfc076681dec2bc95725e3976d1fc6862bf1626854af5596241,"commit,pr"
github:divyapahuja31,Divyapahuja31,Divyapahuja31,,pr
github:divyenduz,divyenduz,divyenduz,,pr
github:dizlexik,dizlexik,Joe Lutz,91bc56cde79db93074c852020c94cd778fd3e284ac567263c740bf0c83214899,"commit,pr,pr,pr"
github:djhi,djhi,djhi,da17f1934b09bb731293b2a6d43a7aaa1fce71223a51aceee76a265113adfd96,"commit,pr"
github:djkirby,djkirby,djkirby,,pr
github:djkmiles,djkmiles,djkmiles,,pr
github:djmax,djMax,Max Metral,0e7256dd00a099bbf69a20eaf1daec1a46a8afc8c91b5da3e4f7f38d3ecbf19d,"commit,pr"
github:djorkaeffalexandre,djorkaeffalexandre,djorkaeffalexandre,,pr
github:djsison,djsison,Daryl Johnas Sison,58e18babb98ee9936af1337fb7d38039cd149dec05b862103eaac1dadabb8fb6,commit
github:dkaplan111,dkaplan111,dkaplan111,,pr
github:dkaushik95,dkaushik95,Dishant Kaushik,f1709312bcfbfcd7ab56b2b5d424632adb50d310953cf225779c33008462b00e,"commit,pr"
github:dkpalmer,dkpalmer,dkpalmer,,pr
github:dlahyani,dlahyani,dlahyani,,pr
github:dltmd6262,dltmd6262,dltmd6262,,pr
github:dmainas,dmainas,Davide Mainas,0c8f56a8b526a47753b1447a9c209c7f4a724dcdae1ef1c1125634012962c02b,"commit,pr"
github:dmatteo,dmatteo,Domenico Matteo,305a095e8377e13bd33d483ba6fbe82f75372110d1561d8ba1b29ac3b355ca19,"commit,pr,pr"
github:dminkovsky,dminkovsky,Dmitry Minkovsky,869c113ffa3d6e9ee01188c90779a9d592a0cfc813306a9df8b6d1e65759ebad,"commit,pr"
github:dmitry-voronkevich,dmitry-voronkevich,Dmytro Voronkevych,ba94df46455af7d1b982486681ebcff0ca90af8da7cff25b0f06f58eadd80a64,commit
github:dmitrysoshnikov,DmitrySoshnikov,Dmitry Soshnikov,05e3733ae364689da8a128be2d8590a83bde51ae2c0b3b3c85faf3b783dc60d3,commit
github:dmkato,dmkato,dmkato,,pr
github:dmlux,dmlux,dmlux,,pr
github:dmm-fb,dmm-fb,dmm-fb,,pr
github:dmsakamoto,dmsakamoto,dmsakamoto,,pr
github:dmtrkovalenko,dmtrKovalenko,Dmitriy Kovalenko,891e13c77939c2a1e6e4e6adfb2bc903ce42004edb1cefa325a6fc99a9b013a3,"commit,pr"
github:dmueller39,dmueller39,dmueller39,,pr
github:dmurawsky,dmurawsky,dmurawsky,,pr
github:dmytrorykun,dmytrorykun,Dmitry Rykun,d33a2edad3c0c6d4e529f0a2aa31113302b603ca3dfc59013220bda2c2e844a0,"commit,pr,pr,pr,pr,pr,pr,pr,pr,pr,pr,pr,pr,pr,pr,pr,pr,pr,pr,pr,pr,pr,pr,pr,pr,pr,pr,pr,pr,pr,pr,pr,pr,pr,pr,pr,pr,pr,pr,pr,pr,pr,pr,pr,pr,pr,pr,pr,pr,pr,pr,pr,pr,pr,pr,pr,pr,pr,pr,pr,pr,pr,pr,pr,pr,pr,pr,pr,pr,pr,pr,pr,pr,pr,pr,pr,pr,pr,pr,pr,pr,pr,pr,pr,pr,pr,pr,pr,pr,pr,pr,pr,pr,pr,pr,pr,pr,pr,pr,pr,pr,pr,pr,pr,pr,pr,pr,pr,pr,pr,pr,pr,pr,pr,pr,pr,pr,pr,pr,pr,pr,pr,pr,pr,pr,pr,pr,pr,pr,pr,pr,pr,pr,pr"
github:dnbrwstr,dnbrwstr,Dan Brewster,f0882c1f340b4b3c39605ee6bf8b86eb14c548d88c289aca71b536a50c4c6ddb,"commit,pr"
github:dneyes,DNeyes,DNeyes,,pr
github:dnhan1707,dnhan1707,dnhan1707,,pr
github:dodonov,dodonov,Alexey Dodonov,6ff7cf8d4b8d16dce02ca5247c36fb0a869ac1be4547a7ab55577436f558b580,commit
github:dolphinux,dolphinux,dolphinux,,pr
github:domchristie,domchristie,Dom Christie,6fc89ec8874fd8c45829c2afcb4ffd3a196187476518b50c29f3657268563b26,"commit,pr"
github:dominictb,dominictb,dominictb,4902518fe94a6dd9c709112fb95ca48b709059f0771b433d810153efe1c1cf49,"commit,pr"
github:domir,DomiR,DomiR,,pr
github:doniwinata0309,doniwinata0309,doniwinata0309,8da0f0eb0b5135af69ff6844fac22e811bb2c8583418b2f4491a50641eac45e1,"commit,pr"
github:doniyor2109,doniyor2109,doniyor2109,8b7f36874ccd2df2a24903c5140ee60491913b4cb88aa215fd19dfbbb8e4fb7b,"commit,pr"
github:donnguyen,donnguyen,donnguyen,,pr
github:donyu,donyu,Don Yu,de27a03fd307e64ccd3c0401a92f99b265a096435c5f4009a6662f98c4c19504,"commit,pr,pr"
github:doochik,doochik,Aleksei Androsov,9f917e36a68de5acb22baa7d1c04e38aad3ce147d6475db528768c0d160e1ba8,"commit,pr,pr,pr,pr,pr,pr,pr,pr,pr,pr"
github:doomsower,doomsower,doomsower,,pr
github:dorianmazur,DorianMazur,MazurDorian,df02968ca62d4a3b071cfd98caa927b159b1530ba970667da7d73d54d72bb2a6,"commit,pr,pr,pr"
github:dos1in,dos1in,dos1in,,pr
github:dotslashtarun,dotslashtarun,Tarun Chauhan,0f431900c282f700df715142b6f3ccaace48c03d81f8980f9b2fefed1a564d4a,commit
github:dougbankspersonal,dougbankspersonal,dougbankspersonal,,pr
github:douglasjunior,douglasjunior,douglasjunior,,pr
github:douglowder,douglowder,Douglas Lowder,536e5d5908e2cdfa48d05ed63a020719e54d80b21636796285d0284bb4488539,"commit,pr,pr,pr,pr,pr,pr,pr,pr,pr,pr,pr,pr,pr,pr,pr,pr,pr,pr,pr,pr,pr,pr,pr,pr,pr,pr,pr,pr,pr,pr,pr,pr,pr,pr,pr,pr,pr,pr,pr,pr,pr,pr,pr,pr,pr,pr,pr,pr,pr,pr,pr,pr,pr,pr,pr,pr"
github:doujbo,doujbo,doujbo,,pr
github:dozencrows,dozencrows,Nick Tuckett,7d0e4454c900c70679603dca84e6ced3ac7a245b146b01309c8f0417e5cb3773,commit
github:dozoisch,dozoisch,Hugo Dozois,61a44a471bdecc55967cb4cec6c218bf2ca40ae8b40baad8d6bd8ee0047cdd10,"commit,pr,pr,pr,pr"
github:dpdenton,dpdenton,dpdenton,,pr
github:dpgao,dpgao,Dapeng Gao,08cd8f450e85adb140e896cf5ad638f973bf6fc53a1faeba63ae2fabcc30a07f,commit
github:dphm,dphm,dphm,,pr
github:dprevost-lmi,dprevost-LMI,David Prevost,51fd92d341edd990238ad561eac6ee5c44c6e2f05bf3ac3e04e08230bf80a9d9,"commit,pr,pr"
github:dr-horv,Dr-Horv,Dr-Horv,,pr
github:dr2009,dr2009,dr2009,b31a5a18939907ceacf29abfe16171af4f5f3014b6b41944b53a0da6f52ac254,"commit,pr"
github:dracoblue,DracoBlue,DracoBlue,c0a1fa905a84d7258a1d79df6909278737c70c153fb9988c05fc5a2dc38e80b8,"commit,pr,pr,pr"
github:dragoncodes,dragoncodes,dragoncodes,,pr
github:dragonwong,dragonwong,王大根,2888a2c4c752b841d73c1afca91510242076df0a004bcacb87f493a913144d27,"commit,pr,pr,pr"
github:dralletje,dralletje,Dral,4016faae95dadcb61227cd696bc09da546fb68bfff4c75a95b25c99b8e70def7,"commit,pr,pr,pr,pr,pr"
github:draperunner,draperunner,Mats Byrkjeland,4db0b66572b82cb1b7b436c4c4a53f1ed3b17c7dbcd4c398bf503479a98d8bc4,"commit,pr,pr,pr,pr,pr,pr,pr"
github:dratwas,dratwas,Dratwas,0e52efa80d200250fe331f3ab724d33afeb9bbba5ebeae24e89d0d7c302cbfa1,"commit,pr,pr,pr,pr"
github:drazisil,drazisil,drazisil,,pr
github:drcallaway,drcallaway,drcallaway,0eb3c428deb59bc14da22b53cfa7084ca6fdb7d8193c827b4fda0661ccec42cf,"commit,pr,pr"
github:dreiss,dreiss,David Reiss,f5bc8d21f8944cd559e97e89ffebda957db27e2d7a11385debad1cf430b0a2b7,commit
github:drewsmith-uk,drewsmith-uk,drewsmith-uk,,pr
github:drewtunes,drewtunes,Andrew Crowell,86fd13464ab2bdf7959dab4b3688ab308dcbd3f5e5bff2936f39953a15a88618,"commit,pr"
github:drewvolz,drewvolz,Drew Volz,a8379a0cd9099e49f8c79bd998303cd71c5a32dfc5b9f9960c85fd9a099bd91d,"commit,pr,pr"
github:drizzlecrj,Drizzlecrj,Rujin Cao,ebb19d61d393e88d9161a5e44457b752cd6241097a553442e2f60340e30fc957,commit
github:drjoeycadieux,drjoeycadieux,drjoeycadieux,,pr
github:drkibitz,drkibitz,Dr. Kibitz,902fdc413d32c41d82a30c7c941a597813fd4b3a4bfcbfd8e25a85ce939ae857,"commit,pr"
github:drmas,drmas,drmas,,pr
github:drrefactor,DrRefactor,DrRefactor,,pr
github:drstoop,DrStoop,DrStoop,,pr
github:drtangible,drtangible,Dan Gilbert,df78b3b38ca32784b75eb244701f16580881acb8e109966dab7f198c8e4aabdf,"commit,pr"
github:dryganets,dryganets,Sergei Dryganets,a7f32725ebcfb499b08242cd152d5c31bdd186b68f01d1dc95f00cd68df51627,"commit,pr,pr,pr,pr,pr,pr,pr,pr,pr,pr,pr,pr,pr,pr,pr,pr,pr,pr,pr,pr,pr,pr"
github:ds300,ds300,ds300,,pr
github:dsandmark,dsandmark,Dennis Sandmark,cdc2fe67dfc6b3edd7e415c97a92c418650f207824de9251f7658c0cdb71a375,"commit,pr"
github:dsandor,dsandor,David Sandor,3ca90b723fc5e139567cd309b8cd869ad818416917bba7e5fb696f3b4c4cfe13,"commit,pr"
github:dsauvespiria,dsauvespiria,dsauvespiria,,pr
github:dsibiski,dsibiski,Dave Sibiski,bef000c1a145ff62d1d174f61aa56ec51302c7444b5f708bb3163988c78a41bc,"commit,pr,pr,pr,pr,pr,pr,pr,pr,pr,pr,pr,pr,pr,pr"
github:dstaley,dstaley,dstaley,,pr
github:dtsolis,dtsolis,Tsolis Dimitris Sotiris,d110ceab123c5f04f4bc6d3664b150aefb1c50f7e43fd75b64e1f6385d769845,"commit,pr"
github:dubiao,dubiao,dubiao,,pr
github:dudeinthemirror,dudeinthemirror,dudeinthemirror,,pr
github:duduccosta,duduccosta,duduccosta,,pr
github:dulmandakh,dulmandakh,Dulmandakh,0519d664420ac4aa0d755cab7accc5964b0761ec2bad8c4fd98c24fc178f04e4,"commit,pr,pr,pr,pr,pr,pr,pr,pr,pr,pr,pr,pr,pr,pr,pr,pr,pr,pr,pr,pr,pr,pr,pr,pr,pr,pr,pr,pr,pr,pr,pr,pr,pr,pr,pr,pr,pr,pr,pr,pr,pr,pr,pr,pr,pr,pr,pr,pr,pr,pr,pr,pr,pr,pr,pr,pr,pr,pr,pr,pr,pr,pr,pr,pr,pr,pr,pr,pr,pr,pr,pr,pr,pr,pr,pr,pr,pr,pr,pr,pr,pr,pr,pr,pr,pr,pr,pr,pr,pr,pr,pr,pr,pr,pr,pr,pr,pr,pr,pr,pr,pr,pr,pr,pr,pr,pr,pr,pr,pr,pr,pr,pr,pr,pr,pr,pr,pr,pr,pr,pr,pr,pr,pr,pr,pr,pr,pr,pr,pr,pr,pr,pr,pr,pr,pr,pr,pr,pr,pr,pr,pr,pr,pr,pr,pr,pr,pr,pr,pr,pr,pr,pr,pr,pr,pr,pr,pr,pr,pr,pr,pr,pr,pr,pr,pr,pr,pr,pr,pr,pr,pr,pr,pr,pr,pr,pr,pr,pr,pr,pr,pr,pr,pr,pr,pr,pr,pr,pr,pr,pr,pr,pr,pr,pr,pr,pr,pr,pr,pr,pr,pr,pr,pr,pr,pr,pr,pr,pr,pr,pr,pr,pr,pr,pr,pr,pr,pr,pr,pr,pr,pr,pr,pr,pr,pr,pr,pr,pr,pr"
github:dusave,dusave,dusave,,pr
github:dushaobindoudou,dushaobindoudou,dushaobindoudou,,pr
github:dustin-h,dustin-H,Dustin Hoffner,da3a48a3d5ec93f4eada861bb81eb8afdb40aedfc6e90ca329de8f438b21e8d4,"commit,pr"
github:dustturtle,dustturtle,dustturtle,,pr
github:dvcrn,dvcrn,David Mohl,0efdad0d851862f9704abd0ccfd37548d1656cc13f722707634bc07e351f2f96,"commit,pr,pr,pr"
github:dy93,dy93,david,0635d5f0a8f1e5bc98c5a3b99de2c86789f01fcf70cf39cf66623b3ded2099fc,"commit,pr,pr"
github:dylanpyle,dylanpyle,dylanpyle,,pr
github:dylanvann,DylanVann,Dylan Vann,63191f83ea92b9a641bee57c829c62fac5bc22f456107ea6ecc51550b376b6ae,"commit,pr,pr,pr"
github:dysonpro,dysonpro,dysonpro,,pr
github:dzannotti,dzannotti,Daniele Zannotti,159423e61c5889f1a8f7ab8031f773a6f20794098344fc5c0212006905aca4cd,"commit,pr"
github:dzautner,dzautner,Lord Daniel Zautner,052fe5795b07e496ea0bb67c00fb4582e97276b865aa8ad1542711a631101a89,"commit,pr,pr,pr"
github:e39a562r,e39a562r,e39a562r,,pr
github:eacaps,eacaps,eacaps,8a22716c67d659d84d06fd5905d5f3510750ca044ff02bfde0e0bf07f3e25e27,"commit,pr"
github:eadz,eadz,Eaden,ccc7b13d0a9057a8f8dffa2303ae42b0ef4f9d3c31f29eae0d9909a624bcf293,"commit,pr"
github:eapache,eapache,eapache,,pr
github:easonwang01,EasonWang01,yicheng,f65df7ccc88115ab08b56b073a0480747f93da3bc53d8d482d5e50ea90eda300,"commit,pr"
github:easycz,easyCZ,Milan Pavlik,79470616d14dead1f6a7c0520e791f2d9d8497342f86969f5a01a0c31f51de80,"commit,pr,pr"
github:easyui,easyui,easyui,,pr
github:eballeste,eballeste,eballeste,,pr
github:ebgraham,ebgraham,Erich Graham,050253a8e7d5edfbeac96f2410148bb72981aaa56714a31fdc8ffbb69ab02235,"commit,pr,pr"
github:eces,eces,Jinhyuk Lee,87885f14d2a999a70b64e5b05218959812f832d6bed98f318fd53b700fa2e221,"commit,pr"
github:ecreeth,ecreeth,Luis Miguel Alvarado,b4306a8ccf6063944a6e34d88c24e0276dd3f112e3b022c91a5ced72cb60a5b2,"commit,pr,pr,pr,pr,pr,pr,pr,pr,pr,pr,pr,pr,pr,pr,pr,pr,pr,pr,pr,pr,pr,pr"
github:ecutdavid,EcutDavid,EcutDavid,,pr
github:edcs,edcs,Edward Coleridge Smith,54284a9c65e5796661a7af21519e6802e55e996c7b2cea9874c1bfe3e883272e,"commit,pr"
github:eddiemonge,eddiemonge,Eddie Monge,6d903002d92df4f8041c5bbef237c95e73f93ac9e962090e78cc8962ec1b2322,"commit,pr,pr,pr"
github:edelron,edelron,edelron,,pr
github:edenb-moveo,edenb-moveo,edenb-moveo,78d0c3e443b98099638203e486982ed63be5ca5eea0b6730d360e9ebd44d58aa,commit
github:edenbinyamin,EdenBinyamin,EdenBinyamin,,pr
github:edengottlieb,EdenGottlieb,EdenGottlieb,,pr
github:edgesite,edgesite,edgesite,,pr
github:edilaic,edilaic,Edward Karuna,b0271cf1f2b2d8ad36a48fd1251a057cf3087077c04ea5d078d79fbfcbd7fcbe,"commit,pr,pr,pr"
github:edmofro,edmofro,edmofro,,pr
github:edmondchuihw,EdmondChuiHW,Edmond Chui,e28b8bf7e8ffbbe26f6219692ef75306c2c263bae8d4d3273e2780cd1ef702c6,"commit,pr,pr,pr,pr,pr,pr,pr,pr,pr,pr,pr,pr,pr,pr,pr,pr,pr,pr,pr,pr,pr,pr,pr,pr,pr,pr,pr,pr,pr,pr,pr,pr,pr,pr,pr,pr,pr,pr,pr,pr,pr,pr,pr,pr,pr,pr,pr,pr,pr,pr,pr,pr,pr,pr,pr"
github:edo1493,edo1493,edo1493,5f297a2b17d7ffc8afdaa6a7b7a77e8ee520b0414af1aaca467280e87d9de23f,"commit,pr,pr"
github:edthedev,edthedev,Edward Delaporte,40bb644960f298c7d7ac514494400618dc094eeee09ed5bc4d15abff773b4bad,"commit,pr,pr"
github:eduardinni,eduardinni,Eduardo,9e14d78e0eb34e4a7f61426a7647f0e271893a6f0416e4c093eb9c1771ab30eb,"commit,pr,pr,pr"
github:eduardoaraujob,EduardoAraujoB,EduardoAraujoB,,pr
github:edvinerikson,edvinerikson,edvinerikson,,pr
github:edward,edward,edward,,pr
github:edwarddrapkin,EdwardDrapkin,EdwardDrapkin,,pr
github:edwii-zhu,edwii-zhu,edwii-zhu,b44ec4cc5f356d4a5155072bff9545223136068d48adcc09860a61ff2514c078,"commit,pr"
github:eeearl,eeearl,eeearl,,pr
github:egorshulga,egorshulga,egorshulga,,pr
github:ehesp,Ehesp,Elliot Hesp,b4b77b399fcd40854a970b80e00d884a88bb1097f5edc2567673548ca30ba6dd,"commit,pr,pr,pr,pr,pr,pr,pr"
github:ehsemloh,ehsemloh,ehsemloh,4dbdfc5e621f8950af801b550a8a10977fc81d68c8436a1d9fd3e6ecd04f2485,"commit,pr,pr,pr,pr,pr"
github:einartryggvi,einartryggvi,einartryggvi,,pr
github:eirwin,EIrwin,EIrwin,,pr
github:ej3,ej3,Evan J Brunner,5f5eec27ced9be5a143f9d464e21efcfdd86ccd54569df2b060cd36160b119ad,"commit,pr"
github:ejanzer,ejanzer,ejanzer,,pr
github:ejmartin504,ejmartin504,Teddy Martin,719b79eebd0e7e01f2c6b650666726f3dad724003dc005a809f59095c526c7c0,"commit,pr,pr"
github:ekonstantinidis,ekonstantinidis,Emmanouil Konstantinidis,da61b8ea09fca80dea0e3d08b28ebd60bb7e1c48a996172176b02c5f9e04c802,commit
github:ekrivopaltsev,ekrivopaltsev,ekrivopaltsev,,pr
github:ekryski,ekryski,ekryski,,pr
github:el,el,el,,pr
github:el1t,el1t,Ellis Tsung,017ec22de375e378d11cf795b40ac31e59d2358c8594b36114c9012b43890e93,"commit,pr"
github:elelad,elelad,elelad,,pr
github:elencho,elencho,Elene Botchoradze,e93943bad8c16c63f422cc0c429915639bf8dbbdb1c70695a692c16df561125e,"commit,pr,pr,pr"
github:elhanan-mishraky,elhanan-mishraky,elhanan-mishraky,,pr
github:eli-front,eli-front,Eli Front,66779db87852c9689565eb6b17b2740b23604b0adffe4321c313080c54947e06,"commit,pr"
github:eliagrady,eliagrady,Elia Grady,ef9ca8cbcfbb3da6c395a6010a0323d4e46dabbe7dcb0a661f173a2559ca4618,"commit,pr"
github:elicwhite,elicwhite,Eli White,7943fa0a3f60c46d191c1ce6b85da489f475a37eda2f882b158af7c0c53d11e7,"commit,pr,pr,pr,pr,pr,pr,pr,pr,pr,pr,pr,pr,pr,pr,pr,pr,pr,pr,pr,pr,pr,pr,pr,pr,pr,pr,pr,pr,pr,pr,pr,pr,pr,pr,pr,pr,pr,pr,pr,pr,pr,pr,pr,pr,pr,pr,pr,pr,pr,pr,pr,pr"
github:elie222,elie222,elie222,,pr
github:elieteyssedou,elieteyssedou,Elie Teyssedou,d9c1f9db5041d1aab7c2df9297db0dc20af765bf8cbbf93dfaa6086427b373d8,"commit,pr"
github:elillie,elillie,Ethan Lillie,3ddf844f051a21368b44ebfa23551c0529d2fd81e5b4a974023985c39b24cb38,"commit,pr"
github:eliotfallon213,eliotfallon213,Eliot Fallon,47a11d9a5e0b8912c61c2204c258d5eaddf81ce77ae309e8d37a4487d6fc4a6b,"commit,pr"
github:eliperkins,eliperkins,Eli Perkins,a33ae43935275177c681af50d28d52a6ce1e1e6dc013aa45fc6434cb6c76cc62,"commit,pr,pr,pr,pr,pr,pr,pr"
github:elirangoshen,elirangoshen,eliran goshen,50939cbef552b221fbd51258afd2947444e22f675b006841cc41c0debc257de5,"commit,pr"
github:eliseier,eliseier,eliseier,,pr
github:elizabethberger,elizabethberger,Elżbieta Berger,cb10ab10bed78c2d26f194ecb75831d20bb18825244500f2ee8cc6dcd140b80c,"commit,pr"
github:ellemac123,ellemac123,ellemac123,,pr
github:ellerynz,ellerynz,ellerynz,,pr
github:elliottkember,elliottkember,Elliott Kember,fdba9460c835cbb74f8540ea8ac646cbb54b125ff3f44951137bfcd5efc5388f,"commit,pr,pr"
github:elliottsj,elliottsj,Spencer Elliott,16dd1be55e82d0b09b3254ea31a4d214a9cdaea81532ace9fe2c70fbefd575ab,"commit,pr,pr"
github:ellishg,ellishg,Ellis Hoag,63b8c54680bc880ecc47acc8f7433dfba1a0054e309dbce933b3bbc282216552,"commit,pr"
github:ellisshen,EllisShen,EllisShen,,pr
github:ellouzeskandercs,ellouzeskandercs,ellouzeskandercs,,pr
github:eloekset,eloekset,eloekset,,pr
github:elsurudo,elsurudo,Ernest Surudo,38c45cb93c0d08eb7ab0a67f16070932d4381d70c4ac6f9b7249eea96443e822,"commit,pr"
github:eltociear,eltociear,Ikko Ashimine,2fe1e185c691401b4ba1e20c67ad5e6e78d275813597c5ec21a646ad3ae7a2fd,"commit,pr,pr,pr"
github:elyalvarado,elyalvarado,Ely Alvarado,a30592d86cd1761c0c00d0baab861a059eb9b113681773517b671f8efbbe2fdf,"commit,pr,pr"
github:emaccheese,emaccheese,emaccheese,,pr
github:emielm,EmielM,Emiel Mols,5f6b741661b09ef49969730437fd9b1b59a91689f5a993fed240396bcc1f5f33,"commit,pr,pr"
github:emilguareno,emilguareno,emilguareno,,pr
github:emilioicai,emilioicai,Emilio,5893e54a556cbf681a3b2f07355960948b7aeed7ee08680073f08eb7e40883bd,"commit,pr,pr,pr,pr,pr,pr,pr"
github:emilios1995,Emilios1995,Emilio Srougo,19ee1da9598d52493b3460e1c984541353e839e15586eeb2566c3113af27a56d,"commit,pr,pr,pr,pr,pr"
github:emilisb,emilisb,Emilis Baliukonis,20b62f9ee929b23c24d4faace4baa38d7f2a6d5c029d954051bc2b5bbbaf2e1e,"commit,pr"
github:emilong,emilong,Emil Ong,5ae3475dddb7dfc9f475a283e70c033bb5a7558379ae775cad3dcc67fc6c4ab1,"commit,pr"
github:emilsjolander,emilsjolander,Emil Sjölander,ef01b9540969437e691deb4e5feaae1e28f358eb4e93b8b6b4c12851b1c40726,"commit,pr"
github:emily8rown,emily8rown,Emily Brown,e0e22ca987507bc5bf46db641c545dad7a8f563c2a5b59d092361fd884a04078,"commit,pr,pr,pr,pr,pr,pr,pr,pr,pr,pr,pr,pr,pr,pr,pr,pr,pr,pr,pr,pr,pr,pr,pr,pr,pr,pr"
github:emingk,EmingK,Eming Kwok,60dddb18ab29b797adc89b22216b3df51e388061df0d599e0f7f53f776b75e27,"commit,pr,pr"
github:emmajam,emmajam,emmajam,,pr
github:empyrical,empyrical,empyrical,40933aa64326be1997ec3c5e9043f933820a1b728cbd09691b45ad9d9eb0608c,"commit,pr,pr,pr,pr,pr,pr,pr,pr,pr,pr,pr,pr,pr,pr,pr,pr,pr,pr,pr,pr,pr,pr,pr,pr,pr,pr,pr,pr,pr,pr,pr,pr,pr,pr,pr,pr,pr,pr,pr,pr,pr,pr,pr,pr,pr,pr,pr,pr,pr,pr,pr,pr,pr,pr,pr,pr,pr,pr,pr,pr,pr,pr,pr,pr,pr,pr,pr,pr,pr,pr,pr,pr,pr,pr,pr,pr,pr,pr,pr,pr,pr,pr,pr,pr,pr,pr,pr,pr,pr,pr"
github:emusgrave,emusgrave,emusgrave,,pr
github:enahum,enahum,Elias Nahum,b68a19d62061cdba945aaba95d70375effa074cf6a952d9a66400203b6780a84,"commit,pr,pr"
github:enaqx,enaqx,Nick Raienko,89a3c6da67363e4cd0e55e108c9651cc3d326fa1a31b7aaca37ebd93df61890c,"commit,pr,pr,pr,pr,pr"
github:enesozturk,enesozturk,Enes,57b1ac10d13e1c378f13926129a07da3bb0959168df89002f606f3fe0585ed04,"commit,pr"
github:engsshi,EngsShi,EngsShi,,pr
github:enniel,enniel,enniel,4205ff91a30f69f387f3f31465b7ff65f389839fc2f3215cd0b1bd9ba1727a0c,"commit,pr,pr"
github:enrico271,enrico271,enrico271,,pr
github:enricogallus,EnricoGallus,EnricoGallus,,pr
github:enterline,enterline,enterline,,pr
github:enthal,enthal,enthal,,pr
github:enu-kuro,enu-kuro,enu-kuro,,pr
github:eoinnorris,eoinnorris,Eoin Norris,112667e0d784c7485604653606142e9b645d60158bf99c76d0d18e6951464e6f,"commit,pr"
github:ephemer,ephemer,Geordie,3ff95047abaabe8cd9dfe13896025f31b3e6dc3e2b7b6a501d9bcc7ec12b4762,"commit,pr,pr"
github:eps1lon,eps1lon,eps1lon,26ee8c0cde65bfdfbf9055d73cd380b98c877be9a0408ea22b25386e0c575555,"commit,pr,pr,pr"
github:eremzeit,eremzeit,Erem Zeit,bf8f0e071134aa729008a65474096790b6c0d10ae8c4b88c494c7d069cf9cee5,"commit,pr"
github:erfinbadrian,erfinbadrian,Erfin Badriansyah,e27255dad3201dd941dd5127a22382d82705524d4cf18569883963341d8adbdc,"commit,pr"
github:ergenekonyigit,ergenekonyigit,ergenekonyigit,,pr
github:eric-edouard,eric-edouard,Eric Edouard,fa0dc427f874949996c7369bc895a902ca65dbbaa7816cfc8ad458fd97be59fc,"commit,pr,pr"
github:ericdavmsft,ericdavmsft,Eric Davison,fea6d00291f26ab1e55376df36eec17d7e734ae31c8cdf230af61064cd933403,commit
github:erichua23,erichua23,erichua23,,pr
github:erickreutz,erickreutz,Eric Kreutzer,f8008314d76de9e6dc31c260e97fccebade6ee059ca6d378cb563e5828891c12,"commit,pr,pr,pr,pr"
github:ericlewis,ericlewis,Eric Lewis,6c7c6e2fa29ba7218505b3b836a4526144463c23e2ee04e7cd97628ce54477ba,"commit,pr,pr,pr,pr,pr,pr,pr,pr,pr,pr,pr,pr,pr,pr,pr,pr,pr,pr,pr,pr,pr,pr,pr,pr,pr,pr,pr,pr,pr,pr,pr,pr,pr,pr,pr,pr,pr,pr,pr,pr,pr,pr,pr,pr,pr,pr,pr,pr,pr,pr,pr,pr,pr,pr,pr,pr,pr,pr,pr,pr,pr"
github:ericlw,ericlw,ericlw,,pr
github:ericnakagawa,ericnakagawa,ericnakagawa,40f2ed8e9d69754d769a82087ff928bf475046171699da6090e8cc26669896e1,"commit,pr,pr,pr,pr,pr"
github:ericpalakovichcarr,ericpalakovichcarr,Eric Palakovich Carr,023bea120d1ca6b3833cb84308bcd1891ca207b042772673e47e7f8ce9535430,"commit,pr,pr"
github:ericraio,ericraio,Eric Raio,24382f2332c4427bd5ecbed3d9f5f0970d4e40306f01e7fd579fb9c5f5e0af0d,"commit,pr"
github:ericschlanger,ericschlanger,Eric Schlanger,b91c9dd5efc59a506bb65f6df56bec20764d4aca4142c9e3f05e272337705120,commit
github:ericvera,ericvera,ericvera,,pr
github:ericvicenti,ericvicenti,Eric Vicenti,827e29afebf1bf4cfc11f4385abce7bf9d3d0b9a67fdb4dadebd88c193d5b18a,"commit,pr,pr,pr,pr,pr,pr,pr,pr,pr,pr,pr,pr,pr,pr,pr,pr,pr,pr,pr,pr,pr,pr,pr,pr"
github:erikpoort,erikpoort,erikpoort,,pr
github:erlendfh,erlendfh,erlendfh,,pr
github:eronisko,eronisko,Ernest Walzel,e39a326c5a3a9a0603b1668e3ba5a6170abbc87e143e252614bcaa5b5cf420a2,"commit,pr"
github:ersinakinci,ersinakinci,ersinakinci,,pr
github:esam091,esam091,esam091,,pr
github:esamelson,esamelson,Eric Samelson,fb3ffea871e2af1acc809dac74f34a0925da4837e5003491e86a13a4b5a0531c,"commit,pr,pr,pr"
github:esauter5,esauter5,Eric Sauter,2ad8f23c1609e2fb2047876b9418700562a50ea09174eb2d8cb70e65911aa61e,"commit,pr,pr,pr,pr,pr,pr"
github:esbena,esbena,esbena,,pr
github:esbenvb,esbenvb,esbenvb,8206d6c8208324fcca95971b990d864aeeb2784af43fee9fae7619bedc9e47c7,"commit,pr,pr"
github:esemesek,Esemesek,Kacper Wiszczuk,7ceeb02bb83d263fa76ad34027bcbb0768be5c7acf570964270ce030a77497f7,"commit,pr,pr,pr,pr,pr,pr,pr,pr,pr,pr,pr,pr,pr,pr,pr"
github:esp0,esp0,Espen J,acb7a61ecbb99d13065bc45ac4b9f167903e7da90d1bab9134d3bb426c2e95c2,"commit,pr"
github:espipj,espipj,Pablo Espinosa,76cb991796b40fcb8b56deca3e7d56ebae224948b528e0670101f7314efddb23,"commit,pr,pr"
github:esprehn,esprehn,Elliott Sprehn,813f02035c44922678669c7d8d336e4eacd7dbc781970f6f685058b5afc7eef9,"commit,pr,pr,pr"
github:essamemad,EssamEmad,Essam Ewaisha,0af7831ab0768ea7e0056dda7d32448a9ff48951e682cd1ecb253a2ec123dc32,commit
github:estevaolucas,estevaolucas,estevaolucas,,pr
github:estrattonbailey,estrattonbailey,estrattonbailey,,pr
github:ethangk,ethangk,ethangk,,pr
github:ethanneff,ethanneff,ethanneff,,pr
github:ethansinjin,ethansinjin,Ethan Gill,d84aa131b397c54edc0eb0440a631c707c5d0ad9026aee62c12f670eb719922f,"commit,pr,pr,pr"
github:etheryte,Etheryte,Karl Tarvas,1490c907f3b96cdddc773169b99edf29e9865fabe8d55ce39836468ed8fdff10,"commit,pr"
github:etienne-m,Etienne-M,Etienne-M,,pr
github:etodanik,etodanik,Danny Povolotski,794b458cb636ba77e450ad161b52b2c3f040c82d3ccfca3dd3661dc994a85abc,"commit,pr"
github:etx17,Etx17,Etx17,,pr
github:evanbacon,EvanBacon,evanbacon,55864305b1254445452a086894a5a5e9d2e57bdb6030234d3fa5acd657e993d7,"commit,pr,pr,pr,pr,pr,pr,pr,pr,pr,pr,pr,pr,pr,pr,pr,pr,pr,pr,pr,pr,pr,pr,pr"
github:evancharlton,evancharlton,Evan Charlton,8f4e513d10d542f203fddda148bc2b8a13abbf3ebe10c2c4a3c8854dc80c62fd,"commit,pr,pr,pr"
github:evansolomon,evansolomon,Evan Solomon,229d763d19e41261ef55214974ba1af9c22a44e3590cb25b1ae380d85c5aee48,"commit,pr,pr"
github:evanyeung,evanyeung,Evan Yeung,20ba40d878e3097ef7713fd39d1b3eaeaccb30d2479771f2c7a323aaf4eb486c,"commit,pr"
github:evelant,evelant,evelant,,pr
github:everfire130,everfire130,CodeBaker,a7ba5db8749547f4d134d19fbbc285dd89484afef9ec8e26633ad871c831de12,"commit,pr"
github:evertet,EvertEt,Evert Eti,6690f957a358f058497f9b91d1d6e9716f7fc072f80db75352145bcb9ed69b7a,"commit,pr"
github:evhaus,EvHaus,EvHaus,,pr
github:evoactivity,evoactivity,Liam Potter,c5505f85998f8a43c0200403c7234a9997a772f8ee4f1902b8a644ccc98928ec,"commit,pr"
github:evollu,evollu,evollu,,pr
github:ewamal,ewamal,ewamal,9f845509717d2e6ef6df94fb5a127817819e495f8dd432b1c1db7ec20ae0dd44,"commit,pr"
github:ewanmellor,ewanmellor,ewanmellor,,pr
github:ewanthomas,EwanThomas,EwanThomas,,pr
github:ewdavison,ewdavison,ewdavison,,pr
github:ewindso,ewindso,Elijah Windsor,50652a5a5093aec44f6244e8310109ff8260e9e2ab94be0848b7bca7f94b715d,"commit,pr"
github:ex3ndr,ex3ndr,ex3ndr,,pr
github:exced,exced,Thomas BARRAS,8159d3c4cc75956879458224d3b23aae546cad2bd4148654462499b2bb89d22e,"commit,pr,pr,pr,pr,pr,pr,pr,pr,pr,pr,pr,pr,pr,pr,pr,pr,pr,pr,pr,pr,pr,pr,pr,pr"
github:exentrich,exentrich,exentrich,,pr
github:exkazuu,exKAZUu,"Sakamoto, Kazunori",f54bede77fb76704b123a1f5aa71af52cf39dbe5ef15bdbf17d60e3760ab3422,"commit,pr"
github:explodingcabbage,ExplodingCabbage,Mark Amery,e21a7cee4361d0a8b633c6e10f9838e3f6bd25452a12a64a1ad79d6f326790f1,"commit,pr,pr,pr"
github:eyaleizenberg,eyaleizenberg,eyaleizenberg,,pr
github:eyesonly88,Eyesonly88,Mido,3b487750ac6442a64475a213452b899283446da6e85b79cd884892f1cf58d17a,"commit,pr,pr"
github:eyshella,eyshella,eyshella,,pr
github:ez2467,Ez2467,Ez2467,,pr
github:f-meloni,f-meloni,Franco Meloni,6b9709075de558f08fe9ffda2b6ea68bf3111dfcbc2a87dfd1c75cb3cfde801c,"commit,pr,pr,pr,pr,pr,pr,pr,pr,pr,pr"
github:f0rr0,f0rr0,f0rr0,,pr
github:f3n67u,F3n67u,F3n67u,,pr
github:faalsh,faalsh,faalsh,,pr
github:fabianeichinger,fabianeichinger,Fabian Eichinger,ab8e2f32714f133a0933acd4fdc20f1496d90e86223822fe1159aabef86bc16a,"commit,pr,pr"
github:fabiansolheim,fabiansolheim,FabianSolheim,d531365776f91ea3c35b6761053198f0a9cea48b4e71589f60be58655fdf21f9,"commit,pr,pr"
github:fabioh8010,fabioh8010,Fábio Henriques,d2b60d1234a5ad25afd2b1570382b14df4117845e8c9262b85a07b49278724de,"commit,pr,pr,pr,pr,pr"
github:fabonreact,fabOnReact,Fabrizio Bertoglio,3056ff99effe00444e9781f9295cfb37a21eeffafee74f81b35d87a9ed1773c7,"commit,pr,pr,pr,pr,pr,pr,pr,pr,pr,pr,pr,pr,pr,pr,pr,pr,pr,pr,pr,pr,pr,pr,pr,pr,pr,pr,pr,pr,pr,pr,pr,pr,pr,pr,pr,pr,pr,pr,pr,pr,pr,pr,pr,pr,pr,pr,pr,pr,pr,pr,pr,pr,pr,pr,pr,pr,pr,pr,pr"
github:fabriziocucci,fabriziocucci,Fabrizio Cucci,df6a02ef424db8f94224c56590daf5ba4470f7154a59dfdd63bca6dcb06a54fd,"commit,pr,pr,pr,pr,pr,pr,pr,pr,pr,pr,pr,pr,pr,pr,pr,pr,pr,pr,pr,pr,pr,pr,pr,pr,pr,pr,pr,pr,pr,pr,pr,pr,pr,pr,pr,pr,pr,pr,pr,pr,pr,pr,pr,pr,pr,pr,pr,pr,pr,pr,pr,pr,pr,pr,pr,pr,pr,pr,pr,pr,pr,pr,pr,pr,pr,pr,pr,pr,pr,pr,pr,pr,pr,pr,pr,pr,pr,pr,pr,pr,pr,pr,pr,pr,pr,pr,pr,pr,pr,pr,pr,pr,pr,pr,pr,pr,pr,pr,pr,pr,pr,pr,pr,pr,pr,pr,pr,pr,pr,pr,pr,pr,pr,pr,pr,pr,pr,pr,pr,pr,pr,pr,pr,pr,pr,pr,pr,pr,pr,pr,pr,pr,pr,pr,pr,pr,pr,pr,pr,pr,pr,pr,pr,pr,pr,pr,pr,pr,pr,pr,pr,pr,pr,pr,pr,pr,pr,pr,pr,pr,pr,pr,pr,pr,pr,pr,pr,pr,pr,pr,pr,pr,pr,pr,pr,pr,pr,pr,pr,pr,pr,pr,pr,pr,pr,pr,pr,pr,pr,pr,pr,pr,pr,pr,pr,pr,pr,pr,pr,pr,pr,pr,pr,pr,pr,pr,pr,pr,pr,pr,pr,pr,pr,pr,pr,pr,pr,pr,pr,pr,pr,pr,pr,pr,pr,pr,pr,pr,pr,pr,pr,pr,pr,pr,pr,pr"
github:faceach,faceach,faceach,,pr
github:facebook-github-bot,facebook-github-bot,Facebook Community Bot,4e33c01bc72f2f9c859a9bfc6d658091e523f310464c983d5d91d2008e83559f,"commit,pr,pr,pr,pr,pr,pr,pr,pr,pr,pr,pr,pr,pr,pr,pr,pr,pr,pr,pr,pr,pr,pr,pr,pr,pr,pr,pr,pr,pr,pr,pr,pr,pr,pr,pr,pr,pr,pr,pr,pr,pr,pr,pr,pr,pr,pr,pr,pr,pr,pr,pr,pr,pr,pr,pr,pr,pr,pr,pr,pr,pr,pr,pr,pr,pr,pr,pr,pr,pr,pr,pr,pr,pr,pr,pr,pr,pr,pr,pr,pr,pr,pr,pr,pr,pr,pr,pr,pr,pr,pr,pr,pr,pr,pr,pr,pr,pr,pr,pr,pr,pr,pr,pr,pr,pr,pr,pr,pr,pr,pr,pr,pr,pr,pr,pr,pr,pr,pr,pr,pr,pr,pr,pr,pr,pr,pr,pr,pr,pr,pr,pr,pr,pr,pr,pr,pr,pr,pr,pr,pr,pr,pr,pr,pr,pr,pr,pr,pr,pr,pr,pr,pr,pr,pr,pr,pr,pr,pr,pr,pr,pr,pr,pr,pr,pr,pr,pr,pr,pr,pr,pr,pr"
github:fadi-quader-mox,fadi-quader-mox,Fadi Quader,d0a3d4293a9e23513788066579d98b081cd42f3a9963618339ddf73bed72576d,commit
github:fadikk367,Fadikk367,Fadikk367,,pr
github:fadils,fadils,Fadil Sutomo,a8c4c5f4aa6802be8f2d54df8557543b8a13623a77d9d4e2afa5d01cecb6df27,"commit,pr,pr,pr"
github:fadookie,fadookie,Eliot Lash,683f63d299fd4accef37f8a63c53da4b32a9ce6c648f26044b69b4c5d7485ef0,"commit,pr"
github:fahrradflucht,fahrradflucht,Fahrradflucht,03695a6b32e5cddb1f0ea5ec124ecf1010f8e5ce1efd745808b31fa2f052fe39,"commit,pr"
github:faifai21,faifai21,faifai21,d4e6037ea72a50c6936986b7e44e4acec87ac215d42c6e57cad3375fd13dbe6d,"commit,pr"
github:faisal-alamri,faisal-alamri,faisal-alamri,,pr
github:falconmick,falconmick,Michael Crook,7afeaf3234034472a9af513fc01fd3c0a521099bc8c26b6c35b031bb837f2d41,"commit,pr"
github:falguniraina,falguniraina,falguniraina,,pr
github:falsecz,falsecz,Lukas Benes,c26fa970d05784bd880e9219c74b935b30a496bbf2e4f4025e0f690b440f342b,"commit,pr"
github:fanghao,Fanghao,Fanghao,578cb229c446a2b354a9211384ec15708ad61b90b1de431e96b919982d150c9d,"commit,pr,pr,pr,pr,pr"
github:fangmobile,fangmobile,fangmobile,da49eacb91fa586eed230b3a8a55ee8efe9746729d0e189654599ca45e791c2a,"commit,pr,pr"
github:fangpenlin,fangpenlin,fangpenlin,,pr
github:fanjiangang,fanjiangang,fanjiangang,,pr
github:fannnzhang,fannnzhang,fannnzhang,596af937861abf96914d4edd4a9cbf5961b2586ed0b8f1a2f1f86c03315e56a9,"commit,pr"
github:fannolo,Fannolo,Fannolo,,pr
github:farazs,farazs,farazs,,pr
github:farhanpatel,farhanpatel,farhanpatel,,pr
github:farwayer,farwayer,farwayer,ce39b5f52c7d14b614794bd972ed2105ed085f7dae7ada97039777b119b00376,"commit,pr,pr"
github:fat,fat,fat,,pr
github:fatalsun,fatalsun,Albert Sun,bbbdc343c400ba0e9bbf2d579c21a51639803ca21332fece09674df3a268efbd,commit
github:fatfatson,fatfatson,fatfatson,,pr
github:fathonyfath,fathonyfath,fathonyfath,763244d4e82c8f19d305b28707db5c982ce9fc40c879f10f20c0c3d33fcc3e4a,"commit,pr"
github:fattahmuhyiddeen,fattahmuhyiddeen,fattahmuhyiddeen,e206bfcfd0042d6f6eccd7610320c94d840056a4549e5774fd195a5792012dd3,"commit,pr,pr"
github:fbartho,fbartho,Frederic Barthelemy,2cf0dd6f3c679c4bd08ac500757e1db597a1dc4d2b1d8294ef829985e34c2be1,"commit,pr,pr"
github:fbmal7,fbmal7,fbmal7,,pr
github:fbneal,FBNeal,Neal Poole,e352b783a42637753aa5d019200ab3f98ce12ee37e7f5ee0859c211a11450b0e,commit
github:fbp93,fbp93,fbp93,,pr
github:fcfn,fcFn,fcFn,5bbb182e57d8c7a2e1ac769aaebe72dbb60bbee02e10a89fe0e6f6285e918b45,"commit,pr"
github:fcg-labs,FCG-labs,FCG-labs,,pr
github:fecot,fecot,r_fujiwara,325707a45b4251c9173e866ed9259aee7a28838673367e8a585a34c321ebb0e0,"commit,pr"
github:fedetrim,fedetrim,Federico Trimboli,3772b3370f5f60eb0339402fad9d36776fd657d6b20231403c88696a27277658,"commit,pr"
github:feiyin0719,feiyin0719,feiyin0719,,pr
github:feizalbtpn,feizalbtpn,feizalbtpn,,pr
github:felipebhz,felipebhz,felipebhz,,pr
github:felipecsl,felipecsl,Felipe Lima,04192c1be8e56d0be8484aaae59a145def11144cf398a51191cab529f1314424,"commit,pr,pr,pr,pr"
github:felipemartim,felipemartim,felipemartim,,pr
github:felipemsantana,felipemsantana,Felipe Matos Santana,b13c153c361358ae0e0f9cca14de9b41188603e5a73ae5a1d3b5f2df4b2ee688,"commit,pr"
github:felixakiragreen,felixakiragreen,Luke Dubert,d3c01d56df5193d8a7ad5e9ec3dbfb6571edaf339c750f519bea79b5e55d8822,"commit,pr,pr,pr,pr"
github:felixonmars,felixonmars,Felix Yan,d9566025b0c47e4cf2d8173006598701532ff4f7005071e398ca05ef4171ff5b,"commit,pr"
github:feng999,Feng999,Feng999,31979c1a4b5ab7a9f6af6708a6192e29ab6c1f8908a8dd72f23737f776309150,"commit,pr"
github:ferdicus,ferdicus,Kid Commit,3ef12368a304a8b745c880b147e1298720fcc91d1ce9bba1c4991256385601de,"commit,pr,pr,pr"
github:fergusean,fergusean,fergusean,854f5c5a89aa48cd5c989c9d1aed46a87da68b089a056d0bc44bad51b60504a4,"commit,pr"
github:fernando-sendmail,fernando-sendMail,Fernando Ruiz,4f8347f7e8b664b3d53ab99880d07d499aeaa2b4db78fc9180ece4b847adedd5,"commit,pr"
github:ferrannp,ferrannp,ferrannp,a5cac5afe48666c58d31e5da169f35a862f6f25205a76011ef7725c0d5ef204e,"commit,pr,pr,pr,pr"
github:feyy,feyy,Bin Yue,4dbad889227185ab4df966876a91c1d755a9f3e3eb83be63b09f8f4f60fe9556,"commit,pr"
github:ffxsam,ffxsam,ffxsam,,pr
github:fgagneten-02,fgagneten-02,fgagneten-02,,pr
github:fibbers,fibbers,Willem Fibbe,45a2d9286242cee9a3435bc833abbce8a5407652b04d5d9dd58159d341a49864,"commit,pr"
github:filip131311,filip131311,filip131311,894fab7b6522ba93b8264b203039038f8b8d8a20949cd6f7c8505e775f335545,"commit,pr,pr"
github:filipengberg,filipengberg,filipengberg,,pr
github:finian,finian,Finian,40ba305884db60754733b850f5c12d0c3c76a2a3573e8f3336772ee9ac95ae4e,"commit,pr"
github:finnp,finnp,Finn Pauls,62cab3e5fc0795b59acffb0da4f2f24d6da884ca717a83b593523438c038e112,"commit,pr"
github:firefly-stock,firefly-stock,firefly-stock,,pr
github:fisherwebdev,fisherwebdev,fisherwebdev,7e65602a8ab103b3fdbd2f2c2f690f95da11df48926fec77bed38bec206ce4ec,"commit,pr"
github:fishmwei,fishmwei,fishmwei,,pr
github:fivecar,fivecar,Philip Su,c36f73573eb43b2342bb5081650576ecc3f64f04e3af7565a079dd42236d0feb,"commit,pr"
github:fiznool,fiznool,Tom Spencer,d83c7cf86b83c1121f35d13ba3ec44af2a928df6b44d030f8dbd4ce88dd0bdad,"commit,pr,pr"
github:fjtrujy,fjtrujy,fjtrujy,,pr
github:fkgozali,fkgozali,Kevin Gozali,6e074fef504540caf36ff5d79f044fbe2ce8c5ac2014a9a35183b3c7367788ab,"commit,pr,pr,pr,pr,pr,pr,pr,pr,pr,pr,pr,pr,pr,pr,pr,pr,pr,pr,pr,pr,pr,pr,pr,pr,pr,pr,pr,pr,pr,pr,pr,pr,pr,pr,pr,pr,pr,pr,pr,pr,pr,pr,pr"
github:fkling,fkling,Felix Kling,b69df720b2e7825a9067ab21a14a81e2c60228312ba348f1a7b80fc8dd0092f6,"commit,pr,pr"
github:fknives,fknives,Gergely Hegedus,8c6090e658f9bc893cc13fb0ea8b3c45e10539c4ae847d52b3207e0d896a3278,"commit,pr,pr"
github:fkoester,fkoester,Fabian Köster,052001c97608310cf90ec8bce63a0ffbd70470b867a09b65576d80ac01946da5,"commit,pr"
github:flare216,flare216,flare216,,pr
github:flashlizi,flashlizi,flashlizi,,pr
github:flav,flav,Flavio daCosta,c4947a1685c685d41aca414e88b2a3225fdbf62e3196ba385d9346ef41086735,"commit,pr"
github:flaviolivolsi,flaviolivolsi,flaviolivolsi,,pr
github:flegall,flegall,flegall,,pr
github:flgmwt,FLGMwt,Ryan Stelly,71de5eab81799926277aa01e80c22cef263b0189fd9f273ceac1a5d8436288d5,"commit,pr,pr"
github:flipace,flipace,Patrick Neschkudla,8c0d72786bdeea3a28952029fdb34db7c49ef1a8b103873627e63ea7b5d2566d,"commit,pr"
github:flipactual,flipactual,flipactual,,pr
github:floriancargoet,floriancargoet,Florian Cargoët,4eb15c652b8e2cd7af3cada922b274e5a3d0f6c3d329a62e9ae96086f408e33c,"commit,pr"
github:florihupf,florihupf,florihupf,,pr
github:flyisme,flyisme,flyisme,,pr
github:flyskywhy,flyskywhy,Li Zheng,561923335b58acf5bea4970b83266d69275197268f2eca185591d5cd37e8caff,"commit,pr"
github:fmanns,fmanns,Frank Manns,7277e26ac6ebf6b95c61511928eec76fa66e7f9408cedcc23d68a8a86e775b1d,"commit,pr"
github:fmatosqg,fmatosqg,fmatosqg,,pr
github:fmnxl,fmnxl,fmnxl,,pr
github:fmoo,fmoo,Peter Ruibal,a27b06cdbaa325ceb82af1ca6dc849f640d89d0c74ddeff15aba98625e27c8a5,commit
github:fntm,FnTm,Janis Peisenieks,e8cdedfbb0d879a75e970f56d3d1c852566e29bb222c27bb196fdf082639b32b,"commit,pr"
github:foestauf,foestauf,foestauf,e2076420bf0459ef64d6a8257c5001be04c69fbc1af7588bd4852ff5b4840dd3,"commit,pr"
github:foghina,foghina,Felix Oghina,fca9c6784dfde27cc2849fb13f3d95505f273471fac3cb27838e44935b7f1ac4,"commit,pr,pr,pr,pr,pr,pr,pr,pr,pr,pr,pr,pr,pr,pr,pr,pr,pr"
github:folist,folist,folist,,pr
github:follower,follower,follower,,pr
github:fondorn,FonDorn,Mike Nedosekin,8428f37e24c81ae14af89a73c9a941436df2837707ddf648a4fb4c232e2491a9,"commit,pr,pr"
github:forki,forki,Steffen Forkmann,ea644774d11367be9563ffd1c46751ae1149fd820e478e424f88e8a3e29572f5,"commit,pr,pr,pr,pr,pr"
github:formatlos,formatlos,Martin Rädlinger,a0e81a5f087aa86908d6007d7b1b6b9c9e5eec8706b9f1f991cdc7b0daf0ef62,"commit,pr,pr,pr,pr,pr,pr"
github:forrestbice,forrestbice,Forrest Bice,8c3d23d098f022f5d1b92dd8345d2693e341ce76a06ca12fc4ac117b9283f347,"commit,pr"
github:fortmarek,fortmarek,fortmarek,1d02d0e1c1b7cbac71b31251560ea8d019426277940597991eb4df2c8e0907a2,"commit,pr,pr,pr,pr,pr,pr,pr,pr,pr,pr,pr,pr,pr,pr,pr,pr,pr,pr,pr,pr,pr,pr,pr,pr,pr,pr,pr,pr,pr,pr"
github:fouadmagdy01,FouadMagdy01,Fouad Magdy,f93cd56822a42653802256c9320eabfdd4c4b94721c687aa588d41e2c97ba669,"commit,pr,pr"
github:fourestfire,fourestfire,Dean G,b705102e15c5124e3724118497def49f3e158e55d837cfaa060fc957f42ea76d,"commit,pr"
github:fourlastor,fourlastor,Daniele Conti,c27cd608a43e5f06a1c175ad75dfb4e9b5b934742aafb5c913aaed8f57f47ed6,"commit,pr,pr"
github:foxfirecodes,foxfirecodes,rayzr522,9e560d0bb08784bf3aeb3699f947e7b8ddae167d759ceef12fc60fcd2459c09f,"commit,pr"
github:foxman13,Foxman13,Foxman13,,pr
github:foyarash,foyarash,Hugo FOYART,fd487cca30e79852d81441ac6312bca6992db22fee872377409b9c0b117fe4ed,"commit,pr"
github:fractalbeauty,fractalbeauty,fractalbeauty,,pr
github:fractalwrench,fractalwrench,Jamie Lynch,86034d77227c06e54ace30c8f101ad9da0d646956be5066354c09f772496e156,"commit,pr"
github:fragno,fragno,fragno,,pr
github:frags51,frags51,frags51,,pr
github:francisco-sanchez-molina,francisco-sanchez-molina,francisco-sanchez-molina,,pr
github:franciscofsales,franciscofsales,Francisco Sales,6b1d0f0fac2ab7ead87d807ee4b6d2dcaee326e4c954e6970c53bc449817ebfe,"commit,pr"
github:francisshi,FrancisShi,FrancisShi,,pr
github:frankcalise,frankcalise,Frank Calise,85543842691e43b138d254bf7f37b9745780316becdedac74dfe56e560a8ddd6,"commit,pr,pr,pr,pr,pr"
github:franrios,franrios,Fran,22ac8baf3260beb68203a8dd458c1958a2cfde8c253f154708764972ff08a2eb,"commit,pr"
github:frans-l,Frans-L,Frans-L,,pr
github:frantic,frantic,Alex Kotliarskyi,2f24ac4427db2429a615fb44c3c31128a2fa44b30eaa16bfd1e185b55c5ff84d,"commit,pr,pr,pr,pr,pr,pr,pr,pr,pr,pr,pr,pr,pr,pr,pr,pr,pr,pr,pr,pr,pr,pr,pr,pr,pr,pr,pr,pr,pr,pr,pr,pr,pr,pr,pr,pr,pr,pr,pr,pr,pr,pr,pr,pr,pr,pr"
github:franzon,franzon,Jorge Rossi,b2f91971398751c17b104a550f637a2eb2935cee06071c88bc765ce7aa91c451,"commit,pr"
github:frazer,Frazer,Frazer Kirkman,57fe2dab93d50d77cf0e49287398bb4da7f62f9c20f32b184678c06144afd3ed,"commit,pr"
github:fred2028,fred2028,Fred Liu,01d7f1b42cc2100ef29d4a929d12edaab9530eca7d7975e4eb9359bbcc543c30,commit
github:freddy03h,Freddy03h,Freddy Harris,5f76af414417c1633245f835ae74d070a0e86e4b144a157aadeb5e49e2a854d5,"commit,pr"
github:fredemmott,fredemmott,Fred Emmott,40306c981a2f4e0e955d90829ad4261ff0dfa240a09e4d93fa1ed85ab4229d41,"commit,pr,pr"
github:fredkelly,fredkelly,fredkelly,,pr
github:fredpinon,fredpinon,fredpinon,,pr
github:freeboub,freeboub,Olivier Bouillet,c80dc1b158ad80c2851676b0e376f9b9984ecb1f2bc50f0667e52cba23f473e7,"commit,pr,pr"
github:freedomfaighter,FreedomFaighter,FreedomFaighter,,pr
github:friederbluemle,friederbluemle,Frieder Bluemle,7744c1fe192b1cd2e0b7f44807ec79f3f47a61ad546fbb4ea53952d3d2fda624,"commit,pr,pr,pr,pr,pr,pr,pr,pr,pr,pr,pr,pr,pr,pr,pr,pr,pr,pr,pr,pr,pr,pr,pr,pr,pr,pr,pr,pr,pr,pr,pr,pr,pr,pr,pr,pr,pr"
github:friyiajr,friyiajr,friyiajr,,pr
github:froelund,Froelund,Froelund,,pr
github:froimsonm,froimsonm,froimsonm,,pr
github:fromcelticpark,fromcelticpark,Alex Dvornikov,71040ed4f4ea058a6cf59a9298bbd3319b2b29eccd0733f8a24b417d373af3b9,commit
github:frostney,frostney,Johannes Stein,6fb9529b0d2e9fc0f688511f2fdaac25ce60990267fe5b652528342a53bfd3f2,"commit,pr,pr"
github:fryn,fryn,Frank Yan,0a994809fcd4397513b59ff6d08be8ce507400815fabb6cc17d465bda921cd0d,commit
github:fson,fson,Ville Immonen,ed7c3e253d98c5f1f5afe8a67a96b6bd3144346232e7100ce04eaab0beee4a7e,"commit,pr,pr,pr,pr,pr,pr,pr"
github:fuatsengul,fuatsengul,fuatsengul,,pr
github:fuho,fuho,fuho,,pr
github:fujufutong,fujufutong,fujufutong,,pr
github:funorpain,funorpain,funorpain,577797447c6220680a5de9db1d963be1829f6fdff15dfc94b8554f9dbb4973a3,"commit,pr,pr,pr"
github:future-challenger,future-challenger,future-challenger,,pr
github:futuun,futuun,Michał Mokijewski,263ba9f8fdd864609a476d871ae628d15a7611ce8b0665e3c76ce0edab9330e7,"commit,pr,pr,pr"
github:fwcd,fwcd,fwcd,f29ddd751c21d56865a1d4518b90945b36166aa73f13c8c97832379e0d98ccc1,"commit,pr"
github:fxfactorial,fxfactorial,Edgar Aroutiounian,9dc1166ff2c592b22c343f0866b46a7bbbc949ab83afd28185fcb90e2b834593,"commit,pr,pr"
github:g2jose,G2Jose,George Jose,916b87ebba3ced517b934c30d824016703074cb9a94e1ae75ec515120483e733,"commit,pr"
github:g4rb4g3,g4rb4g3,g4rb4g3,865eb5b58ac4c83935c166429970547a70d8bd645dc9caf5eb6400581395230d,"commit,pr"
github:gab-metzger,Gab-Metzger,Gabriel METZGER,7d4b21bd57e6f64f3aeca2d7b0abee6569f76a9ccf15a18bd70f7e8bda12a2f0,"commit,pr,pr"
github:gabec,gabec,gabec,,pr
github:gabedahl,GabeDahl,GabeDahl,f55c1bbba7ec8bc4f0968a30d70062bb5c822b1f47a892b1e0482387b3d47643,"commit,pr"
github:gabelevi,gabelevi,glevi@fb.com,3d193348eb8fafc1f0e385d3ccf7a1105fb9eb4e2ebe33503195d558004a41d1,"commit,pr,pr,pr,pr,pr"
github:gaberogan,gaberogan,Gabriel Rogan,844a65f9aa720ab4a6ad4c03ad1b02d736dff56110a96e3c8b41875790551218,"commit,pr"
github:gabimoncha,gabimoncha,gabimoncha,,pr
github:gabriel-diez,Gabriel-diez,Gabriel-diez,,pr
github:gabriel-laet,gabriel-laet,Gabriel Laet,b1e40474ff4a7900a89ddb35e984839a608d3d00a4a421570ca35dbbbbd3dfeb,"commit,pr"
github:gabriel1536,gabriel1536,gabriel1536,,pr
github:gabrielbull,gabrielbull,Gabriel Bull,fcd3c0ec0f06b3ff94878dbcf5dad6bdfa1813c2c0bf753af44dd3184c3a2a04,"commit,pr,pr,pr,pr,pr,pr"
github:gabrieldonadel,gabrieldonadel,Gabriel Donadel,396592c70b62bfbd1ed942fa1b4b215e4e92651c0cc5ed2b8083e264f5cd0288,"commit,pr,pr,pr,pr,pr,pr,pr,pr,pr,pr,pr,pr,pr,pr,pr,pr,pr,pr,pr,pr,pr,pr,pr,pr,pr,pr,pr,pr,pr,pr,pr,pr,pr,pr,pr,pr,pr,pr,pr,pr,pr,pr,pr,pr,pr,pr,pr,pr,pr,pr,pr,pr,pr,pr,pr,pr,pr,pr,pr,pr,pr,pr,pr,pr,pr,pr,pr,pr,pr,pr,pr,pr,pr,pr,pr,pr,pr,pr,pr,pr,pr,pr,pr,pr,pr,pr,pr,pr,pr,pr,pr,pr,pr,pr,pr,pr,pr,pr,pr,pr,pr,pr,pr,pr,pr,pr,pr,pr,pr,pr,pr,pr,pr"
github:gabrielfurini,gabrielfurini,Gabriel Furini,f7ec49b867ebdd213965af70063c00e3f439412120caedd2cead3e235f04ed46,"commit,pr"
github:gabrielglvr,gabrielglvr,Gabriel Oliveira,20fd044832375babc6e829149ee907fea43b20539a56724d0aeceacb9822ccc5,"commit,pr"
github:gabrielgmrs,gabrielgmrs,gabrielgmrs,,pr
github:gabrielweyer,gabrielweyer,Gabriel Weyer,f0b2f392de468c91b4d3947b3656b020c631bf7b8671a0451704beb38935d23c,"commit,pr"
github:gabro,gabro,Gabriele Petronella,ef66e520c2c3ebfcaa5a136a58a09c8d47bd4b985f32a1fc97c0080d05b65ab4,"commit,pr"
github:gacelita,gacelita,Joel Sánchez,2955982713e5ca54dc91d6b938102edb7731d84b955ebf3519932a7824bd31ff,"commit,pr"
github:gaearon,gaearon,dan,383739152ee0e771456e9d982e0ccaaf24253e66d3509a2815e868d39085b8e0,"commit,pr,pr,pr,pr,pr,pr,pr,pr,pr,pr,pr,pr,pr,pr,pr,pr,pr,pr,pr,pr,pr,pr,pr,pr,pr"
github:gaeauni,GaeaUni,GaeaUni,,pr
github:galenandrew,galenandrew,Andrew Turner,100996f79676f38f03860c0fceb976487e8e9ee52c1ff53f6379196c427fa5f9,"commit,pr"
github:gameroman,gameroman,gameroman,,pr
github:gandreadis,gandreadis,gandreadis,,pr
github:ganjianwei,ganjianwei,Gan Jian Wei,8cc528b8d0c8e3cecc0eb51a7a81d2f1d3e575392f24971558ad0fa7ee425920,"commit,pr"
github:gantman,GantMan,Gant Laborde,84879df85ebc05e0b13e4d6db1ac1b4de07f2967669c676ff51a24b0c87c2a8a,"commit,pr,pr,pr,pr,pr,pr,pr,pr,pr,pr,pr,pr,pr,pr,pr,pr,pr,pr,pr,pr,pr,pr,pr,pr"
github:gaodeng,gaodeng,gaodeng,8e5fd6ea460009da828a6e87f5701950eac24c0bf0a70fd5a71b870296acc944,"commit,pr,pr"
github:gaostudio,GaoStudio,GaoStudio,,pr
github:gaouj,gaouj,gaouj,,pr
github:garethknowles,garethknowles,Gareth Knowles,14f39cf51f0669ee48254cef24b96bae0d655d71640b83d4dbfb185e18bc0a31,"commit,pr"
github:garlic-rice-with-butter,garlic-rice-with-butter,garlic-rice-with-butter,a1d5cd89c5d836400814cfe347a3dd16c3c1fa12177a1ae28b531eb830e6b5e5,"commit,pr"
github:garrows,garrows,garrows,,pr
github:garvsgit,garvsgit,garvsgit,,pr
github:garzdin,garzdin,garzdin,,pr
github:gasperz,gasperz,Gašper Žnidaršič Bečaj,a85a2178cd7997e30704d26c5ec1870f773a19e9d6ca987689dd2e8825fb1183,"commit,pr"
github:gauravroy1995,gauravroy1995,Gaurav ROy,b6c7071185ce19dda3907cee179d03517006821a24e1acdcc6d6dd3da7bc28ec,"commit,pr"
github:gauravsapiens,gauravsapiens,Gaurav Arora,b48dbe4557304b1777076f86e860c9ea1e6094cdd9fed66165b71b95e5ed3911,"commit,pr"
github:gaverchou,GaverChou,GaverChou,,pr
github:gavrix,gavrix,gavrix,,pr
github:gazoudoudou,gazoudoudou,gazoudoudou,,pr
github:gbdxl,gbdxl,gbdxl,,pr
github:gdborton,gdborton,Gary Borton,a6944f6425e61c3f2609ab3909697e4504d1edcd1e2f24ccc12a12a38dfdb160,commit
github:gedeagas,gedeagas,Agastya Darma Laksana,6907ebb5d2262a42cc00e112d6ed7b152cbe97ad39ba9833a5d757ae1a352bec,"commit,pr,pr,pr,pr,pr,pr,pr,pr,pr,pr,pr,pr,pr,pr"
github:gedu,gedu,gedu,,pr
github:geekconvert,geekconvert,geekconvert,,pr
github:geirman,geirman,Chris Geirman,2d3ddf7d38d941d71859331e421f931ced9783b7896fe12e4c0d03b01c9b53cf,"commit,pr,pr,pr,pr,pr,pr,pr,pr"
github:gengjiawen,gengjiawen,gengjiawen,97173f7aa759a7dcf52374c139f8d2773e231adfde3ab1a99403664610f9fe32,"commit,pr,pr,pr,pr,pr,pr,pr,pr,pr,pr,pr,pr,pr,pr,pr,pr,pr,pr,pr,pr,pr,pr,pr,pr,pr,pr,pr,pr,pr,pr,pr,pr,pr,pr,pr,pr,pr,pr,pr,pr,pr,pr,pr,pr,pr,pr,pr,pr,pr,pr,pr,pr,pr,pr,pr,pr,pr,pr,pr,pr,pr,pr,pr,pr"
github:genki,genki,Genki Takiuchi,01b327c234ddd4a8b5ed627079219242d3bc8bb8860e9e0a734b9b28df079532,"commit,pr,pr,pr"
github:genkikondo,genkikondo,Genki Kondo,9f343257b3a620cb4831e3b3b3820bff6203f15cf40c57f7cec2c8640b42b972,"commit,pr,pr,pr,pr,pr,pr,pr,pr,pr,pr,pr,pr,pr,pr,pr,pr,pr,pr,pr,pr,pr,pr,pr,pr"
github:geof90,geof90,Geoffrey Goh,9b6eed6853f5bf3e8a6c0d5490b9f2b6515dab6b6472e928857508425959dca7,"commit,pr,pr,pr,pr,pr,pr"
github:geoken,geoken,George K,1f6d59f17906075d40f4f973473072875b4ace3fac05abf5e831c1de194a0e41,"commit,pr"
github:geraintwhite,geraintwhite,Geraint White,6dd6ad0661b57c840eb125f27b0d672b38fe9af8e3f24028a202645ed7e6f7f3,"commit,pr,pr,pr,pr,pr,pr,pr"
github:geralt-encore,geralt-encore,Ilya Zorin,b7e875b1c2a015cc48014c01b2a75ed67e9adf402b3350619adc9f88a1cab4a5,commit
github:germazing,germazing,germazing,,pr
github:geronimo794,geronimo794,geronimo794,,pr
github:gerritpost,GerritPost,GerritPost,,pr
github:gert-janvercauteren,gert-janvercauteren,gert-janvercauteren,,pr
github:getaaron,getaaron,Aaron Brager,6bf52c8a6653d9d84daee4b0d9ef37d03df93d091fb82a649ab83d2aef49b178,"commit,pr,pr,pr"
github:getsetbro,getsetbro,getsetbro,,pr
github:gevazeichner,GevaZeichner,GevaZeichner,b058dabe4137ee05366a6578b8c7942ea2696d60b591e68f84ae10bed0966f40,"commit,pr"
github:geweb,geweb,geweb,,pr
github:gfpacheco,gfpacheco,gfpacheco,,pr
github:ggaabe,ggaabe,ggaabe,,pr
github:ggtmtmgg,ggtmtmgg,ggtmtmgg,6886be029decaf56b6cbcd2b434d2423db43e8c27c2a32e60c1deb5bda9ecadb,"commit,pr,pr,pr,pr"
github:ghamza-jd,Ghamza-Jd,Hamza Jadid,ae5562f93f9c2c09fa6264eb830cded83cb2ffbfa58291b565e43990e372469e,"commit,pr"
github:ghoshabhi,ghoshabhi,ghoshabhi,,pr
github:ghost,ghost,ghost,,pr
github:gi11i4m,Gi11i4m,Gi11i4m,,pr
github:giantslogik,giantslogik,Ajit,bb8e56763baff01f3e5349802d67397faba53d6b5edd985be123cb154c7a1393,"commit,pr,pr,pr"
github:gijsweterings,GijsWeterings,Gijs Weterings,409a21a0b95f37c393500bdad931ff3b04b35d1b7f975ebc609e94ab57f7bebb,"commit,pr,pr,pr,pr,pr,pr,pr,pr,pr,pr,pr,pr,pr,pr,pr,pr,pr,pr,pr,pr,pr,pr,pr,pr,pr,pr,pr,pr,pr,pr,pr,pr,pr,pr,pr,pr,pr,pr,pr,pr,pr,pr,pr,pr,pr,pr,pr,pr,pr,pr,pr,pr,pr,pr,pr,pr,pr,pr,pr,pr,pr,pr,pr,pr,pr,pr,pr,pr,pr,pr"
github:giladno,giladno,Gilad Novik,a31fb268ea75ec6f04a267804c3d98576a5f71c110964df8f38148e7c663938c,"commit,pr"
github:gilchenzion,gilchenzion,gilchenzion,,pr
github:gilesvangruisen,gilesvangruisen,Giles Van Gruisen,21f322089e230f101c19c85f9a3c1b6796b958f8e1cb6bcd7ec667bd936692dd,"commit,pr,pr"
github:gillessed,gillessed,gillessed,,pr
github:ginamdar,ginamdar,guru inamdar,9d0c2a8b667c4d539e0e060b8ab0e1d6464713badd631d50652f79a0c96663ea,"commit,pr"
github:ginandi,ginandi,Omri Gindi,b3f926625a4ebd345fd4adf38a532b23fa65db7e54d6c2b7f89d38080d3fab0a,commit
github:gingerbear,GingerBear,GingerBear,8fb304a252e92107a6c7858797fe257c415876ef07e2bfe21f116b67585c9c90,"commit,pr"
github:giolaq,giolaq,giolaq,a2be10bcc67ce227891c5c1356696b03c13a9dbc76f316af15e514bfd3dd1102,"commit,pr"
github:gispada,gispada,Gianluca Spada,f7d6a268f6aae725e8a6f47fca657f57d966b0adb6b3d434e3c2226efb86bea4,"commit,pr"
github:giszmo,Giszmo,Giszmo,,pr
github:gitanshu,gitanshu,gitanshu,,pr
github:gitim,gitim,Timur Gibadullin,c50e46ae4141c4f1a4a19f1b5b1629e04e08ea993e3e1a0ab2aa6f720ec288b7,"commit,pr,pr,pr,pr,pr,pr,pr,pr"
github:gitmayi,GitMaYi,GitMaYi,,pr
github:gittysachin,gittysachin,gittysachin,,pr
github:giuliojiang,giuliojiang,giuliojiang,,pr
github:gkartalis,gkartalis,George,2317a8f2977b1efcf955d79acbea23e9db4b29b416959e3044433b4b14cd9841,"commit,pr"
github:gkassabli,gkassabli,gkassabli,,pr
github:gkmhub,gkmhub,Greg McGary,cee6b9910d30eb0fd03ddb8aa4f70d12bdbd8496dc87af934ad4824e8898a42e,commit
github:gkode,gkode,gkode,,pr
github:gkz,gkz,George Zahariev,b9b86f3dc70fc01cfc2826e6251ef231c23ba67585090b9f48be457228a53958,"commit,pr,pr,pr,pr,pr,pr,pr,pr,pr,pr,pr,pr,pr,pr,pr,pr,pr,pr,pr,pr,pr,pr,pr,pr,pr,pr,pr"
github:glaw,glaw,glaw,,pr
github:glawson,glawson,glawson,,pr
github:glcrazier,glcrazier,glcrazier,,pr
github:glebkaf,GlebkaF,GlebkaF,,pr
github:glenjamin,glenjamin,glenjamin,,pr
github:glenna,glenna,Glenna Buford,5c1316ee302262dcd842828b3dea00111599bf5bbcec9567105c1593feced36a,"commit,pr,pr"
github:glittershark,glittershark,Griffin Smith,9f24795f931f4fbeec446a5788234a27112a61fb02c03ed819fac2d07f3f5da3,"commit,pr"
github:gluwa,gluwa,gluwa,,pr
github:gmatuz,gmatuz,gmatuz,,pr
github:gmherr2,gmherr2,gmherr2,,pr
github:gmondada,gmondada,Gabriele Mondada,723b6072f2cdd6a4d87cac7b6d6f5809f1c1e3f7bd1e258b4b563cfc147d05e5,"commit,pr"
github:gmuraleekrishna,gmuraleekrishna,Muraleekrishna,0c0e1163a7cb9d47b97598cd28a1755714799e927528d23683cd04ee314445ef,"commit,pr"
github:gnestor,gnestor,Grant Nestor,1566c7288f86542d6cbcce8796c1a9383113cd83dcd3c3cea9c68e59a37ba589,"commit,pr"
github:gnoff,gnoff,gnoff,dd88ffb5f9f684659dd41061b1ee184a0e07961155fa5e041875e20f3df35293,commit
github:gnprice,gnprice,Greg Price,b30b008bffb737c79cb054eec28a3aed5733c48c4124d460897de76609ebeeab,"commit,pr,pr,pr"
github:go7hic,Go7hic,Go7hic,a20bfc965d4f1aac05daf82ebf253b0eff9dcf05b9fd1f01cda6bd8bbaa7d38d,"commit,pr"
github:godness84,godness84,godness84,,pr
github:goldylucks,goldylucks,goldylucks,,pr
github:gongreg,Gongreg,Gongreg,,pr
github:gontovnik,gontovnik,Danil Gontovnik,beba65827072db1ef4adad69fed805555bc1e5a24de95f1d494e5961009b3530,"commit,pr"
github:gorangajic,gorangajic,Goran Gajic,875672a2dc9ba6f3743ac6d5d1b652d25ab4b82504838858bbf1344430af5b04,"commit,pr,pr"
github:gorhom,gorhom,Mo Gorhom,67c224e97c8c973e939c0795daeade8b3fb3c506b38f47e896db7ec6156de91f,"commit,pr"
github:gorodscy,gorodscy,Fernando Gorodscy,906da7911940f25197df2964e495876c83211fa2721f9dfab3c0aea8a2b3dd8f,"commit,pr,pr,pr"
github:goru169,goru169,goru169,,pr
github:gouravkhunger,gouravkhunger,Gourav Khunger,fd82ea4ce3ceb0d41b9c21a9f58352b90fe3d624104973600b718367e0a48699,"commit,pr"
github:govi,govi,govi,,pr
github:gp2mv3,Gp2mv3,Gp2mv3,,pr
github:gpalves,gpalves,Bill Alves,77cb3ce5b7910720cbe4f9578dfcb3a44c415c8917da2070e94695c30e743217,"commit,pr"
github:gpawlik,gpawlik,gpawlik,,pr
github:gpbl,gpbl,Giampaolo Bellavite,4582d43c5a20a83adaff4c98aa2e695d8f386595d75a3fc4d8da8ba96199e3be,"commit,pr,pr,pr"
github:gpeal,gpeal,gpeal,,pr
github:gperdomor,gperdomor,Gustavo Perdomo,b663c334a17ec35c8165128a44e4134d911828304eb27d5ae9ed395bb5153fc2,"commit,pr"
github:grabbou,grabbou,Mike Grabowski,5d1dfe3282f35cd50b19f830b14f4b92f5965e16671818fb30bce1850a2619ce,"commit,pr,pr,pr,pr,pr,pr,pr,pr,pr,pr,pr,pr,pr,pr,pr,pr,pr,pr,pr,pr,pr,pr,pr,pr,pr,pr,pr,pr,pr,pr,pr,pr,pr,pr,pr,pr,pr,pr,pr,pr,pr,pr,pr,pr,pr,pr,pr,pr,pr,pr,pr,pr,pr,pr,pr,pr,pr,pr,pr,pr,pr,pr,pr,pr,pr,pr,pr,pr,pr,pr,pr,pr,pr,pr,pr,pr,pr,pr,pr,pr,pr,pr,pr,pr,pr,pr,pr,pr,pr,pr,pr,pr,pr,pr,pr,pr,pr,pr,pr,pr,pr,pr,pr,pr,pr,pr,pr,pr,pr"
github:grabcode,grabcode,alex,5c1acf520c92dc4088fe7fd3ac08c20550c84f2b43b62beac4f7e2e4eee6859f,"commit,pr,pr"
github:grahammendick,grahammendick,Graham Mendick,c31b49d7e12c01499e8b01662336b77af9e2017b9436888e75e42c3c808600f1,"commit,pr,pr,pr,pr,pr,pr"
github:gravitinos,gravitinos,Valentino Espinoza,b773af2c3817b00db28160a5eb32895537bdb87a1d5f41eed894a0977594cf5e,"commit,pr"
github:gray-wind,Gray-Wind,Gray-Wind,,pr
github:graytmatterms,graytmatterMS,Matthew Gray,08cc540bd3f27755a19c519918a4e4f2185e6c4d1199fd166db937f80908acb7,"commit,pr,pr,pr"
github:gre,gre,Gaëtan Renaudeau,668ef08fd41b6eef16a685ccdcae1a0c3f1305717e55fafd2ad9d11375d374ea,"commit,pr,pr,pr,pr,pr,pr,pr,pr,pr,pr,pr,pr,pr,pr,pr,pr,pr,pr"
github:gregaou,gregaou,Grégoire Rit,9899b5e619bcfd44da10d6c1592071f0f25660fd863ed95b551a80ab86ece1de,"commit,pr,pr,pr"
github:greggb,greggb,greggb,,pr
github:greghe,greghe,greghe,,pr
github:gregjacobson,gregjacobson,gregjacobson,cfaf15b0541fa03786050078c352636d08963bec3c9fb129e6d826a666501f98,"commit,pr"
github:gregoirevda,Gregoirevda,Grégoire Van der Auwermeulen,545337ca315e2019519eb2dacd8cad5e8b0516f97d1bab64b49c98223704201d,"commit,pr,pr,pr,pr,pr,pr"
github:gregoryfm,gregoryfm,Gregory Menezes,7a102e33365734aad41164c0c945109b1138c40b16123953870b9b5ded3f3b80,"commit,pr"
github:gregorynative,GregoryNative,GregoryNative,,pr
github:greis,greis,Gabriel Reis,c2711ea2e3cb0e4a321abbae04e4c338b5609eea27ab80c360d0139b6dd13885,"commit,pr,pr"
github:greyvugrin,greyvugrin,Grey Vugrin,69ac2c99c8cd644f0a72b7df77c9f4b7bd68309ee3a0f0e9470d10b0c5df5db6,"commit,pr"
github:grgmo,grgmo,Prakash Gurung,dfc4a984a8956b0f23a294584d230fb122d506b94be3d289c33c21766a5a373b,"commit,pr,pr"
github:grgr-dkrk,grgr-dkrk,grgr-dkrk,683b4ff12d57037ce6d4a158eaab1323d6f7a7964075d5188f4cbbce43ce955d,"commit,pr,pr,pr,pr,pr"
github:gritwyplay,gritwyplay,Grégoire Rit,4021b68ed8a069d3a4e33344c3435f69133fa197e5e5b6cdaa65c0c544f03b5b,commit
github:grivel-l,Grivel-l,Grivel-l,,pr
github:grmmph,grmmph,grmmph,,pr
github:groke,groke,groke,,pr
github:grp,grp,Grant Paul,3578715934c67bddad8c4c74739820bc341639379d12cf29c2269bd5f1010e4c,commit
github:grundmanise,grundmanise,grundmanise,,pr
github:gs-akhan,gs-akhan,gs-akhan,,pr
github:gsklee,gsklee,gsklee,,pr
github:gstephin,gstephin,gstephin,,pr
github:gtanner,gtanner,Gord Tanner,30a0a3b2a011c968a33e56eeffe0e2a7f82681fd939a64c604db9adee5d24931,"commit,pr"
github:gtebbutt,gtebbutt,gtebbutt,93a9dbd3058e9fea16074bd01cbb31c9fc56dbe2f7df3f7e57fb76ab9b73d7fc,"commit,pr"
github:gtomitsuka,gtomitsuka,Gabriel Tomitsuka,9cfb932f8c9a9dc9c32aadef43ee9f40e02f7dd0912bc94c6f0d207bfa9b7c7e,"commit,pr"
github:guad,Guad,Felipe Perez,e09bad448706951aee8eecd21568e2f160247b96615363412ef2f45454d5119a,commit
github:guanpy,guanpy,guanpy,,pr
github:guardiannw,Guardiannw,Nathaniel Rankin Webb,9fb774ee1fdd270d0bac8e803e680a5e2f7c532b685b52d31fde6b1bacfe7c77,"commit,pr"
github:gubatron,gubatron,gubatron,cd9dbc9c6c81b784274bf66e7cb77c9c6136aa26cf6e61f4c0b27a4a9824eb1d,"commit,pr"
github:gugakatsi,gugakatsi,gugakatsi,,pr
github:guguss,GuGuss,GuGuss,,pr
github:guhungry,guhungry,Woraphot Chokratanasombat,f3ecc3649a84e4e1f1dcb00238c2036a35ff103ee6b9db441ee03c17fd7eb56c,"commit,pr"
github:guichaguri,Guichaguri,Guichaguri,1ab8ea8c9006f252280164c2b889baaccb0617ba3f918cc90cd594f180f9cce5,"commit,pr"
github:guigrpa,guigrpa,G. Grau,603917b1f59d396e7f092833dc083c1f8680f540f61e9d1dd42479315927843e,"commit,pr"
github:guilhermebruzzi,guilhermebruzzi,Guilherme Bruzzi,f1e269d547e47de91fe98e340f57dae39dcf3ebf29f376751eb9a15275605070,"commit,pr"
github:guilhermeportella,GuilhermePortella,GuilhermePortella,,pr
github:gullitmiranda,gullitmiranda,gullitmiranda,,pr
github:guperrot,guperrot,guperrot,,pr
github:guptasourabh,guptasourabh,guptasourabh,,pr
github:gurs1kh,gurs1kh,Manvir Singh,84c240784449d431a7dc407583c2d69350a65bb37e21394afd643487c7c7279e,"commit,pr"
github:gusgard,gusgard,Gustavo Gard,6c536d8f3dceb47743628b56f2538c58b457cb68850b0c9b0e82a937f73a9376,"commit,pr,pr,pr,pr,pr,pr"
github:gustavoabel,gustavoabel,gustavoabel,933feb96113ee281e60a51b8c278a581e128df64f885ac88774ff05aaf9f4937,"commit,pr,pr,pr"
github:gustavoguichard,gustavoguichard,gustavoguichard,,pr
github:guy-rosenmann,guy-rosenmann,Guy Rosenmann,a78b385ca049df3e9923f4c244724f93d76117eb6401f73414afc2e8fc855ddc,commit
github:guyca,guyca,guyca,,pr
github:guysegal,guysegal,guysegal,,pr
github:gvarandas,gvarandas,Guil Varandas,bd2256afb911b698a3fbb53af8868e720ee637a6941a08c0021f86b721edb1b6,"commit,pr,pr,pr,pr,pr"
github:gwmccull,gwmccull,Garrett McCullough,0251302dd4c1882e4425fd52f7bdb2210cf1eb6f0f08edcaecac62db081f913b,"commit,pr,pr,pr,pr"
github:gyran,Gyran,Gustav Ahlberg,9218b6e74b222dcc699df492c244293fc52675202037181e634db766b26baa01,"commit,pr"
github:h3rsko,H3RSKO,H3RSKO,,pr
github:h87kg,h87kg,h87kg,,pr
github:haani104,haani104,Syed Haani Hasan,dd6f5f05e4ce2df220e2e9c0fb07e4b904d318aa19c214317799b62254cf06a6,"commit,pr,pr"
github:habovh,habovh,Jordan Becker,cf17479f5c0f31243c5b64d18e2e6ecc06e63737fed79965c6f25300baf23ea5,"commit,pr,pr"
github:haggholm,haggholm,haggholm,,pr
github:haibinyu,haibinyu,kevyu的马甲,0acba3a717b4bc74ddb06c2e262aeaa93ffe5138ffb22a6bb71d23777a7de62b,"commit,pr"
github:haileyok,haileyok,Hailey,5c38b73e82669b9a676fb68deb3bb40a72fa480ac344d62af90b97582db151ba,"commit,pr,pr"
github:haitaoli,haitaoli,Haitao Li,7141cda3cbcb4bc5572433a80f292f5873bf48b3192345c10c2c751584d4a8fb,"commit,pr,pr"
github:haiyangjiajian,haiyangjiajian,haiyangjiajian,,pr
github:hakonk,hakonk,Håkon Knutzen,e38a26d174683194b1e6790d3da15d2a7e0c7cd189381f46ba4653db5c57952d,"commit,pr,pr,pr,pr,pr,pr,pr,pr,pr,pr"
github:halaei,halaei,Hamid,7352a3385ad2c9138ddc42cf45cefdf9abef695f83b95ada75860a6182428b1a,"commit,pr,pr,pr,pr,pr"
github:halilb,halilb,halilb,,pr
github:hamaron,hamaron,hamaron,ad1747eb947f83373dfe9738b6235c1c6de6f66e0cad9213d3dbce3340d95db9,"commit,pr"
github:hamidhadi,hamidhadi,hamidhadi,,pr
github:hanarotg,hanarotg,hanarotg,,pr
github:hanayashiki,hanayashiki,hanayashiki,,pr
github:handeyeco,handeyeco,handeyeco,,pr
github:hank121314,hank121314,hank121314,62e56ebd4f8b87177e5f0e70c4d8161ecf923d73591171aa7df1a6de2a7b7fa3,"commit,pr,pr,pr,pr"
github:hankiecodes,HankieCodes,Hank Brekke,59e183df37d349db3c6f9efa33633700f8ac795487faa7f57d3caf85675b74f1,"commit,pr,pr,pr"
github:hannojg,hannojg,Hanno J. Gödecke,f82ec008afe584d7481a374ec01f2a80fbf9b2bcfb294337b93fb676894b3409,"commit,pr,pr,pr,pr,pr,pr,pr,pr,pr,pr,pr,pr,pr,pr,pr,pr,pr,pr,pr,pr,pr,pr,pr,pr,pr,pr,pr,pr,pr,pr"
github:hannujaakkola,hannujaakkola,hannujaakkola,,pr
github:hansemannn,hansemannn,hansemannn,,pr
github:hansonw,hansonw,hansonw,01c8c7a679c88d5514bba174e9658d2e1550c847982d93cbb1119d184bbf2a2a,"commit,pr"
github:haochenli,haochenli,Haochen Li,b7d996598f228f48a1ebc623189b4452b63c4c92bf96a158bf8077ca09a0548e,"commit,pr"
github:haoyuxingchen123,haoyuxingchen123,haoyuxingchen123,,pr
github:haozhun,haozhun,Haozhun Jin,eb8645bfc69dbd893a0c5c04f367609b8e3c0b2cd2e2f816894e43cdaa3b4f45,commit
github:happydog-intj,happydog-intj,hi大头鬼hi,4960d4e9de9c8f841238de09f9b5e8f19233e9f98dc673ca39704b431cf90a94,"commit,pr,pr,pr,pr"
github:haraldreingruber,haraldreingruber,haraldreingruber,,pr
github:hardworker,hardworker,hardworker,,pr
github:hari70a,Hari70a,Hari70a,,pr
github:harikrishnanp,harikrishnanp,Harikrishnan P,a132564b8697bd33ceb0d12c21fef4c11473893349edcdccd6642f9576f700fa,"commit,pr"
github:harinimalothu17,HariniMalothu17,HariniMalothu17,,pr
github:harry-g,harry-g,harry-g,44451248b13fa4e03cd86c2eded8807bf25e3aebc52d025672c4411558f59079,"commit,pr,pr"
github:harrykiselev,harrykiselev,Harry V. Kiselev,f1c420e9ae2b367b8771ec313c1cefbf6647dd296c73f40f6fc02689812dc37e,"commit,pr"
github:harsh-siriah,harsh-siriah,harsh-siriah,,pr
github:harshika-kashyap,harshika-kashyap,Harshika,2e0affab4318adb121473e9dee3872ec0e415bdbfcdce34b4f1478943ef0cf29,"commit,pr"
github:harshil07,harshil07,Harshil Shah,88f1cb4325bdbcf5784e76be4600017ea7d902eeffe16fcb30fb06c326c1ed8d,"commit,pr"
github:harshitydv1,harshitydv1,harshitydv1,,pr
github:harshsingh32,harshsingh32,harshsingh32,,pr
github:hartbit,hartbit,David Hart,63fb2a5ac59cc097df45f8b4a61668e18ab1ec31599a60fa090cae5261947f0c,commit
github:haruair,haruair,Edward Kim,097e92737790238efef4ebd61cdb250af55132fd3d75a1f46d3a6a243cd6e3b3,"commit,pr"
github:harudev,harudev,harudev,,pr
github:harveyhepburn,HarveyHepburn,HarveyHepburn,,pr
github:haseebshams-pixel,haseebshams-pixel,haseebshams-pixel,,pr
github:hashim21223445,hashim21223445,hashim21223445,,pr
github:hassanbazzi,hassanbazzi,Hassan Bazzi,129094fd1c6a43ebb89f7e9ecbfb76ce6563f5f41424941f087dadaf70c37c7b,"commit,pr,pr"
github:haud,Haud,Haud,,pr
github:havlasme,havlasme,Tomáš Havlas,e4fc665c7e09335236118d51e8279155a6162e437f9f79947be39fb79b7f1f01,"commit,pr,pr"
github:hawkrives,hawkrives,Hawken Rives,2408ee13b424201011e0eaa5435d44696a0e160bb991ed8def1edc0bafa423d3,"commit,pr,pr"
github:haydenth,haydenth,Tom Hayden,d2d2c7ad5137bb065eccc15b6301c367bae394897ff9019233fb4541a1ef6794,"commit,pr,pr"
github:hayeah,hayeah,Howard Yeh,32704644bef9f89389d5fe9de6c52decb13e0b05358522ccfcaa22af94f7ad1c,"commit,pr,pr,pr,pr"
github:hayleyyryan,hayleyyryan,hayleyyryan,,pr
github:hazat,HazAT,HazAT,,pr
github:hblumberg,hblumberg,hblumberg,,pr
github:hckuo2,hckuo2,hckuo2,,pr
github:hcn1519,hcn1519,Changnam Hong,003ced19f98fc4df84930e48a4dd024f435656f87ce4ad009b97218b324b2502,"commit,pr"
github:hduprat,hduprat,hduprat,,pr
github:hector-zhuang,Hector-Zhuang,Héctor Chong,dd73ec0c5dad7668dd4973afd74e3b83fdc32a8bbde705546b3c2a95bb4b91ce,"commit,pr,pr,pr"
github:heddaz,heddaz,heddaz,,pr
github:hedgepigdaniel,hedgepigdaniel,hedgepigdaniel,,pr
github:hedgerh,hedgerh,hedgerh,,pr
github:hedgerwang,hedgerwang,hedgerwang,,pr
github:heeaad,HeEAaD,HeEAaD,,pr
github:heinrichtremblay,HeinrichTremblay,HeinrichTremblay,,pr
github:helderdb,helderdb,helderdb,,pr
github:helele90,helele90,helele90,,pr
github:helenaford,helenaford,Helena Ford,6d0a1074bc65e2abf723daeafffd8740ba8e0774befc8466ce14a2996864fa7e,"commit,pr,pr"
github:helfer,helfer,Jonas Helfer,3cee3d5ab85bb2990c5fe582df32b2e2162022cb20cf5d7b7b0e944b852f7641,"commit,pr"
github:hellohublot,hellohublot,hublot,eec18a98bf09241fc66a4ae3cf002c457c867d8dba93d410a56ac5186bc42305,"commit,pr,pr,pr,pr,pr"
github:helloseanation,HelloSeaNation,HelloSeaNation,,pr
github:hellostu,hellostu,hellostu,,pr
github:hemachandar,Hemachandar,Hemachandar,,pr
github:henbahati,henbahati,henbahati,,pr
github:hendrikswan,hendrikswan,hendrik swanepoel,81eceef420a48775ebbec2449ff377b1c231cf1d42476bab395eacbcde70281a,"commit,pr"
github:henninghall,henninghall,Henning Hall,7ab39a3cebc51aa18bf01d5d6c02e4675ac272b66ef96c2b58ced7b1832e4c4b,"commit,pr"
github:henrikra,henrikra,henrikra,,pr
github:henriquecicero,henriquecicero,Henrique Cicero,f0d6fc50cfb8201dc0e485c774471de036e2d0a902190e35134b6ac97f641c56,"commit,pr"
github:henrygrant,henrygrant,henrygrant,,pr
github:henrymoulton,henrymoulton,henrymoulton,f1eb206a0027cbfbf4e1b8ec4e00961c13b0049f5fa17b0567c99a54e89c6e33,"commit,pr"
github:henter,henter,henter,680a64da6ed4a7482974b8db2e0626158499927ad7eb70334815c104ebbdc9ff,"commit,pr,pr"
github:heoblitz,heoblitz,heoblitz,c98e09df3be2a202ce0b5ccaac644525958fef76c5b8b9b67cff6f1f5a21ec12,commit
github:herdani,herdani,Edwin Hermans,52ad99217b562e22852e817797884ab0dfc127748804ff60873d96314cc8063c,"commit,pr,pr"
github:hermanschaaf,hermanschaaf,Herman Schaaf,c81c0de0192cf749ddb97b752ed1e0df050d12e12adf1323940d7f9893b8a63a,"commit,pr,pr"
github:hermanyo,Hermanyo,Hermanyo,,pr
github:herobanana,HeroBanana,Nick Vlug,054b234799b8f28c28426de25fa9a07d8a8f22b9385cf965af1af9a9833c4e31,"commit,pr,pr"
github:hetanthakkar,hetanthakkar,Hetan Thakkar,f7c95ec2e7d8e67a4c82bc613c84797bd591cbb29456e28534d5fc4d4df8bc0d,"commit,pr,pr,pr,pr,pr"
github:hewigovens,hewigovens,hewigovens,,pr
github:hexboy,hexboy,hexboy,244382938853e9f63e98ba9c842c83d65764a7f8b7b773ce9ffaa0c92a66cab0,"commit,pr"
github:heyimchris,HeyImChris,HeyImChris,2fd1063074da07261a67548939aa71125d4252ef7245957e78e577eb370b9221,"commit,pr,pr"
github:heywarddai,heywarddai,heywarddai,,pr
github:hezi,hezi,Jorge (Hezi) Cohen,ee34667d894c31046c27ebfe8a729cb1f7db75dd41a35ef571ebfba792cb3ac3,"commit,pr"
github:hfossli,hfossli,Håvard Fossli,e6ac32522f554f7cfe2d4f9b392c09c6bcee7a1e122bbfe4f422fd8eeca0be28,"commit,pr,pr,pr,pr"
github:hgale,hgale,hgale,,pr
github:hharnisc,hharnisc,Harrison Harnisch,6023da90eb54f7bb45dc34099353157462bf965cca88026716fe1a752491a841,"commit,pr,pr"
github:hick209,hick209,hick209,,pr
github:hieu9102002,hieu9102002,hieu9102002,230299a9804949afd9bc7ac26770ca7ec69bbb9d0c2e76c65e797e3da61b4542,"commit,pr"
github:high5apps,High5Apps,Julian Tigler,34921f4169d0b23a96e0fe36d5a127f118413ecb058f0c5c3aa4de64d2b45d33,"commit,pr"
github:high726,high726,high726,,pr
github:hileix,hileix,hileix,,pr
github:hilkeheremans,hilkeheremans,Hilke Heremans,c9b9047382d5e212c59b0a7c1aa8314a2cefba408cab961e834e996b57a3c820,"commit,pr,pr,pr,pr"
github:him2him2,him2him2,Ronald Eddy Jr,ffacfa4197b3e5faaf1880715b5ecf798de4e5fc085927fe9553eb04edf87b24,"commit,pr"
github:himabindugadupudi,himabindugadupudi,Himabindu Gadupudi,86266f64be637492120275e0062d5406566cb3b6bffb0132d54dd4a3232e65e3,commit
github:himanshupathakpwd,himanshupathakpwd,Himanshu Pathak,4214aea60598b05f06f9e403c3b46f4599c95e5800e339b6ccfbb5e6c02f28f5,"commit,pr"
github:himanshusoni,himanshusoni,Himanshu Soni,a7879c25c8503cc9b8883be7f90a5f8bbb205e143abbceade73bc4bf6d3614d0,"commit,pr,pr"
github:hirokith,hirokith,hirokith,,pr
github:hitabis,Hitabis,Hitabis GmbH,0965c01a853ab148da67620098516f822515d1a7e05519c9e2a752ae9d25ef5a,"commit,pr"
github:hkairi,hkairi,hkairi,,pr
github:hkjorgensen,hkjorgensen,Henrik Kok Jørgensen,4384da98d7d91f9d047cda58b8b6b4cc4840dd90098aff222760ac4bd8410e93,"commit,pr,pr"
github:hkusb,hkusb,hkusb,,pr
github:hl3hl3,hl3hl3,hl3hl3,5a59a4e358712b3db67931d7c771a75b30e1963eee9efaba2ffc738f732aae01,"commit,pr"
github:hlynurf,hlynurf,hlynurf,00b7e48ca2bdced383b77b932c76b5815b2d62ea97ebd0eedd1f356731cf69b3,"commit,pr"
github:hnager,hnager,hnager,,pr
github:hoangpeterd,hoangpeterd,Peter Hoang,ec9e0fc3f86b7040f38240c18a9e7ea3530bdb425696c8085826a758341abbdc,"commit,pr"
github:hobostay,hobostay,hobostay,8abc2eff166b77d972bc6374be16bf8d8bb5953590c655c9903d8d2322449294,"commit,pr"
github:hojason117,hojason117,hojason117,,pr
github:hollanderbart,hollanderbart,Bart den Hollander,f3026d76b0985811da56d112535c2fcc3616ab9b45b54a3a6eff5ddfda6c82d8,"commit,pr"
github:holmesal,holmesal,Alonso Holmes,61ea2ab8be87f380457a02c0c2f70e206c166b0e360a8bafad25cb704a17aa16,"commit,pr"
github:holmeshe,holmeshe,holmeshe,,pr
github:holyxiaoxin,holyxiaoxin,Jia Rong Lim,9d53c3f97786990b4589853063eddcacc5225601199144a141005d4a0e24e23f,"commit,pr,pr,pr"
github:homhomlin,HomHomLin,HomHomLin,,pr
github:honcon,honcon,honcon,,pr
github:hooddanielc,hooddanielc,Daniel Hood,8a3c61e2d7cfd273bd5a65248a4ccb4bea9dd087f003249f9f498d689d312f76,commit
github:hoodsy,hoodsy,Logan Bernard,47c2fff42ac894b8183fcd5c582c020e78e477ec2026018b25cb02b1992269bd,"commit,pr"
github:hoonjoo-park,hoonjoo-park,HoonJoo,15d34323ba31b49f08472baa193b0268457243dd4877065af43fed13853d1820,"commit,pr,pr"
github:hopha95,hopha95,hopha95,,pr
github:hosainnet,hosainnet,Hosain,9f205d99f7b2940e067d8865b7b688b690f72399c0d11286025e9e79331be1ff,"commit,pr"
github:hotchemi,hotchemi,hotchemi,,pr
github:hovox,hovox,hovox,c5add6062e087b1a6f1d3ba7cf32b4087703f046b725a68887bf1fab0fb79904,"commit,pr,pr"
github:howardtingting-coder,howardtingting-coder,howardtingting-coder,,pr
github:hoxyq,hoxyq,Ruslan Lesiutin,c4f367da831a0a0e1e52e5916cb85aee1927d7eab70b72aecbc6fdf6db452bfc,"commit,pr,pr,pr,pr,pr,pr,pr,pr,pr,pr,pr,pr,pr,pr,pr,pr,pr,pr,pr,pr,pr,pr,pr,pr,pr,pr,pr,pr,pr,pr,pr,pr,pr,pr,pr,pr,pr,pr,pr,pr,pr,pr,pr,pr,pr,pr,pr,pr,pr,pr,pr,pr,pr,pr,pr,pr,pr,pr,pr,pr,pr,pr,pr,pr,pr,pr,pr,pr,pr,pr,pr,pr,pr,pr,pr,pr,pr,pr,pr,pr,pr,pr,pr,pr,pr,pr,pr,pr,pr,pr,pr,pr,pr,pr,pr,pr,pr,pr,pr,pr,pr,pr,pr,pr,pr,pr,pr,pr,pr,pr,pr,pr,pr,pr,pr,pr,pr,pr,pr,pr,pr,pr,pr,pr,pr,pr,pr,pr,pr,pr,pr,pr,pr,pr,pr,pr,pr,pr,pr,pr,pr,pr,pr,pr,pr,pr,pr,pr,pr,pr,pr,pr,pr,pr,pr,pr,pr,pr,pr,pr,pr,pr,pr,pr,pr,pr,pr,pr,pr,pr,pr,pr,pr,pr,pr,pr,pr,pr,pr,pr,pr,pr,pr,pr,pr,pr,pr,pr,pr,pr,pr,pr,pr,pr,pr,pr,pr,pr,pr,pr,pr,pr,pr,pr,pr,pr,pr,pr,pr,pr,pr,pr,pr,pr,pr,pr,pr,pr,pr,pr,pr,pr,pr,pr,pr,pr,pr,pr,pr,pr,pr,pr,pr,pr,pr,pr,pr,pr,pr,pr,pr,pr,pr,pr,pr,pr,pr,pr,pr,pr,pr,pr,pr,pr,pr,pr,pr,pr,pr,pr,pr,pr,pr,pr,pr,pr,pr,pr,pr,pr,pr,pr,pr,pr,pr,pr,pr,pr,pr,pr,pr,pr,pr,pr,pr,pr,pr,pr,pr,pr,pr,pr,pr,pr,pr,pr,pr,pr,pr,pr,pr,pr,pr,pr,pr,pr,pr,pr,pr,pr,pr,pr,pr,pr,pr,pr,pr,pr,pr,pr,pr,pr,pr,pr,pr,pr,pr,pr,pr,pr,pr"
github:hramos,hramos,Héctor O. Ramos Ortiz,8fe1a76e878dd1a0e7e5d8b3e1c91462f42e46bbda24d8a278f82102e6e04a97,"commit,pr,pr,pr,pr,pr,pr,pr,pr,pr,pr,pr,pr,pr,pr,pr,pr,pr,pr,pr,pr,pr,pr,pr,pr,pr,pr,pr,pr,pr,pr,pr,pr,pr,pr,pr,pr,pr,pr,pr,pr,pr,pr,pr,pr,pr,pr,pr,pr,pr,pr,pr,pr,pr,pr,pr,pr,pr,pr,pr,pr,pr,pr,pr,pr,pr,pr,pr,pr,pr,pr,pr,pr,pr,pr,pr,pr,pr,pr,pr,pr,pr,pr,pr,pr,pr,pr,pr,pr,pr,pr,pr,pr,pr,pr,pr,pr,pr,pr,pr,pr,pr,pr,pr,pr,pr,pr,pr,pr,pr,pr,pr,pr,pr,pr,pr,pr,pr,pr,pr,pr,pr,pr,pr,pr,pr,pr,pr,pr,pr,pr,pr,pr,pr,pr,pr,pr,pr,pr,pr,pr,pr,pr,pr,pr,pr,pr,pr,pr,pr,pr,pr,pr,pr,pr,pr,pr,pr,pr,pr,pr,pr,pr,pr,pr,pr,pr,pr,pr,pr,pr,pr,pr,pr,pr,pr,pr,pr,pr,pr,pr,pr,pr,pr,pr,pr,pr,pr,pr,pr,pr,pr,pr,pr,pr,pr,pr,pr,pr,pr,pr,pr,pr,pr,pr,pr,pr,pr,pr,pr,pr,pr,pr,pr,pr,pr,pr,pr,pr,pr,pr,pr,pr,pr,pr,pr,pr,pr,pr,pr,pr,pr,pr,pr,pr,pr,pr,pr,pr,pr,pr,pr,pr,pr,pr,pr,pr,pr,pr,pr,pr,pr,pr,pr,pr,pr,pr,pr,pr,pr,pr,pr,pr,pr,pr,pr,pr,pr,pr,pr,pr,pr,pr,pr,pr,pr,pr,pr,pr,pr,pr,pr,pr,pr,pr,pr,pr,pr,pr,pr,pr,pr,pr,pr,pr,pr,pr,pr,pr,pr,pr,pr,pr,pr,pr,pr,pr,pr,pr,pr,pr,pr,pr,pr,pr,pr,pr,pr,pr,pr,pr,pr,pr,pr,pr,pr,pr,pr,pr,pr,pr,pr,pr,pr,pr,pr,pr,pr,pr,pr,pr,pr,pr,pr,pr,pr,pr,pr,pr,pr,pr,pr,pr,pr,pr,pr,pr,pr,pr,pr,pr,pr,pr,pr,pr,pr,pr,pr,pr,pr,pr,pr,pr,pr,pr,pr,pr,pr,pr,pr,pr,pr,pr,pr,pr,pr,pr,pr,pr,pr,pr,pr,pr,pr,pr,pr,pr,pr,pr,pr,pr,pr,pr,pr,pr,pr,pr,pr,pr,pr,pr,pr,pr,pr,pr,pr,pr,pr,pr,pr,pr,pr,pr,pr,pr,pr,pr,pr,pr,pr,pr,pr,pr,pr,pr,pr,pr,pr,pr,pr,pr,pr,pr,pr,pr,pr,pr,pr,pr,pr,pr,pr,pr,pr,pr,pr,pr,pr,pr,pr,pr,pr,pr,pr,pr,pr,pr,pr,pr,pr,pr,pr,pr,pr,pr,pr,pr,pr,pr,pr,pr,pr,pr,pr,pr,pr,pr,pr,pr,pr,pr,pr,pr,pr"
github:hrastnik,hrastnik,Mateo Hrastnik,768d748ada795deed073d035bada8b5b51976c2ff33ec42647ca956e9f2196ec,"commit,pr,pr,pr"
github:hromovp,hromovp,hromovp,,pr
github:hrp,hrp,Hiten Parmar,f9d19dc449c42ccbf3e4f84f100ad062f78ca1d600679e4728127f4fc8e9d4ee,commit
github:hryhoriik97,hryhoriiK97,hryhoriiK97,,pr
github:hsarukhanyan,hsarukhanyan,hsarukhanyan,,pr
github:hsatac,hSATAC,Ash Wu,3d503bfc94b2ddfa3ccca8826a92e484ddb885a2a1a7495a1296784f696b3cd1,"commit,pr"
github:hsjoberg,hsjoberg,Hampus Sjöberg,72df5fa91e897c2f81880fb7f3739f31003fd7e69b20bbbe515bacf52c736f47,"commit,pr,pr,pr"
github:hsource,hsource,Harry Yu,5a5994d8b5dd137ed8f01088280dc84f5c4bb0358df589d0dc5682a3c3183629,"commit,pr,pr,pr,pr,pr,pr,pr,pr,pr,pr"
github:hsousa,hsousa,Hugo Sousa,a7f2d56db404178a928569910f5700ac17c6f254844b6cdd5e979f96d462adf8,"commit,pr,pr"
github:hsraktu,HSRAKTU,HSRAKTU,,pr
github:hswolff,hswolff,Harry Wolff,eea3b952d5075968e5d20b2dffd9437f8024ddfb62e9f67d8e62d3b0828270c3,"commit,pr,pr,pr"
github:htpiv,htpiv,Harold Pratt,46986c2a8b9cec62fce84ef0b6791bac019c7b853a2f21f41c7c0a71dc77b95b,commit
github:httpnick,httpNick,httpNick,,pr
github:huang-libo,Huang-Libo,Huang-Libo,,pr
github:hubastard,hubastard,Hubert Gendron,f6a3d666ce966befa449a76779aef6bcb1a9ed65035c83902bfd8000be2a9520,"commit,pr,pr,pr"
github:hubconnect,hubConnect,hubConnect,,pr
github:hubertwang,hubertwang,hubertwang,,pr
github:huextrat,huextrat,huextrat,,pr
github:hufeng,hufeng,hufeng,,pr
github:hugabor,hugabor,Gábor Siffel,01a9526f4240c709d6a84ba97e017090bc253933c0d197c8a02b7655961ad36b,commit
github:huitsing,huitsing,Pete Huitsing,81843b71c75507c5a2e90874437d5eab462ba38705c95f0fdd0e45aa8108b0d9,"commit,pr"
github:humbertojuliao3,humbertojuliao3,humbertojuliao3,,pr
github:huntie,huntie,Alex Hunt,43dfdf2955d8c896e043889909068a238bc831665833ce78f2917523c7c1e50a,"commit,pr,pr,pr,pr,pr,pr,pr,pr,pr,pr,pr,pr,pr,pr,pr,pr,pr,pr,pr,pr,pr,pr,pr,pr,pr,pr,pr,pr,pr,pr,pr,pr,pr,pr,pr,pr,pr,pr,pr,pr,pr,pr,pr,pr,pr,pr,pr,pr,pr,pr,pr,pr,pr,pr,pr,pr,pr,pr,pr,pr,pr,pr,pr,pr,pr,pr,pr,pr,pr,pr,pr,pr,pr,pr,pr,pr,pr,pr,pr,pr,pr,pr,pr,pr,pr,pr,pr,pr,pr,pr,pr,pr,pr,pr,pr,pr,pr,pr,pr,pr,pr,pr,pr,pr,pr,pr,pr,pr,pr,pr,pr,pr,pr,pr,pr,pr,pr,pr,pr,pr,pr,pr,pr,pr,pr,pr,pr,pr,pr,pr,pr,pr,pr,pr,pr,pr,pr,pr,pr,pr,pr,pr,pr,pr,pr,pr,pr,pr,pr,pr,pr,pr,pr,pr,pr,pr,pr,pr,pr,pr,pr,pr,pr,pr,pr,pr,pr,pr,pr,pr,pr,pr,pr,pr,pr,pr,pr,pr,pr,pr,pr,pr,pr,pr,pr,pr,pr,pr,pr,pr,pr,pr,pr,pr,pr,pr,pr,pr,pr,pr,pr,pr,pr,pr,pr,pr,pr,pr,pr,pr,pr,pr,pr,pr,pr,pr,pr,pr,pr,pr,pr,pr,pr,pr,pr,pr,pr,pr,pr,pr,pr,pr,pr,pr,pr,pr,pr,pr,pr,pr,pr,pr,pr,pr,pr,pr,pr,pr,pr,pr,pr,pr,pr,pr,pr,pr,pr,pr,pr,pr,pr,pr,pr,pr,pr,pr,pr,pr,pr,pr,pr,pr,pr,pr,pr,pr,pr,pr,pr,pr,pr,pr,pr,pr,pr,pr,pr,pr,pr,pr,pr,pr,pr,pr,pr,pr,pr,pr,pr,pr,pr,pr,pr,pr,pr,pr,pr,pr,pr,pr,pr,pr,pr,pr,pr,pr,pr,pr,pr,pr,pr,pr,pr,pr,pr,pr,pr,pr,pr,pr,pr,pr,pr,pr,pr,pr,pr,pr,pr,pr,pr,pr,pr,pr,pr,pr,pr,pr,pr,pr,pr,pr,pr,pr,pr,pr,pr,pr,pr,pr,pr,pr,pr,pr,pr,pr,pr,pr,pr,pr,pr,pr,pr,pr,pr,pr,pr,pr,pr,pr,pr,pr,pr,pr,pr,pr,pr,pr,pr,pr,pr,pr,pr,pr,pr,pr,pr,pr,pr,pr,pr,pr,pr,pr,pr,pr,pr,pr,pr,pr,pr,pr,pr,pr,pr,pr,pr,pr,pr,pr,pr,pr,pr,pr,pr,pr,pr,pr,pr,pr,pr,pr,pr,pr,pr,pr,pr,pr,pr,pr,pr,pr,pr,pr,pr,pr,pr,pr,pr,pr,pr,pr,pr,pr,pr,pr,pr,pr,pr,pr,pr,pr,pr,pr,pr,pr,pr,pr,pr,pr,pr,pr,pr,pr,pr,pr,pr,pr,pr,pr,pr,pr,pr,pr,pr,pr,pr,pr,pr,pr,pr,pr,pr,pr,pr,pr,pr,pr,pr,pr,pr,pr,pr,pr,pr,pr,pr,pr,pr,pr,pr,pr,pr,pr,pr,pr,pr,pr,pr,pr,pr,pr,pr,pr,pr,pr,pr,pr,pr,pr,pr,pr,pr,pr,pr,pr,pr,pr,pr,pr,pr,pr,pr,pr,pr,pr,pr,pr,pr,pr,pr,pr,pr,pr,pr,pr,pr,pr,pr,pr,pr,pr,pr,pr,pr,pr,pr,pr,pr,pr,pr,pr,pr,pr,pr,pr,pr,pr,pr,pr,pr,pr,pr,pr,pr,pr,pr,pr,pr,pr,pr,pr,pr,pr,pr,pr,pr,pr,pr,pr,pr,pr,pr,pr,pr,pr,pr,pr,pr,pr,pr,pr,pr,pr,pr,pr,pr,pr,pr,pr,pr,pr,pr,pr,pr,pr,pr,pr"
github:hurali97,hurali97,hurali97,cff178f8979c3252ec29e2e351c2261fcd54a996d20239e65f65c8a768a9afa7,"commit,pr,pr,pr,pr,pr,pr,pr,pr,pr,pr,pr,pr,pr,pr,pr,pr,pr,pr"
github:hushizhi,hushizhi,hushizhi,,pr
github:husky-dev,husky-dev,Jaroslav Khorishchenko,9b924e960da7199fe084c9feded0f144c18bcd89e36d962e7f0e91669b64ca31,"commit,pr"
github:huxpro,Huxpro,Xuan Huang,d2694748d77cb2de2f8aca37598c21ae950e061020a1cc64dcce09cc045cde5e,"commit,pr,pr,pr"
github:huyanhh,HuyAnhh,Huyanh Hoang,ab10ba144f479de3830b11a5d605a292d37b9fd59b04492c647eb1b999e5277c,commit
github:huzaifaaak,huzaifaaak,huzaifaaak,,pr
github:huzhanbo1996,huzhanbo1996,huzhanbo.luc,4af94ae16dc1e3def7e14a77c2f32d86686e64a0fd06dd40a014265798c13abb,"commit,pr,pr,pr,pr,pr"
github:hverlind,hverlind,Hannes Verlinde,78ecd27ac8bfa8f531649293843b97297b2352cf88bca9b77fc346bd419795a9,commit
github:hwitsel,hwitsel,hwitsel,,pr
github:hxx,hxx,hxx,,pr
github:hycner,hycner,hycner,34f93d441e1ab7469ef2764ff2ee0735aea4a573bd6fa2a8ca92d801b657ccc4,"commit,pr"
github:hyochan,hyochan,hyochan,508a144e78806d6d3ad7cad51e26c75b2cfc0b4f867fa5ad44f3b847bf3e92cf,"commit,pr,pr,pr,pr"
github:hyoper,HyopeR,HyopeR,,pr
github:hypuk,Hypuk,Nurzhan Bakibayev,2c51dee1df34558e74584336820dc194ea93b31ff229708dbfefa1d86eb5639b,commit
github:hyra,Hyra,Hyra,,pr
github:hyugit,hyugit,hyugit,,pr
github:hyunchel,hyunchel,Hyunchel Kim,b0fdbf7df63b2492f67e98f9b09c633d5ea5737d524ec4f1be9301b532591879,"commit,pr"
github:hyunjongl,hyunjongL,Hyunjong Lee,5c2be6b4b62ffbf6e4eeb8dc2daacf25be6e5cf223a78d0b5e33c3f3a516cf2d,"commit,pr"
github:hzoo,hzoo,Henry Zhu,3aad5d14cb689d0d76808fa3a7f52a447a4409f0f3dfae80e908146bcfdb3bb7,"commit,pr,pr,pr"
github:hzxiaosheng,hzxiaosheng,hzxiaosheng,,pr
github:i1skn,i1skn,Ivan Sorokin,74ec59c330b4e83c04a1b08a28958494b0b4add8652b4a95eadae264a2578604,"commit,pr"
github:i8wu,i8wu,i8wu,,pr
github:iain-merrick-fanduel,iain-merrick-fanduel,iain-merrick-fanduel,,pr
github:ialaddin,iAladdin,iAladdin,,pr
github:iamabhi-916,iamAbhi-916,Abhijeet Jha,aa07fd82df3a5c367234e4d13a9e5c2bbc10aca57a7059bebb3addbce44ff8cb,"commit,pr,pr,pr"
github:iamdhj,iamdhj,iamdhj,,pr
github:iamdustan,iamdustan,iamdustan,,pr
github:iamolegga,iamolegga,iamolegga,,pr
github:iamsaadmehmood,iamsaadMehmood,iamsaadMehmood,,pr
github:iamulya,iamulya,iamulya,,pr
github:iamyy,iamyy,iamyy,,pr
github:ianchilds,IanChilds,Ian Childs,cc6e3b025f1ea826e5a7e3c6457e351f6e3fe05db91accb30ab49aa3b7f1e7f7,"commit,pr,pr"
github:ianlevesque,ianlevesque,Ian Levesque,993855a26c89b8d1e641d620bd59f03d5a280b89b11ebbf891dcaef9b1f90ff5,"commit,pr,pr"
github:ianlin,ianlin,ianlin,6ccf2354313a7b213eb577ec7f3fc4142b855ffd24b1b447c5c99a447ffca025,"commit,pr,pr,pr"
github:ianwang,ianwang,Ian Wang,20d792942e95c01c67b5b402659edbe85d5fe9f9977e696bdf0ce0e5a3e8458a,"commit,pr"
github:iaroslav-pavlov,iaroslav-pavlov,Yaroslav Pavlov,4d17a7737b9b5ec00c3b86a00b4c59af989c541bdd22ec3ef3928d45d307a864,commit
github:ibash,ibash,ibash,,pr
github:ibotpeaches,iBotPeaches,Connor Tumbleson,7d85f6b4671db0ab6f8efa800deffa68b3839b4ff4fba02fe057c408655a3396,"commit,pr,pr,pr,pr,pr"
github:iboxgithub,iboxgithub,iboxgithub,b99831c5bb2ff88bbc389337fb5b10dbe2f64103cdfc10396754906bda3d802d,"commit,pr"
github:ibrahimhajjaj,ibrahimhajjaj,ibrahimhajjaj,,pr
github:ibrahimmemonn,ibrahimmemonn,ibrahimmemonn,,pr
github:icehunter,Icehunter,Ryan Wilson,290b59999a29f27c6a352a5440c1f43d990f4ca51cfe03147a9ab23c578441af,"commit,pr"
github:icodethings,icodethings,icodethings,,pr
github:idancali,idancali,idancali,,pr
github:iday,iDay,iDay,,pr
github:ide,ide,James Ide,e85bf76c0962d89112280c37b48cc9c24475b115d03a31ebb1f16012af3cdc1e,"commit,pr,pr,pr,pr,pr,pr,pr,pr,pr,pr,pr,pr,pr,pr,pr,pr,pr,pr,pr,pr,pr,pr,pr,pr,pr,pr,pr,pr,pr,pr,pr,pr,pr,pr,pr,pr,pr,pr,pr,pr,pr,pr,pr,pr,pr,pr,pr,pr,pr,pr,pr,pr,pr,pr,pr,pr,pr,pr,pr,pr,pr,pr,pr,pr,pr,pr,pr,pr,pr,pr,pr,pr,pr,pr,pr,pr,pr,pr,pr,pr,pr,pr,pr,pr,pr,pr,pr,pr,pr,pr,pr,pr,pr,pr,pr,pr,pr,pr,pr,pr,pr,pr,pr,pr,pr,pr,pr,pr,pr,pr,pr,pr,pr,pr,pr,pr,pr,pr,pr,pr,pr,pr,pr,pr,pr,pr,pr,pr,pr,pr,pr,pr,pr,pr,pr,pr,pr,pr,pr,pr,pr,pr,pr,pr,pr,pr,pr,pr,pr,pr,pr,pr,pr,pr,pr,pr,pr,pr,pr,pr,pr,pr,pr,pr,pr,pr,pr,pr,pr,pr,pr,pr,pr,pr,pr,pr,pr,pr,pr,pr,pr,pr,pr,pr,pr,pr,pr,pr,pr,pr,pr,pr,pr,pr,pr,pr,pr,pr,pr,pr,pr,pr,pr,pr,pr,pr,pr,pr,pr,pr,pr,pr,pr,pr,pr,pr,pr,pr,pr,pr,pr,pr,pr,pr,pr,pr,pr,pr,pr,pr,pr,pr,pr,pr,pr,pr,pr,pr,pr,pr,pr,pr,pr,pr,pr"
github:ide-2,ide-2,Ian Elliott,01918a6661c2616aa9027b50faa626dd4f8216918e9ea88bc1f79d8d38394fd3,"commit,pr"
github:ideabits,ideabits,ideabits,,pr
github:idoma-developer,Idoma-developer,Idoma-developer,,pr
github:ieatfood,ieatfood,Kuba Holuj,9c0571f2c3c16061a9bd58a04e25ce7ddf4d7f6b3612ddbd971dd91158f2e5f6,"commit,pr,pr"
github:iebeau,ieBeau,ieBeau,,pr
github:iegik,iegik,iegik,,pr
github:ifsnow,ifsnow,ifsnow,803b0c74857e9b9351b8ece74e61ba4b03db67d41295baf36a89afeb0a094fff,"commit,pr,pr,pr,pr,pr,pr,pr,pr,pr"
github:ignacioola,ignacioola,Ignacio Olaciregui,908d3a726591bd80ea314daac434ef1b819f722f8f0ac73d2f466c2dec883e31,"commit,pr,pr,pr,pr,pr,pr,pr,pr,pr,pr,pr,pr"
github:ignigena,Ignigena,Albert Martin,76aefc9cbc147e35e799d325caf1edf349036132296070f95849ee790a485414,"commit,pr"
github:ignorancepulls,IgnorancePulls,IgnorancePulls,,pr
github:igorganapolsky,IgorGanapolsky,IgorGanapolsky,,pr
github:igorsugak,igorsugak,igorsugak,,pr
github:igrayson,igrayson,Ian Grayson,72726dfde4810177a64be12f97a9869dbdbdbd95c26135b79ea4a021c6612a7d,"commit,pr"
github:ihenshaw,ihenshaw,Ian Henshaw,af3da46cdadf516b279a117b170fb96701e15c29d3305e23521cae43e352f86f,"commit,pr"
github:iineva,iineva,Steven,a453e32ff1e14a2c6b619b630fceccf4f0932c46242ad51e57cb10542acf6d6e,"commit,pr"
github:ijzerenhein,IjzerenHein,Hein Rutjes,1cf1032d581093f7904288549aab344f32787622c2cb59075e4163f01ca70f0b,"commit,pr,pr,pr,pr,pr"
github:ikenwoo,ikenwoo,Ken Woo,4bbd08e90569591a0d47722593c7cc614ebc7a45e8356b53fe13914e2bc34341,commit
github:ikesyo,ikesyo,Sho Ikeda,e1723118fe76064df7e6859d92cc89ca3496beb2301e1666749a6cef71b62161,"commit,pr,pr,pr"
github:ikuyadeu,Ikuyadeu,Yuki Ueda,85c4127bac54a2763f34bc7b772608f63c379d659d0d20ba59af25c70275529c,"commit,pr"
github:ilanasufrin,ilanasufrin,ilanasufrin,,pr
github:iliapnmrv,iliapnmrv,iliapnmrv,,pr
github:iljadaderko,iljadaderko,Ilja Daderko,ac3ebbdb9c205365ca4d143304e257d532d5391a5ed025bf2cebb6c8235175de,commit
github:illicitonion,illicitonion,Daniel Wagner-Hall,89d7427f1c159010b23c4a3c0357b2f649708d0c0aeead953e9c92c2b6888443,commit
github:illu,Illu,Maxime Nory,d1c33c97e0d74e4d4c046efc928b5145d460e036fea62375a2cc091b8f9213b7,"commit,pr"
github:im-awesome-aadi,Im-awesome-Aadi,Im-awesome-Aadi,,pr
github:imagdy,iMagdy,Islam Magdy,75b8a450113d63b24ef0ea35d8d4e2497fa9d3895ce26dbf501e1e379450cc52,"commit,pr"
github:imaimiami,imaimiami,Takayuki Imai,847c736d8667ddc2445e3fa60b614b16eadc0ae04a55b3aaff2e1e0e3b3ed043,"commit,pr"
github:imalgrab,imalgrab,imalgrab,331d00ffa3baac636a6866d314eb4b57ffb59ad56666f47fbf3425daa5a7fa64,"commit,pr"
github:imdangerous,imDangerous,imDangerous,,pr
github:imgbotapp,ImgBotApp,ImgBotApp,,pr
github:imhunterand,imhunterand,ANDRI,7523cac44793b8aeab329bf9b72900c8175bea939c8d2273c5d3b305137a13aa,commit
github:inatonix,inatonix,inatonix,,pr
github:inc01449,INC01449,INC01449,,pr
github:indu127pal,indu127pal,indu127pal,,pr
github:ingridwang,ingridwang,ingridwang,,pr
github:innei,Innei,Innei,ef519e97ccb19d78bbcf219aa249af3598b60e714c3fe3554622030cec58986a,"commit,pr"
github:innerpeace080,InnerPeace080,InnerPeace080,bd7c683322bb15d02267a216239539cdd1faa69736e4dbb47fc12a5a8816dd87,"commit,pr"
github:inobelar,inobelar,Yurii Nakonechnyi,397815e0118ed1e5a8c3ba2fc00138a95c58a36452b1f1464a5b68aa76e6010c,commit
github:inokawa,inokawa,inokawa,9705f8d4e04ec35cf10e0323c1e39b6a5a38fba52330b4a133bcc025125e10f8,"commit,pr"
github:inseokhwang,inseokhwang,inseokhwang,,pr
github:intellicode,Intellicode,Tom Hastjarjanto,fea2b69a37d7840835bec6feb3ba3629467452476eebeeef2847af21bd9bc6f0,"commit,pr,pr"
github:intergalacticspacehighway,intergalacticspacehighway,nishan (o^▽^o),2310b2a332d8400d8a5ce4a5ecdd8be5742865644e7bf21fc4e1e5df942da726,"commit,pr,pr,pr,pr,pr,pr,pr,pr,pr,pr,pr,pr,pr,pr,pr,pr,pr,pr,pr,pr,pr,pr,pr,pr,pr,pr,pr,pr,pr,pr,pr,pr,pr,pr,pr,pr,pr,pr,pr,pr,pr,pr,pr,pr,pr,pr,pr,pr,pr,pr,pr,pr,pr,pr,pr,pr"
github:intmain,intmain,Jeansung Oh,21fdfdcf85f45aea2fd410471ce8fd08a6d4418ad10ee99f628220fd618a163a,"commit,pr,pr"
github:invalid-email-address,invalid-email-address,Your Name,53e6cdc30765aade0129f85e5aeb50124b1d3f5bb9a70373be31e4eb328371e0,commit
github:iovorobiev,iovorobiev,iovorobiev,,pr
github:iqbalfaisal,iqbalfaisal,iqbalfaisal,,pr
github:iqqmut,iqqmuT,Tuomas Jaakola,ef92c2c5e1de55cc8e1d65d87d88a5758d027429742400c4ee84926a2a714510,"commit,pr"
github:iragne,Iragne,Iragne,ba242eecfaa790d4bd0ecf4601b69a39d80ce257c558e00ec5f898e4048e6d6d,"commit,pr,pr,pr,pr,pr,pr"
github:irfaan,irfaan,irfaan,,pr
github:irfanwani,Irfanwani,Irfanwani,1027fb3ca4e8ae1d7b32b72bcaab4956281a3e7a890b7bbca38afc0df631a533,"commit,pr"
github:iroachie,iRoachie,Kyle Roach,c314a96c49b01a5766b9fbe83bcaba1a75f8d4c6cb711e3d492ad198d9eddfce,"commit,pr,pr,pr"
github:ironbcc,IronBCC,IronBCC,,pr
github:isa3bel,isa3bel,Isabel B,212b4ab9d115f463ba704c678558ca93053da448a973336a8ad8af4e0ce276a7,"commit,pr"
github:isaaclem,isaaclem,Isaac Lem,36688850a3777bb617c16ed735440e9ad9f3b5c357058cb58780a898ca4e3bee,"commit,pr"
github:isair,isair,Baris Sencan,432544d506f379b2f4204398b95206917b7ce32ddf6f8c2e8c800b39655e9d29,"commit,pr,pr"
github:isakdl,Isakdl,Isak Dunér,398cef44ae69452edc26e5ebe97c03a79198647d59bd7b673e80df036ca78170,"commit,pr"
github:isamisushi,isamisushi,yuyaohshimo,03e595d39b35a5e063e6541f30ec3e3d4cbb242e3bdd0c89b2288f518cdf43ff,"commit,pr"
github:iseektruth,ISeekTruth,言之刃有理,fc3ad21aacd347ea0d32dc3f06301475910d85865baf5c0549aa95511c98bf23,"commit,pr,pr,pr"
github:ish1416,ish1416,Ishita SIngh,2168a8fb62fce56a9ee1eba0592c444a06973a38afb8fd1efb5882e806d99bc1,"commit,pr,pr"
github:ishaan28malik,Ishaan28malik,Championrunner,5d2a991e36fe00f977c821223b0d1c7d068c4a0bea11e8c01dc021588b074106,"commit,pr,pr,pr"
github:ishaanbahal,ishaanbahal,ishaanbahal,,pr
github:ishikawa,ishikawa,Takanori Ishikawa,b53b49d14f4610e0b80947d73dec0c1f64cf8ded91890c433a8dc951de473132,"commit,pr"
github:isidoro98,isidoro98,isidoro98,,pr
github:iskenhuang,IskenHuang,Isken Huang,457652b86a3db361fd3683b3cfd7c5fb943a4ffb49a3622e6c918c6730f91845,"commit,pr"
github:islamrustamov,IslamRustamov,Islam,1dddcb5dd99b0e42725946be7e667530f81b7d2be20075a79b52588f22b4b02c,"commit,pr,pr,pr"
github:islandryu,islandryu,islandryu,bf0a1ee5324083e66aafed4e2a04b507a0d6f10ad2c47843ba886412e0f81b64,"commit,pr"
github:ismarbesic,ismarbesic,Ismar Besic,c82c5aefc462082a5b655748614286853b07efa84ca9114c99a91d5120ade527,"commit,pr,pr,pr"
github:isnifer,isnifer,Anton Kuznetsov,a55c176e3543876b4a5790abc39eba2b22279fe71d100e75839c9b2ca122ef83,"commit,pr"
github:isnotgood,isnotgood,isnotgood,,pr
github:ispeters,ispeters,Ian Petersen,459e50c88a31086631f11913430689de0cac74b8c6482ef5859da2fd18cafd41,commit
github:istarkov,istarkov,Ivan Starkov,f54cbb83143f3b7ddbb7f330edc50eda2cbf6bc7ea27aba0779fa65a3ba14996,"commit,pr"
github:istvanmakary,istvanmakary,istvanmakary,,pr
github:itamaro,itamaro,Itamar Ostricher,6a69a227a156f313372ba4fca0aa2533bc31cf13ef11d1ce46b16a4564da5783,commit
github:itinance,itinance,Hagen Hübel,4bdfaccd9eaf060eef8c7270c5dc5da7a255ee7f7393da0640847074bfcb96c5,"commit,pr"
github:itisparas,itisparas,itisparas,,pr
github:itouch2,itouch2,tuyou,6f79856263f62564cda26e6ca99099f417e3b89f5fcfd88b8a1cd3f8ceaab2f7,"commit,pr"
github:itoys,itoys,itoys,,pr
github:itsananderson,itsananderson,itsananderson,,pr
github:itsjohnward,itsjohnward,itsjohnward,,pr
github:itsramiel,itsramiel,itsramiel,,pr
github:itxch,itxch,itxch,562b409dd70162dee8d66ff6e38c8e290143468e7ed6fc2a98446609cf3e7199,"commit,pr"
github:iugo,iugo,iugo,,pr
github:ivan-ha,ivan-ha,Ivan Ha,6da204e6b38de371a6635dfef0387658eb0f5a302594e8a1188bc3d871178142,"commit,pr"
github:ivank,ivank,ivank,,pr
github:ivankobzarev,IvanKobzarev,Ivan Kobzarev,89297a25f7379429fd101626b1839ccb7572cc443d30c0b53ccbc3583f09cb16,"commit,pr"
github:ivanmoskalev,ivanmoskalev,Ivan Moskalev,156ad1519c32b8b97e214a0dce75588297b45a7aa74f8a66a987c3ccdeec107c,"commit,pr"
github:ivanpdigitalalchemist,ivanpdigitalalchemist,ivanpdigitalalchemist,cc5a593a72e3d40aa905d0699cda2f0f226a43acd6366af76e5c6e789491cf91,"commit,pr"
github:ivanshafran,IvanShafran,IvanShafran,,pr
github:ivanzotov,ivanzotov,Ivan Zotov,3b1491e85653dcf7a4eadf5be1e189b4e4f55c706f93be1eed8b4a949b007711,"commit,pr,pr,pr"
github:ivmarkov,ivmarkov,ivmarkov,a213d31a7ee96adca4f777724654d08bd8c8ca7f30a0eac3cdf2e60d43889bdd,"commit,pr"
github:ivnnv,ivnnv,ivnnv,,pr
github:ivpusic,ivpusic,ivpusic,,pr
github:iwater,iwater,iwater,d0454cff668f1b4ec6129e4262daa8f45eb5affc3fb14dd3fa6e415122f3aa8f,"commit,pr,pr"
github:iwoplaza,iwoplaza,Iwo Plaza,1ace1fbbfa129606fde0b402c9da0b850abfc4252b42691871d772f6b3d0ba4c,"commit,pr,pr,pr,pr,pr,pr,pr,pr,pr,pr,pr,pr,pr,pr,pr,pr,pr,pr,pr,pr,pr,pr,pr,pr,pr,pr,pr,pr,pr,pr,pr,pr,pr,pr,pr,pr,pr,pr,pr,pr,pr,pr,pr,pr,pr"
github:iyegoroff,iyegoroff,iyegoroff,c13a2eaf4bf07f6f6e16293777b2d972c1678068168ac323bcabdb43ddbdfca4,"commit,pr,pr,pr,pr"
github:izaakrogan,izaakrogan,izaakrogan,,pr
github:izadmehr,izadmehr,izadmehr,,pr
github:izueneh,IzuEneh,IzuEneh,6d025fb57d6d132ade6b5c34f0992a72ce613535f3efea9cab6a7e007761e0f2,"commit,pr"
github:j-bahr,j-bahr,Jeff Bahr,68f2d4a989e7fbeae67aa6c13990070de0686988ee7b8c314a99e358a3d7e6d3,"commit,pr,pr"
github:j-piasecki,j-piasecki,Jakub Piasecki,eca0b0fcb8884582219c773c9f194fa530421f91a25ba837dbf8c6ad2650160b,"commit,pr,pr,pr,pr,pr,pr,pr,pr,pr,pr,pr,pr,pr,pr,pr,pr,pr,pr,pr,pr,pr,pr,pr,pr,pr,pr,pr,pr,pr,pr,pr,pr,pr,pr,pr,pr,pr,pr,pr,pr,pr,pr,pr,pr,pr,pr,pr,pr,pr,pr,pr,pr,pr,pr,pr,pr,pr,pr,pr,pr,pr,pr,pr,pr,pr,pr,pr,pr,pr,pr,pr,pr,pr,pr,pr,pr,pr,pr,pr,pr,pr,pr,pr,pr,pr,pr,pr,pr,pr,pr,pr,pr,pr,pr,pr,pr,pr,pr,pr,pr,pr,pr,pr,pr,pr,pr,pr,pr,pr,pr,pr,pr,pr,pr,pr,pr,pr,pr,pr,pr,pr,pr,pr,pr,pr,pr,pr,pr,pr,pr,pr,pr,pr,pr,pr,pr,pr,pr,pr,pr,pr,pr,pr,pr,pr,pr,pr,pr,pr,pr,pr,pr,pr,pr,pr,pr,pr,pr,pr,pr,pr,pr,pr,pr,pr,pr,pr,pr,pr,pr,pr,pr,pr,pr,pr,pr,pr,pr,pr,pr,pr,pr,pr,pr,pr,pr,pr,pr,pr,pr,pr,pr,pr,pr,pr,pr,pr,pr,pr,pr,pr,pr,pr,pr,pr,pr,pr,pr,pr,pr,pr,pr,pr,pr,pr,pr,pr,pr,pr,pr,pr,pr,pr,pr,pr,pr,pr,pr,pr,pr,pr,pr,pr,pr,pr,pr,pr,pr,pr,pr,pr,pr,pr,pr,pr,pr,pr,pr,pr,pr,pr,pr,pr,pr,pr,pr,pr,pr,pr,pr,pr,pr,pr,pr,pr,pr,pr,pr,pr,pr,pr,pr,pr,pr,pr,pr,pr,pr,pr,pr,pr,pr,pr,pr,pr,pr,pr,pr,pr,pr,pr,pr,pr,pr,pr,pr,pr,pr,pr,pr,pr,pr,pr,pr,pr,pr,pr,pr"
github:j27cai,j27cai,Eric Jing Cai,549f9a417169adbf4297b32d8e1a085a3d99c04d65c74e89da6bfed931b61a1a,"commit,pr"
github:j2kun,j2kun,j2kun,,pr
github:jabbawookiees,jabbawookiees,Payton Yao,bd96961c5b5839279a32f46a1620f9d4d22a2b4123ac3361334a81a34f0b6840,"commit,pr"
github:jacdebug,jacdebug,Deepak Jacob,7c3724e2c2a54571531497ca229bcdda8d44153ef4bcdf9e04ab120df83db909,"commit,pr,pr,pr,pr,pr"
github:jacekpl,jacekpl,jacekpl,dafdb44d0df10a5befff2994b302ce949a576bcb460e06cafdbdef140606ed34,"commit,pr"
github:jackass0528,jackass0528,jackass0528,,pr
github:jackong,Jackong,Jackong,,pr
github:jackpope,jackpope,jackpope,,pr
github:jackwink,JackWink,Jack Wink,ec4d3ae0acbbe351ddb5ecd0c1203e268ebc392a41caa904375dddb7c7d1d491,"commit,pr"
github:jackyef,jackyef,jackyef,,pr
github:jacob-israel-turner,jacob-israel-turner,Jacob Turner,78dec61cda5f3f0dbf0ed4661e085590f9e3d1087c979ee2f8859bd3115be07b,"commit,pr,pr"
github:jacob-meacham,jacob-meacham,jacob-meacham,,pr
github:jacobp100,jacobp100,Jacob Parker,ed956a6bd3934850aa128cbb1b9cb3566070180b1c8b6202bba5558ac366b1f3,"commit,pr,pr,pr,pr,pr,pr,pr,pr,pr,pr,pr,pr,pr,pr,pr,pr,pr,pr,pr,pr,pr,pr,pr,pr"
github:jacobrosenthal,jacobrosenthal,Jacob Rosenthal,6dceaab88cc42d0f3e847d1899c8b3121db667dd3bc3b91868ae883f75051dc4,"commit,pr,pr"
github:jacquesleupin,JacquesLeupin,JacquesLeupin,,pr
github:jadbox,jadbox,jadbox,,pr
github:jaegs,jaegs,Benjamin Jaeger,8580a44cb00fee471bd97ee86fbca7de69e570cf1ab2e46e3c053f780e978901,commit
github:jafar-jabr,jafar-jabr,jafar-jabr,,pr
github:jaggs6,jaggs6,Jagdeep Nagpal,fbcdce64d3296aee972ddcbe5fab66b9363db9664844cbbb77a6bbfa0e81c63b,"commit,pr,pr,pr"
github:jainkuniya,jainkuniya,jainkuniya,e8b7b5f9c5a383f399bdecb53aacf68ed6bb46d5e000f2c6882c94ceead929c0,"commit,pr,pr,pr,pr,pr,pr,pr,pr,pr"
github:jajanut,jajanut,Jiamin Zhu,409839a2ddcfa29ec73183cea396de884bee2aacc58964dc84d26c533a28667f,commit
github:jakeboone02,jakeboone02,Jake Boone,243e4d9d6092a18184161c1ab5bb38fdfe16dea585efa58c0433d7ac74978dad,"commit,pr,pr"
github:jakedawkins,JakeDawkins,Jake Dawkins,41531f1ac062494765f4b02cdc5eaf20c1c77314bfefb9e812ad73777c071326,"commit,pr"
github:jakejimenez,jakejimenez,jakejimenez,,pr
github:jakerawr,JakeRawr,Tsung Han (Jake) Yang,9e2b6d1eb33181c2f4ae98966bcdc488ae2083509d90ea73f329868fdf937018,"commit,pr,pr"
github:jakex7,jakex7,Jakub Grzywacz,263cbcff61fe626d2c03f1ca0f447e9783fd12138d6dd4051ad5dfb3db3d4ef4,"commit,pr,pr,pr,pr,pr,pr,pr"
github:jakobfelixjulius,JakobFelixJulius,Jakob Felix Julius Sudau,05dd8863ffcc4de07e48e27c3f0415631ff0160d9d90ca98e62b62580bcf2fcd,"commit,pr"
github:jakoblorz,jakoblorz,jakoblorz,,pr
github:jakub-trzebiatowski,jakub-trzebiatowski,Jakub Trzebiatowski,0fdd3bbb3fa3a3373e042234c9c06a66cef0eea66a39b07c14f6e15ac296909e,"commit,pr,pr,pr,pr,pr,pr,pr,pr,pr,pr,pr,pr,pr,pr,pr,pr,pr"
github:jakubkinst,jakubkinst,jakubkinst,,pr
github:jamesfzhang,jamesfzhang,James Zhang,4938fa3dc60a7f5ca9238b4cb55ee195bd64b208570796304d9fe52e489e65ae,"commit,pr,pr"
github:jamesgeorge007,jamesgeorge007,James George,0f38f89f760cc657496bf24434d88e1aedd1723f19f8ec1c6243b34719039b72,"commit,pr"
github:jamesgpearce,jamesgpearce,James Pearce,57cebea85ea0b0f76dabe57d2ae86d3077685708ad961d70223eecfc88d11fe1,"commit,pr"
github:jameshen17,jameshen17,Jameshen17,3e93f6398891949ba5ea6cd5179d5d3928cc9ad96e5437c30762d5f100276107,"commit,pr,pr,pr"
github:jamesisaac,jamesisaac,James Isaac,54a4355d8b6a048c87939002b2bd4bcee1ea3efe106a650b85ec2f4ba2388ff5,"commit,pr,pr,pr,pr"
github:jamesreggio,jamesreggio,James Reggio,2f930ee34a1b6ff00feefa9466e8f6ceebac6c0b94c8286b311e2f251fdf38e7,"commit,pr,pr,pr,pr,pr,pr,pr,pr,pr,pr,pr"
github:jamezmoran,jamezmoran,jamezmoran,,pr
github:jamiboym,jamiboym,Jamiboy Mohammad,1304889c5783a2f9392eb9f2b9274bd3aef9f86bff03bfa567da9eaf76981f84,commit
github:jamiewang1234,JamieWang1234,JamieWang1234,,pr
github:jamonholmgren,jamonholmgren,Jamon Holmgren,f86f5ab9f4140372cb504f9fa877fc6a98cea936e1555359e12096ce487766d7,"commit,pr"
github:jamoreira,jamoreira,jamoreira,,pr
github:jamsch,jamsch,jamsch,be0419b1c62a20e2e82acc7924be6b83b4d72d9f362a82e20d7027b2a482f97a,"commit,pr,pr"
github:janczer,janczer,janczer,dfb564b758a0760984b5d44d6a67fb8318847f1fe4e3c878beaac9a5227a45fc,"commit,pr"
github:janeli-100005636499545,janeli-100005636499545,Jane Li,d67af88530ca8fec5fc5a762e44072021f399fc7cf99a12697376988201dbb0a,"commit,pr,pr,pr,pr,pr,pr,pr,pr,pr,pr,pr,pr"
github:janicduplessis,janicduplessis,Janic Duplessis,f43513c2530b3bc9bec601b19c5fa9d54c99feaf0c472151a99d7fb59d664ef2,"commit,pr,pr,pr,pr,pr,pr,pr,pr,pr,pr,pr,pr,pr,pr,pr,pr,pr,pr,pr,pr,pr,pr,pr,pr,pr,pr,pr,pr,pr,pr,pr,pr,pr,pr,pr,pr,pr,pr,pr,pr,pr,pr,pr,pr,pr,pr,pr,pr,pr,pr,pr,pr,pr,pr,pr,pr,pr,pr,pr,pr,pr,pr,pr,pr,pr,pr,pr,pr,pr,pr,pr,pr,pr,pr,pr,pr,pr,pr,pr,pr,pr,pr,pr,pr,pr,pr,pr,pr,pr,pr,pr,pr,pr,pr,pr,pr,pr,pr,pr,pr,pr,pr,pr,pr,pr,pr,pr,pr,pr,pr,pr,pr,pr,pr,pr,pr,pr,pr,pr,pr,pr,pr,pr,pr,pr,pr,pr,pr,pr,pr,pr,pr,pr,pr,pr,pr,pr,pr,pr,pr,pr,pr,pr,pr,pr,pr,pr,pr,pr,pr,pr,pr,pr,pr,pr,pr,pr,pr,pr,pr,pr,pr,pr,pr,pr,pr,pr,pr,pr,pr,pr,pr,pr,pr,pr,pr,pr,pr,pr,pr,pr,pr,pr,pr,pr,pr,pr,pr,pr,pr,pr,pr,pr,pr,pr,pr,pr,pr,pr,pr,pr,pr,pr,pr,pr,pr,pr,pr,pr,pr,pr,pr,pr,pr,pr,pr,pr,pr,pr,pr,pr,pr,pr,pr,pr,pr,pr,pr,pr,pr,pr,pr,pr,pr,pr,pr,pr,pr,pr,pr,pr,pr,pr,pr,pr,pr,pr,pr,pr,pr,pr,pr,pr,pr,pr,pr,pr,pr,pr,pr,pr,pr,pr,pr,pr,pr,pr,pr,pr,pr,pr,pr,pr,pr,pr,pr,pr,pr,pr,pr,pr,pr,pr,pr,pr,pr,pr,pr,pr,pr,pr,pr,pr,pr,pr,pr,pr,pr,pr,pr,pr,pr,pr,pr,pr,pr,pr,pr,pr,pr,pr,pr,pr,pr,pr,pr,pr,pr,pr,pr,pr,pr,pr,pr,pr,pr,pr,pr,pr,pr,pr,pr,pr,pr,pr,pr,pr,pr,pr,pr,pr,pr,pr"
github:janithl,janithl,Janith Leanage,0e3d21bead3ad952cc9da9da593e55d59b2e15eb9f1f4a8d38d26fa469ff9c27,"commit,pr"
github:janjs,Janjs,Jan Jiménez Serra,c9eaf1332eab65e476f3b3a8c3c38c9e1f0493717d70542be3f877ae6fb5dfeb,"commit,pr"
github:jankalfus,jankalfus,Honza Kalfus,f1ea5c2bc7b72c2049a378de14590d845f3b856140435a2e59438f9b093fca0b,"commit,pr"
github:jankosecki,jankosecki,jankosecki,,pr
github:janmonschke,janmonschke,Jan Monschke,dfa20fb908e7d4bf43096e29f17406ce9560793e13bdd18c163a582b754d9dbd,"commit,pr,pr,pr"
github:janneo,janneo,janneo,,pr
github:janondrusek,janondrusek,janondrusek,,pr
github:janpe,janpe,janpe,,pr
github:januswel,januswel,Takagi Kensuke,0c6509aa8abdef3bb3c05455737070276f57cb1a7598ee7b091b4b64904e2625,"commit,pr,pr,pr,pr"
github:jarede-dev,jarede-dev,jarede-dev,,pr
github:jaredly,jaredly,Jared Forsyth,61f5256c06f81ac7edbf936f0f894425db479d7c060987f39f64dc9e0e020322,"commit,pr,pr,pr"
github:jareks,jareks,Jarosław Skrzypek,91440f27c515cafdd44edb78b19fcf3b69cb9423adde4a81f31e6da14937c217,"commit,pr"
github:jarvisluong,jarvisluong,jarvisluong,,pr
github:jarwino,jarwino,jarwino,,pr
github:jasekiw,jasekiw,jasekiw,,pr
github:jason9693,jason9693,jason9693,,pr
github:jasonals,jasonals,Jason Als,134302b74e086b77f34e40ac9aafa2d188ce8b329804118c3eaa7b4540fc3955,"commit,pr,pr"
github:jasongaare,jasongaare,Jason Gaare,2acc130a3383f25487dfb4aedb551927544898bad91136b24c85f6d890ca4513,"commit,pr"
github:jasonhorine,JasonHorine,JasonHorine,,pr
github:jasonnoahchoi,jasonnoahchoi,Jason Noah Choi,45ab8fc107203ce79ef32f5cbab50a9fb2d4122ab611984e966aa62b09a2ef2b,"commit,pr"
github:jasssonpet,jasssonpet,Jason Zhekov,25b4522895f289f07dd88d03717bcd0b43075f69f1e3a22aa86afb1d9413710f,"commit,pr"
github:jastanton,JAStanton,Jonathan Stanton,77b162b079e79837e3098ef494e86cd24661f5c047cf4e2efa4193ffa072db98,"commit,pr,pr,pr,pr,pr"
github:jatindream11,JatinDream11,JatinDream11,fa43f759406680f8616eff8f20705ccb19c52726db6ea2ca1c9ca4e3276a745e,"commit,pr"
github:jato,jato,jato,ab6c0c66a1a10e325dc340cbf4d780525a24cf35aae5e77f0f4b9b4155c07808,"commit,pr"
github:jaulz,jaulz,Julian Hundeloh,2446fc835d1c5152f417f7c65b2962e93084fa2aee78693370aabd7cfdf7fd8e,"commit,pr"
github:javache,javache,Pieter De Baets,1c0b96b52abd60c31ca7166706f2c68f3b548a19f18bbad45b4d22ebb1f9f8f4,"commit,pr,pr,pr,pr,pr,pr,pr,pr,pr,pr,pr,pr,pr,pr,pr,pr,pr,pr,pr,pr,pr,pr,pr,pr,pr,pr,pr,pr,pr,pr,pr,pr,pr,pr,pr,pr,pr,pr,pr,pr,pr,pr,pr,pr,pr,pr,pr,pr,pr,pr,pr,pr,pr,pr,pr,pr,pr,pr,pr,pr,pr,pr,pr,pr,pr,pr,pr,pr,pr,pr,pr,pr,pr,pr,pr,pr,pr,pr,pr,pr,pr,pr,pr,pr,pr,pr,pr,pr,pr,pr,pr,pr,pr,pr,pr,pr,pr,pr,pr,pr,pr,pr,pr,pr,pr,pr,pr,pr,pr,pr,pr,pr,pr,pr,pr,pr,pr,pr,pr,pr,pr,pr,pr,pr,pr,pr,pr,pr,pr,pr,pr,pr,pr,pr,pr,pr,pr,pr,pr,pr,pr,pr,pr,pr,pr,pr,pr,pr,pr,pr,pr,pr,pr,pr,pr,pr,pr,pr,pr,pr,pr,pr,pr,pr,pr,pr,pr,pr,pr,pr,pr,pr,pr,pr,pr,pr,pr,pr,pr,pr,pr,pr,pr,pr,pr,pr,pr,pr,pr,pr,pr,pr,pr,pr,pr,pr,pr,pr,pr,pr,pr,pr,pr,pr,pr,pr,pr,pr,pr,pr,pr,pr,pr,pr,pr,pr,pr,pr,pr,pr,pr,pr,pr,pr,pr,pr,pr,pr,pr,pr,pr,pr,pr,pr,pr,pr,pr,pr,pr,pr,pr,pr,pr,pr,pr,pr,pr,pr,pr,pr,pr,pr,pr,pr,pr,pr,pr,pr,pr,pr,pr,pr,pr,pr,pr,pr,pr,pr,pr,pr,pr,pr,pr,pr,pr,pr,pr,pr,pr,pr,pr,pr,pr,pr,pr,pr,pr,pr,pr,pr,pr,pr,pr,pr,pr,pr,pr,pr,pr,pr,pr,pr,pr,pr,pr,pr,pr,pr,pr,pr,pr,pr,pr,pr,pr,pr,pr,pr,pr,pr,pr,pr,pr,pr,pr,pr,pr,pr,pr,pr,pr,pr,pr,pr,pr,pr,pr,pr,pr,pr,pr,pr,pr,pr,pr,pr,pr,pr,pr,pr,pr,pr,pr,pr,pr,pr,pr,pr,pr,pr,pr,pr,pr,pr,pr,pr,pr,pr,pr,pr,pr,pr,pr,pr,pr,pr,pr,pr,pr,pr,pr,pr,pr,pr,pr,pr,pr,pr,pr,pr,pr,pr,pr,pr,pr,pr,pr,pr,pr,pr,pr,pr,pr,pr,pr,pr,pr,pr,pr,pr,pr,pr,pr,pr,pr,pr,pr,pr,pr,pr,pr,pr,pr,pr,pr,pr,pr,pr,pr,pr,pr,pr,pr,pr,pr,pr,pr,pr,pr,pr,pr,pr,pr,pr,pr,pr,pr,pr,pr,pr,pr,pr,pr,pr,pr,pr,pr,pr,pr,pr,pr,pr,pr,pr,pr,pr,pr,pr,pr,pr,pr,pr,pr,pr,pr,pr,pr,pr,pr,pr,pr,pr,pr,pr,pr,pr,pr,pr,pr,pr,pr,pr,pr,pr,pr,pr,pr,pr,pr,pr,pr,pr,pr,pr,pr,pr,pr,pr,pr,pr,pr,pr,pr,pr,pr,pr,pr,pr,pr,pr,pr,pr,pr,pr,pr,pr,pr,pr,pr,pr,pr,pr,pr,pr,pr,pr,pr,pr,pr,pr,pr,pr,pr,pr,pr,pr,pr,pr,pr"
github:javierbyte,javierbyte,Javier Bórquez,86da869a0ae4232ab5de2f6fe5d1d38300b878bf42c0f6d0a8fa942f56c4a49a,"commit,pr,pr"
github:javiercr,javiercr,javiercr,,pr
github:javierhdez3,javierhdez3,Javier Hernández,290865c978199a1807a7f74b515aeb563731698a8ee1a08926a04e7f4d67370c,"commit,pr"
github:jaworek,jaworek,Jan Jaworski,b16900336e78a2778206dfd76bfe64ba96ce3cb0f9e834663b8c20173599797e,"commit,pr"
github:jaychsu,jaychsu,Jaych Su,686a9cf7112ad6795a433c78a2bd11484b9e457ff2b7aa360bacc5385e6b39ee,"commit,pr"
github:jaydev25,jaydev25,jaydev25,,pr
github:jayelpo,JayElPo,JayElPo,,pr
github:jayesh15111988,jayesh15111988,Jayesh Kawli,841a3d475cb2d869e6f86f29eb06fc0b75437038098530d17bafc6624330c651,commit
github:jaygarcia,jaygarcia,Jay Garcia,0867680c92d1eca3b7c735e0163689668d32140cd36c1ec60d6caf8abb606cab,"commit,pr,pr,pr,pr,pr"
github:jaygooby,jaygooby,Jay Caines-Gooby,35b34f6bac74a08899a9623a449cf00bdea557d903218014e93d4e3099b56483,"commit,pr"
github:jayphelps,jayphelps,Jay Phelps,deffd7f0bd72e46cadda04b24e33ec1c51b6983126a9baae209603a16d79dba7,"commit,pr,pr"
github:jaysalvat,jaysalvat,Jay Salvat,1c702ef2a65f23fb467c0d582a512987020b1d7c28165824ad9c4553dab2f8ca,"commit,pr"
github:jayshah123,jayshah123,jayshah,a694c5820fc245bbf4234149effaf7a629c561a2a5df92d8f9457b6af431824d,"commit,pr,pr,pr,pr"
github:jaysoo,jaysoo,Jack Hsu,df5a635f02c768ee0270d027d4dcce1cd928ece3cf8fb0019ba1080a4dc10c83,"commit,pr,pr,pr"
github:jballer,jballer,Jonathan Ballerano,cf2eb75dd56ddfa8eb1e1b50a6f43fe09269708da94590a041258d79e4b2287a,"commit,pr,pr"
github:jbaumbach,jbaumbach,jbaumbach,,pr
github:jberdine,jberdine,Josh Berdine,5cc4ac315b05711574a3135e3978bf0a7fd337965cbd2db0dee14817e406a6d1,commit
github:jblarriviere,jblarriviere,Jean-Baptiste LARRIVIERE,dc26014669c598616c944aae42665f5b16c2e5367449861e91948569cf6d9ebe,"commit,pr,pr"
github:jbower-fb,jbower-fb,Jacob Bower,53eeba7b9b9e9bc71125a4775c09f0d989b9a17b13324ff1e4fcad7e2ef31ef7,commit
github:jbroma,jbroma,Jakub Romanczyk,fa32ee278a9af75bfe6d99a774c60562d4496a4a7438d03f43eef2b0f3fa781c,"commit,pr,pr,pr,pr,pr"
github:jbrown215,jbrown215,Jordan Brown,c8d3a4dfa3166e20eedfdd0424a9f35b9e33b4463c1c57106420beea94736763,"commit,pr,pr,pr,pr,pr"
github:jbttn,jbttn,jbttn,,pr
github:jcarreiro,jcarreiro,Jason Carreiro,68e0876a2aae556dc1101d203c8e765e9848cb57455b76a634e371184e07366b,commit
github:jcarver989,jcarver989,Josh Carver,685e80fefd806b0c4ad2e9fc18e694c8afdb3e39eadedd1113a19b0f367c4bb0,"commit,pr"
github:jcdhlzq,jcdhlzq,jcdhlzq,2af67879739907cab9c815592564ddbab1a6fcf9571ba7ffe0ec085ced4b7e1d,"commit,pr,pr,pr,pr,pr,pr,pr"
github:jcgertig,jcgertig,jcgertig,dde76cc11f5dc8838e284dd1cf35870cce7e23102abf5c445272e0fc4cdf3d79,"commit,pr"
github:jcity,jcity,jcity,,pr
github:jcouyang,jcouyang,Jichao Ouyang,53e9d19aee46864ecf2cb911c1261fc77ff062af2cb72a0eb3d04062a66fe8e1,"commit,pr"
github:jcubic,jcubic,jcubic,,pr
github:jcurtis,jcurtis,Jamie Curtis,51771a2960f8e6a5fef60d4ddd1bc798cb28017061edebfa63fbcb74279425ea,"commit,pr"
github:jd1378,jd1378,jd1378,,pr
github:jd327,jd327,jd327,,pr
github:jdcc2,jdcc2,jdcc2,,pr
github:jdeff,jdeff,Jayme Deffenbaugh,0cd78cc926d95b399c781930d6be74186278b2d567d151ed29d6bf0c2c73736a,"commit,pr,pr"
github:jdeppen,jDeppen,JSON Deppen,6737f6aa98c02b8769a570c6aac1aa9015424e214d8fd328b743b7fe6399d2b6,"commit,pr,pr"
github:jdmathew,JDMathew,JDMathew,ff7002260929e4f7101d28e5355cd7f3b0f91bbbb2e757293b678047547f3425,"commit,pr,pr"
github:jdmg94,jdmg94,jdmg94,,pr
github:jdmunro,jdmunro,James Munro,ab3f12ac1c8072a571ac698bb3c9b169ef54a104f55333d2ce1bf47fe25a3488,"commit,pr"
github:jdnichollsc,jdnichollsc,jdnichollsc,,pr
github:jdonald,jdonald,James Donald,750a9f699ce3e4782c0df391c731117b61e412da4d06b47b7e2cf85bc572a1c7,commit
github:jdstraughan,JDStraughan,JDStraughan,,pr
github:jdthomas,jdthomas,Jeff Thomas,a99903c80957c7eec2c9335644920be742623f6d955d00b8d990a2a9fe1e0721,commit
github:jeanbza,jeanbza,Jean de Klerk,08818297663515b69e124e2b15885463a7a3b7c9a8275435784b0ebb79c4afd3,"commit,pr"
github:jeanlauliac,jeanlauliac,jeanlauliac,,pr
github:jeanregisser,jeanregisser,Jean Regisser,b166e8484b63360b6c3d1b39f39e91050abcc344b41fb9e3ed4e79dd0524068a,"commit,pr,pr,pr,pr,pr,pr,pr,pr,pr,pr,pr,pr,pr,pr,pr,pr,pr,pr,pr,pr"
github:jedlau,jedlau,Jed Lau,787f4fc410f07eb620303f97d37b30b0af114664b4eee3e5ee38e7d9ed265f7b,"commit,pr,pr,pr"
github:jedwatson,JedWatson,JedWatson,,pr
github:jeffberry,jeffberry,jeffberry,,pr
github:jeffbowen,jeffbowen,Jeff Bowen,4107686156e28d1787ae34922adeb10910bd6335fb4eaabb713b151a2be6c55f,"commit,pr"
github:jeffchienzabinet,jeffchienzabinet,Jeff Chien,8896929d5d9466556a7ddcfd14517a2a67506a4556a87549ebacec53f635109a,"commit,pr"
github:jeffgukang,JeffGuKang,Jeff kang,c7d131b6f20beaa20f53e4fe91794f2101b6a32808ddc6a40b9b227252f29461,"commit,pr"
github:jeffmo,jeffmo,Jeff Morrison,c814fee69486018ad6e0e70a8b281d23646cdc991040daab82c54bd1b9352fd1,commit
github:jeffrey-beauchamp,jeffrey-beauchamp,Jeffrey Beauchamp,36aac2dd3cc8702308e839fdc0df73c15dc545d868698e1a07fa110cba54d456,commit
github:jeffreyhyer,JeffreyHyer,Jeffrey Hyer,9a211452c31b4b31a72d4849d3120f2250808fcb991fefd91da7da6cdbd7106e,"commit,pr"
github:jehartzog,jehartzog,Eric Hartzog,ef899f1624f310d9d23efe50b9a4a6448de5d8bd619cf252c5f711b626121d1b,commit
github:jekiwijaya,Jekiwijaya,Jacky Wijaya,600c04cd42f6e78a1cf62d0cc26803b4ece720762ca9f9a6d777674e2756f0cd,"commit,pr"
github:jellevandenhooff,jellevandenhooff,jellevandenhooff,,pr
github:jemise111,jemise111,Jesse Sessler,8375ad90893b1cc9a809e5ef82875fd45ff857c5d571c86029bfa814bfd46119,"commit,pr,pr,pr,pr"
github:jenlindsay,JenLindsay,JenLindsay,7bc1be84b7414aa1f9e5cec40c8e7c088d03ff348e273098ae971ef00368329b,commit
github:jeongjuwon,jeongjuwon,jeongjuwon,,pr
github:jeongshin,jeongshin,Jerry,4489f453038238f1bc8218e316ac8361bf60b09d1d72d14ef0de799dec116783,"commit,pr,pr,pr,pr"
github:jephuff,Jephuff,Jephuff,,pr
github:jeremistadler,jeremistadler,Jeremi Stadler,1c15878b635b54f0fa96ef073117ef417736f98600a0f6667c48bea96442f6b8,"commit,pr,pr,pr"
github:jeremybarbet,jeremybarbet,Jérémy Barbet,1542fb42e65d21550a9edd716c082a090803d484fe81bb27f2b548a36a970100,"commit,pr,pr,pr,pr"
github:jeremymeng,jeremymeng,jeremymeng,,pr
github:jeremyong,jeremyong,jeremyong,,pr
github:jeremyruppel,jeremyruppel,jeremyruppel,,pr
github:jermerylicode,JermeryLiCode,JermeryLiCode,,pr
github:jeroennelen,JeroenNelen,JeroenNelen,,pr
github:jerry-b,jerry-b,jerry-b,,pr
github:jerson,jerson,jerson,,pr
github:jesperjohansson,jesperjohansson,jesperjohansson,,pr
github:jessebwr,jessebwr,jessebwr,,pr
github:jesseluo,jesseluo,Jesse Luo,a3ebafaa29868073c0a97d61f93165128ff5b127975811d8d1bddddef5c216a3,"commit,pr,pr"
github:jessep,jessep,jessep,,pr
github:jesseruder,jesseruder,Jesse Ruder,b89f2d5871d40f53ab803c337710846710a1539d64feb644009a5750a7be14c2,"commit,pr,pr"
github:jeswinsimon,jeswinsimon,jeswinsimon,356d36342645dfaa7cab704c339b9cdaa3b398132659d441c2d3421a9b1de0ab,"commit,pr,pr,pr,pr,pr,pr,pr,pr,pr,pr,pr"
github:jetzhliu,jetzhliu,Liu Zhanhong,962dbaed3cb8030fe7338679a3d29e6e73018d79b0e2cf720691a43fc6eb9c62,"commit,pr,pr,pr,pr"
github:jevakallio,jevakallio,Jani Eväkallio,ed5b57b7e7e11317c16f1e1d5c893df3e68af50bb8026d846726f7ca90f8455c,"commit,pr,pr,pr,pr,pr"
github:jfraire11,jfraire11,Javier Fraire,77bd555ffc636f3b0fdcad82a2f2d27d014705d7f71cecafa38faad0669887ff,commit
github:jfrolich,jfrolich,jfrolich,,pr
github:jgable,jgable,Jacob Gable,4db317964eb45d40648a21437d862a9eac02a61dfc311b62a97b57aab6320ff0,"commit,pr"
github:jgibbons,jgibbons,jgibbons,,pr
github:jgkiano,jgkiano,jgkiano,,pr
github:jgkim,jgkim,jgkim,,pr
github:jgonet,jgonet,Jakub,5efe3bf63c96efc6a487d106caf3a47795168c8d4a78ab8b27b431a291228085,"commit,pr"
github:jgreen01,jgreen01,jgreen01,,pr
github:jgreen01su,jgreen01su,jgreen01su,,pr
github:jgryko5,jgryko5,Jakub Gryko,c30d029c06619c4a2646c1a0bf798c4e2d691b54e0fd0714e6763b53b1235c91,"commit,pr"
github:jhampton,jhampton,Jeff Hampton,828037cc8dfe3d81ec96626a01fdc6406e13ca3bc59885e666b9c439de879bd0,"commit,pr,pr"
github:jhargreaves-spec,jhargreaves-spec,Josh Hargreaves,f52660060be163ebd1ae19f3210db0af9237da1e2458325d88a714bd49bbf96d,commit
github:jhen0409,jhen0409,Jhen-Jie Hong,1535ea725015c14a460fae2c4578e407caa37fadb804fe8345d95761c389a7ed,"commit,pr,pr,pr,pr,pr,pr,pr,pr,pr,pr,pr,pr,pr,pr,pr,pr,pr"
github:jhgg,jhgg,Jake,eec7087a90a6d26f8ae10ada918f3cb8566ae283219e022528f0b30f6d1ed0d0,"commit,pr"
github:jhilden,jhilden,Jakob Hilden,6b8808c8c0a6d45f690c180ecee1482602c7d711b38be56b50edbf89d7a9c359,"commit,pr"
github:jhristu,jhristu,jhristu,,pr
github:jiangpenggithub,jiangpenggithub,jiangpenggithub,,pr
github:jiangqqlmj,jiangqqlmj,jiangqqlmj,,pr
github:jiawei-lyu,jiawei-lyu,Jiawei Lü,9e7e3e2a939619cebcd0b6622595c57e63caa2b64500a24385d5ae6d563f7b8c,"commit,pr,pr,pr"
github:jiazheng,jiazheng,kvg452@sina.com,58807f4c4563417bf08213b82ce0be49c487607b218b1e76ee279bc27ad27ace,"commit,pr"
github:jiggag,jiggag,jiggag,bfa268cb490bed73bff5a2445bc0fd9b4b88a30bf3675450394c68c25d9fd75f,"commit,pr,pr"
github:jijobose,JijoBose,JijoBose,,pr
github:jimberlage,jimberlage,Jim Berlage,82f7d7e2753677415b8058c362d261301b35c2eb261fd57a45f2e147c4ee803e,"commit,pr"
github:jimmy623,jimmy623,Jimmy Zhang,14a81b7773b0681a744abc5da3e5da94d9021cc9ee94e6fd8381cff64f367db5,commit
github:jimmystridh,jimmystridh,jimmystridh,,pr
github:jimthedev,jimthedev,Jim Cummins,00590b5e5e51b228991728068faadc0dd5e86b4bd97c1174d50544908e2de133,"commit,pr"
github:jingc,jingc,Jing Chen,ad901d54d8b07737f803f4879e4e32fcadcd09a8f8b938d26f19af83d7875d63,commit
github:jinghao,jinghao,Jinghao Yan,f35d875c8f339570adc6ff032b0067ada0cfb33fd1c42c605472e65092875398,"commit,pr,pr"
github:jinwei233,jinwei233,jinwei233,,pr
github:jinyusha0,JinYuSha0,JinYuSha0,,pr
github:jisoo-hisoo,jisoo-hisoo,Jisoo Shin,8fbfcdc3784690b54b109eadc8d21ffdaec63fd186cf6cd72f9976f46bba4d98,"commit,pr"
github:jiunshinn,jiunshinn,jiunshinn,,pr
github:jiwansvmx,jiwansvmx,jiwansvmx,,pr
github:jjhesk,jjhesk,jjhesk,,pr
github:jjoe64,jjoe64,jjoe64,,pr
github:jkeljo,jkeljo,Jonathan Keljo,f43351f772c1600a7c2a8bf98ac5c8d5b6965d1ed8f678fcb167d068845b7622,commit
github:jkimbo,jkimbo,Jonathan Kim,d15c635a8d0bf8bb68e840cb14bd31ac6f82589a4e1b0f3f57a9dae91c5d1ad4,"commit,pr,pr,pr"
github:jkomyno,jkomyno,jkomyno,,pr
github:jkoutavas,jkoutavas,Jay Koutavas,2335d60fd418595fa2cc5f362963a92b6bd167a1fe352e1e48c0af3b2383a5cc,"commit,pr"
github:jl9404,jl9404,jl9404,,pr
github:jlebensold,jlebensold,Jon Lebensold,b23cdcd2b0170df01520e85f7c69520be157ffe49814bf06ca084cba8ae40787,"commit,pr"
github:jlevine22,jlevine22,Josh Levine,3f1a10c83b14ed525fd0de28b15ca2c3e48d1af6936e615244a773be6e826167,"commit,pr"
github:jlhe97,jlhe97,Juan Luis Herrero Estrada,af6d22c35013efa7015a9a4b342283a1729d62e080fa6813f620beafa6dd28e7,"commit,pr"
github:jlmip,jlmip,jlmip,e9c76d0428d55fc2ff9a769558fc75e9cdd3724c98650051c4c524aa4975dfd4,commit
github:jlmitch5,jlmitch5,jlmitch5,,pr
github:jlyman,jlyman,jlyman,,pr
github:jmatsushita,jmatsushita,jmatsushita,,pr
github:jmavra,jmavra,John Mavrantonakis,3c7d181b9896026d1da896c27a615905ad3523b7e6ca7fa68cacc0a7de74e98d,"commit,pr"
github:jmhdez,jmhdez,jmhdez,53ebd280dce402cf4a390db5ba3b533904be410c65befcaf2422cfe2426eb92a,"commit,pr"
github:jmheik,jmheik,Juuso Heikkinen,1199429d12e288ea3eb05f66f64b8fa2d4a42e12b1c8ea1c9cf0a0ccffb0412a,"commit,pr"
github:jmif,jmif,jmif,,pr
github:jmoutte,jmoutte,Julien Moutte,70283d48cc093eba5204409ef07450b7485f6129fd1065f169309a6a8032ac61,"commit,pr"
github:jmstout,jmstout,jmstout,59f5ffcfade3de449910f407bb6131fb1e12db3ae6d6621f60a336d755bc3a05,"commit,pr,pr"
github:jmurzy,jmurzy,Jake Murzy,a99322c71db84e4ecaa6420a4e3f71cba5a69e8865b74e496a45c6d8fe6a7d36,"commit,pr,pr,pr,pr,pr,pr,pr"
github:jnelken,jnelken,jnelken,,pr
github:jnields,jnields,Joseph Nields,c1941a7d65702d68924bfb88a3187fa6a2a5760d2109427f086adcdbe5243557,"commit,pr"
github:jnrepo,jnrepo,jnrepo,,pr
github:joan-saum,joan-saum,joan-saum,,pr
github:joannaquu,joannaquu,Joanna Qu,92560fa3cc432ed35711e9ab3f1ba5f939d7d680f89e605675489e16bf424176,"commit,pr"
github:joanprimpratrec2,joanprimpratrec2,joanprimpratrec2,,pr
github:joaogranado,joaogranado,joaogranado,,pr
github:joaovieira,joaovieira,João Vieira,d8381084c8e0a308dcffb3ae529d71f26efae352d23d4f579b3833861cf3fb29,commit
github:jocelynluizzi13,jocelynluizzi13,jocelynluizzi13,,pr
github:jodiwarren,JodiWarren,Jodi Warren,1e44e638e620b6b4ec29f3e99ddbc4b3630bf0fed000333bccba69ed5a7bc9c5,"commit,pr"
github:jodonnell,jodonnell,jodonnell,,pr
github:joe-sam,joe-sam,joe-sam,,pr
github:joeblynch,joeblynch,joeblynch,,pr
github:joeframbach,joeframbach,Joe Frambach,81b0e7ecd76d02f2a5b347ae5fb45d7ad9df8e0a93e47a9d55aee088bec8ba25,"commit,pr"
github:joegoodall1,joegoodall1,joegoodall1,,pr
github:joelcloralt,joelcloralt,Joel Cloralt,fcfed45474e40d667595dddde3cc74ceaae4ccc08f1bad1e89f752aa123d7846,"commit,pr"
github:joelmarcey,JoelMarcey,Joel Marcey,ba6a9b58d3c968500fea4ffbde0dcadc7428cde0a4ce08b81ebe3c456e61a163,"commit,pr,pr,pr,pr,pr,pr,pr,pr,pr,pr,pr,pr,pr,pr,pr,pr,pr,pr,pr,pr,pr,pr,pr,pr,pr,pr,pr,pr,pr,pr,pr,pr,pr,pr,pr,pr,pr,pr,pr,pr,pr,pr,pr,pr,pr,pr"
github:joelmheim,joelmheim,joelmheim,,pr
github:joeloser,JoeLoser,Joe Loser,817395b1c8028a1e798047393aebebfc774a4a10707cd82d80acb5a2d6e58e16,"commit,pr"
github:joenoon,joenoon,Joe Noon,32fb7e964acdd91cae621682747ee6ac6bfe87fe6f33edb175d6cfce6e802b22,"commit,pr,pr,pr,pr"
github:joerick,joerick,Joe Rickerby,826a3e83b8ccbeee3cfdf75338be137f9626f1c72071bb4dbdec2803f7a9c56a,"commit,pr"
github:joestanton,JoeStanton,Joe Stanton,b8a3d3876bb8870fb4a846eaed38730a1fce1a110c05c3d9acc3d52df041b19d,"commit,pr,pr,pr,pr,pr"
github:joevilches,joevilches,Joe Vilches,81aa9af7d04af7193d5cdbcf4631e950eb37ade9fe2e1514331b5207821724c7,"commit,pr,pr,pr,pr,pr,pr,pr,pr,pr,pr,pr,pr,pr,pr,pr,pr,pr,pr,pr,pr,pr,pr,pr,pr,pr,pr,pr,pr,pr,pr,pr,pr,pr,pr,pr,pr,pr,pr,pr,pr,pr,pr,pr,pr,pr,pr,pr,pr,pr,pr,pr,pr,pr,pr,pr,pr,pr,pr,pr,pr,pr,pr,pr,pr,pr,pr,pr,pr,pr,pr,pr,pr,pr,pr,pr,pr,pr,pr,pr,pr,pr,pr,pr,pr,pr,pr,pr,pr,pr,pr,pr,pr,pr,pr,pr,pr,pr,pr,pr,pr,pr,pr,pr,pr,pr,pr,pr,pr,pr,pr,pr,pr,pr,pr,pr,pr,pr,pr,pr,pr,pr,pr,pr,pr,pr,pr,pr,pr,pr,pr,pr,pr,pr,pr,pr,pr,pr,pr,pr,pr,pr,pr,pr,pr,pr,pr,pr,pr,pr,pr,pr,pr,pr,pr,pr,pr,pr,pr,pr,pr,pr,pr,pr,pr,pr,pr,pr,pr,pr,pr,pr,pr,pr,pr,pr,pr,pr,pr,pr,pr,pr,pr,pr,pr,pr,pr,pr,pr,pr,pr,pr,pr,pr,pr,pr,pr,pr,pr,pr,pr,pr,pr,pr,pr,pr,pr"
github:joewood,joewood,joewood,,pr
github:joeybaker,joeybaker,Joey Baker,123d4ea50b2a38140a700f2311bdda4b4c44fa9683526384e98cc1affa5f4652,"commit,pr"
github:joeyjiron06,joeyjiron06,joeyjiron06,,pr
github:johan-dutoit,Johan-dutoit,Johan-dutoit,16f43a3259a55b889bf654928ac567c695357b47c5968577d0b34df2febec5eb,"commit,pr,pr"
github:johanblomgren,johanblomgren,johanblomgren,,pr
github:johanblumenberg,johanblumenberg,johanblumenberg,,pr
github:johankasperi,johankasperi,Johan Kasperi,d60dfac0057cdf4fee9395af7dc825e76d350a7905069f44d07e7082ce377300,"commit,pr,pr"
github:johanmic,johanmic,johanmic,,pr
github:johannes-scharlach,johannes-scharlach,Johannes Scharlach,e228760f32d5a0c42c09c1be45801f1a9c8b99c75fc5068ec68186a8eabbd33d,"commit,pr"
github:johanneslumpe,johanneslumpe,Johannes Lumpe,4adc7d62a39be89a16b73799d45ca9b243e5ccaa50c2178bd6baa5ac40509bde,"commit,pr,pr,pr"
github:john-difool,john-difool,john-difool,,pr
github:johncblandii,johncblandii,johncblandii,,pr
github:johnchourajr,johnchourajr,johnchourajr,,pr
github:johndawalka,JohnDaWalka,JohnDaWalka,,pr
github:johnf,johnf,johnf,,pr
github:johngoren,johngoren,johngoren,,pr
github:johnislarry,johnislarry,Max Sherman,b85e4f60f526b9075fbe6ec12fc08206003a046a3a843a5f6d76a2053973e25d,commit
github:johnstonmatt,johnstonmatt,johnstonmatt,,pr
github:johnthewilson,johnthewilson,John Wilson,f1935371e1366d5fa4ea72d0f720f1cf4955f596d44621e4ff65512c4ac31d78,"commit,pr,pr"
github:johnwook,johnwook,Johnwook Choi,1bf9707ead2f53fc26a9f9d133f84a99239f6052951c9032417c937ee3380553,"commit,pr"
github:johnydays,JohnyDays,John Days,bf0371bcbec663594982122bb4f687fe156d2a2a4e0137babeb998418f08d87f,"commit,pr,pr,pr,pr"
github:jon-moreira,jon-moreira,jon-moreira,,pr
github:jonahwh,jonahwh,jonahwh,,pr
github:jonaslu,jonaslu,Jonas Lundberg,17f41a62922adc265e98cd2009b2518c60fd0eaa54ced34954ce6efb1a995db9,"commit,pr,pr"
github:jonathanhayward,JonathanHayward,JonathanHayward,5b72b5dfd92612400988f289e38e8f965a4888ba0c4d554b021cc4181d930c31,"commit,pr"
github:jonathanmos,jonathanmos,jonathanmos,6b0cfe655d11222b3b9ef39456dfd49f6fe00ce66f18e7d2bbc993cc1d112643,"commit,pr,pr"
github:jonathonlui,jonathonlui,jonathonlui,,pr
github:joncursi,joncursi,Jon Cursi,6c96ab1066ba850a1acc49ed1eb0ff9971eaae84b64205a0c675facbcd5e07dd,"commit,pr,pr"
github:jondot,jondot,Dotan Nahum,7b2d7d5c0c11787b3713489e0af4714ec7fd6306bc4a80d04e76a9c590196981,"commit,pr,pr,pr,pr,pr,pr,pr,pr,pr"
github:jonesmelton,jonesmelton,Jones Melton,3a0a8188c4840837e33f82ea7ebc4edf06eb913391a57eddac36ded9f5ce6594,"commit,pr"
github:jonluca,jonluca,jonluca,,pr
github:jonnyandrew,jonnyandrew,Jonathan Andrew,522cb341cb0c80a0d3eef990be09e3e893ffa66f75f8dfcec5f7794abada5e6f,"commit,pr"
github:jonnyburger,JonnyBurger,Jonny Burger,61016509eb429ab9e34586d9d5ecff0567ef2612b26c29f924f4a59d240fe6e5,"commit,pr,pr,pr,pr,pr,pr,pr,pr,pr"
github:jonnycaley,jonnycaley,jonathancaley,26ab3951bf0ba262c9ae6c23c4c92478fbaaef8801a8000fe9826cc9c37ae4dc,"commit,pr"
github:jonthysell,jonthysell,Jon Thysell,af65f670d36d9d5b04b6837deeaba52c8cb8ec59580ce38ce0b6f057dda73fab,"commit,pr,pr,pr,pr,pr"
github:jooddang,jooddang,jooddang,732e216c3f5728686d7a0c939a06ca3cce4c65e62a7aff53e59e54f8f0f0a367,"commit,pr"
github:joon1030,joon1030,joon1030,,pr
github:joonhocho,joonhocho,Joon Ho Cho,77d47651d3d7006a7d8c1369f82afb9d91ca476b5ff643918a7d06825744ee9f,"commit,pr"
github:jordanbyron,jordanbyron,Jordan Byron,d0bccf5245260978e99d9a81a004eed8919b2bd26d23fbd1b9449f17c9621bf9,"commit,pr"
github:jordanna,jordanna,Jordanna Kwok,424a8951e4327f347e9c1db4c2f7959be2732513287f82c724dd772ff162b6cf,"commit,pr,pr"
github:jordanpapaleo,jordanpapaleo,Jordan Papaleo,7f3a04ae2dac0654bde55e7a1a575749ceba48b9e36c07a360f2dc4618e0b4a8,"commit,pr,pr,pr,pr"
github:jordanranz,jordanranz,joranz,0e713ebbeeb564ece5f84fc67fe6bd6872dce4668469742ae01b320a18449a6e,"commit,pr"
github:jordoh,jordoh,jordoh,,pr
github:jorenvos,JorenVos,JorenVos,60342b204db6d8f49bfb1b27976ad9a0e448bc01696a3a9b183a533565c26c4f,"commit,pr"
github:jorge-cab,jorge-cab,Jorge Cabiedes Acosta,9dcb32da5cb01a358fede035a88941a52ef42061a1e7052e04926bf746ef30a1,"commit,pr,pr,pr,pr,pr,pr,pr,pr,pr,pr,pr,pr,pr,pr,pr,pr,pr,pr,pr,pr,pr,pr,pr,pr,pr,pr,pr,pr,pr,pr,pr,pr,pr,pr,pr,pr,pr,pr,pr,pr,pr,pr,pr,pr,pr,pr,pr,pr,pr,pr,pr,pr,pr,pr,pr,pr,pr,pr,pr,pr,pr,pr,pr,pr,pr,pr,pr,pr,pr,pr,pr,pr,pr,pr,pr,pr,pr,pr,pr,pr,pr,pr,pr,pr,pr,pr,pr,pr,pr,pr,pr,pr,pr,pr,pr,pr,pr,pr,pr,pr,pr,pr,pr,pr,pr,pr,pr,pr,pr,pr,pr,pr,pr,pr,pr"
github:josebalius,josebalius,josebalius,,pr
github:joselion,JoseLion,JoseLion,d1b0f720668393b8be6ffe308f8ec59768b567413886aedaa256bc48847cca21,"commit,pr"
github:josephkohler,josephkohler,josephkohler,,pr
github:josephsavona,josephsavona,Joe Savona,4799d9d6d3416a3e8a14e71bf4fcbe65cfb8c80d166d1606fafe3dee10406ef7,"commit,pr"
github:josephsemrai,JosephSemrai,Joseph Semrai,8809f127815c6e0b140e43375a751e73038daf05a3c80b109beacbd0e3af0a5a,"commit,pr"
github:joshaber,joshaber,joshaber,,pr
github:joshbuchea,joshbuchea,Josh Buchea,4eab9be0bf2f58f29786e1097b181c7b2b16d9526ca13088c04a75ad800c537e,"commit,pr,pr,pr"
github:joshfarrant,joshfarrant,Josh Farrant,871cca9879de7cf79ba9ddaebf4424b087d17b080fb81ee016c66cf4cf57fa1b,"commit,pr"
github:joshjhargreaves,joshjhargreaves,Josh Hargreaves,a1745eee4faddaa3d47f630f3a0f31c1abe56c485370ab96bd55dfd34206052e,"commit,pr,pr,pr,pr,pr,pr,pr"
github:joshuagross,JoshuaGross,Joshua Gross,191b2d059b10bd46394c28d3688c3b10bf259fd3c9b1b5b82025daf3c72edb69,"commit,pr"
github:joshuajamesong,JoshuaJamesOng,Joshua Ong,3232f3a2b1626fc0e235126284921190d6d1a3f72191ef367986d9dd4fa8b875,"commit,pr"
github:joshuapinter,joshuapinter,Joshua Pinter,b54d84145743c92caa00151f0fef9d73399c80e9030014f7ae32bd0c508e5fc5,"commit,pr,pr,pr,pr,pr,pr,pr"
github:joshzana,joshzana,Josh Zana,e104a4fc34ea54e63cdec25239dab09511ffa53d40991b36f9f3dc741cf5efe4,"commit,pr,pr"
github:jozan,jozan,Johan Ruokangas,bc7c3db3678a6a364b9db7f6b08bf8f34218af346fd41086db1db2c7bc893612,"commit,pr,pr"
github:jpanneel,JPanneel,JPanneel,,pr
github:jparishy,jparishy,jparishy,,pr
github:jpauljm,jpauljm,jpauljm,,pr
github:jpdriver,jpdriver,JP,433709c667ee819ccc5195e6c9a4ba1ef7d6123bc5615225a93d0b383ad99411,"commit,pr,pr,pr,pr,pr"
github:jpoliachik,Jpoliachik,Jpoliachik,,pr
github:jpporto,jpporto,John Porto,340d5e1af2d6b6685c56139ad0653a20f0ac48a05e0133aabd70c28282337383,commit
github:jpshelley,jpshelley,John Shelley,d93c99d3fe0d36bc5af84ed74f8abd7e599fe7670e306005458eae8fdd858b82,"commit,pr,pr,pr,pr,pr,pr"
github:jpstevens,jpstevens,Jack Stevens,ad61a6a9f3908118dfb709684d057336fb35f4b7ac2eedba1dcdea7d530f418a,"commit,pr"
github:jpudysz,jpudysz,Jacek Pudysz,e3faf862c02545beec4acf243e2ca34f4f477d5020405289b28482a32f8cf0b7,"commit,pr"
github:jr-k,jr-k,JRK,0d1a6b1d71b24368d579197c4016444bde00018512f112a794bf09efbbbd22fe,"commit,pr,pr,pr,pr"
github:jrichardlai,jrichardlai,Jean-Richard Lai,31918d62d252cda48051414a2da93d9fb091ef0ec24e986c24aa03d0c09bb1a8,"commit,pr,pr"
github:jrodiger,jrodiger,jrodiger,0c73bbf99e58b359594b52e021e4bf52215bce4a60992189cede6173bcf5b856,"commit,pr,pr,pr"
github:jrryhrtn,jrryhrtn,jrryhrtn,,pr
github:jsagorin,jsagorin,Jonathan Sagorin,f7b907821bfca52222be914c6ebacb07b817cc6a2ede9aacdde5053021f3bfff,"commit,pr"
github:jsamr,jsamr,jsamr,,pr
github:jsdario,jsdario,Jesús Darío,a8dc22b43db5d4ce6b7b5df68e9819ab0ed8fb6cb4c6f8c0d4e9702283fc7d41,"commit,pr,pr"
github:jsdevel,jsdevel,jsdevel,4ef062ef8ce68d84f88956e434b5862eaf54b2c9babd2b76bb46ed0aa33ba7f1,"commit,pr,pr,pr"
github:jselbo,jselbo,jselbo,,pr
github:jsendros,jsendros,Jason Sendros,04d50d32e3accd2ccea4ad9205b7bafe112ffe3cae4a12d91c4f0c3b5f6c10d1,commit
github:jsfu,jsfu,jsfu,,pr
github:jsh1,jsh1,John Harper,37bcc7d2df58ed18b8812859d5db5647b02f8b3581e788b29e75f58b47b54b3f,commit
github:jsierles,jsierles,Joshua Sierles,97c78015e63ac9c860aeed8a36ee036dde6664093df90506fc6339275a10f4f0,"commit,pr,pr,pr,pr,pr,pr,pr,pr,pr,pr,pr,pr,pr,pr"
github:jsoendermann,jsoendermann,Jan Söndermann,d7208d4b9feedac2ecde791a5d3bf44c9102f01933f26186cd299c502631d85c,"commit,pr"
github:jsonblob,jsonblob,Jason Hu,3867ebab97022ebd4223eea2434a144d3c02c1d34675cbb3e1b9857b3ad57231,"commit,pr"
github:jspahrsummers,jspahrsummers,Justin Spahr-Summers,6e36a82a2e5fe62d053fcafffd401249e8665197e450616fa990fc49f79371cd,commit
github:jspears,jspears,jspears,,pr
github:jstheoriginal,jstheoriginal,Justin Stanley,a425a078de659e588215fc3d6da892e991052cbf156ad484adc829bbba5bcb00,"commit,pr"
github:jsying13,jsying13,jsying13,,pr
github:jthysell,jthysell,Jon Thysell,ea2e9077b1668ecb01904308c48e772b57533cf9909c7ad4dfa013eefcd71790,commit
github:jtreanor,jtreanor,James Treanor,a9cedd83ae9d6bc99bb62b1e9a21fa2db35ec3c3b22116a6af15e06d300707ca,"commit,pr,pr,pr,pr,pr,pr,pr,pr"
github:jtremback,jtremback,Jehan,f99dd70ca6eb99245c4c94b202a75f40c0a2998916bafed091d46aae0e1d7294,"commit,pr,pr"
github:juanarzola,juanarzola,juanarzola,,pr
github:juanfe-google,juanfe-google,juanfe-google,,pr
github:juddey,juddey,Justin,2c6f9726c77a73f13a1967295742030effd1683bf60d67345e30de695b0a729d,"commit,pr"
github:julienkode,JulienKode,Julien K,c310ea712ee1b158359157a3773fda30bca7b8b203857634e8dc63a47cc47c46,"commit,pr,pr,pr,pr"
github:julienmalige,JulienMalige,JulienMalige,,pr
github:julioc,JulioC,JulioC,,pr
github:juliocvaz,JulioCVaz,Juliovaz,697ac8a891a98dd6713cfd231c1b687bbe1816988733f29dcbf9854401b4f0c4,"commit,pr"
github:julioxavierr,julioxavierr,Julio Xavier,54c51ac537c2abd8e7b00d01cc828bf57cf2faae35fb6d695f94bd1450d16f5f,"commit,pr"
github:junaidjaved248,JunaidJaved248,JunaidJaved248,,pr
github:jungchris,jungchris,Chris Jungmann,78a719afab9630d0cd9793fdbaac4e37b86d3044a3ebe2be9479d78623bfc6a3,"commit,pr"
github:junhaoyap,junhaoyap,junhaoyap,,pr
github:junheep-dev,junheep-dev,Junhui Park,4794a1887df8ac94e84e9adfd38375a37dc795a2df88ab23ddc435a1cd922077,"commit,pr,pr"
github:junielkatarn,JunielKatarn,Julio C. Rocha,f94a2508db93a5ea023a20868125201484489e9e5fcbf26f6e66ce9b916701ff,"commit,pr,pr,pr,pr"
github:juniorklawa,juniorklawa,Everaldo Junior,69ffe1499ecc710bdf2f0d43035ec1965a3d8287a2b513ddaf5282a6c5b33724,"commit,pr"
github:jurgelenas,jurgelenas,Julius Jurgelenas,2d73e984437d453081e669d91edc892374cee5562e17692440a4ff23035c4f78,"commit,pr,pr"
github:justim,justim,Tim,5addc442589060d2c83836f11b851560df560ac2da1156b20ba0e93788467c7a,"commit,pr"
github:justincarmony,JustinCarmony,Justin Carmony,861f8dd8d5c7e74b976a7af98ae6cfe6bcdbb01494d5812a6956c91e82b5bb9e,"commit,pr"
github:justinccampbell3,JustinCCampbell3,JustinCCampbell3,,pr
github:justinmcp,justinmcp,justinmcp,,pr
github:justinr1234,justinr1234,Justin Reynolds,c72bff26b5c47469562201bfc032db8e451ed342693700d1ab15ab1112a91c87,"commit,pr"
github:justintross,JustinTRoss,justin ross,0ba257d669dca9329fd2ba9f22926fe58ea441d14033185b0deb7e632b0417f1,"commit,pr"
github:justinwh,justinwh,Justin Huntington,d637655c123c885859bafdd48d3339a60f197ba13e5b309ae9537237708f5c3c,"commit,pr"
github:justjake,justjake,Jake Teton-Landis,13810daec3a5b04f662cda5864efca6cc75ed52c170e145d1a9251dba23dfab5,commit
github:justjavac,justjavac,迷渡,9bc4a6ede7cbca878411b48d41576d9787bf4f85400106514a8243ba868bbcc9,commit
github:justkant,Justkant,Kant,a23ce74fec3d4e3a87c34f6344a7c2005aa3298528310cdf75bc0ad5a1705385,"commit,pr"
github:jutaz,jutaz,Justas Brazauskas,1aa7a3f6af19f98423687626a1cfbf3770b22c2945bb43107a7aa8dea26b3a8c,"commit,pr,pr"
github:jvassbo,jvassbo,Jon Vassbø,568deb8ff288b0e6b2068a4afc06b946c6cbce7d064186a2652157b4b1b1c36b,"commit,pr"
github:jvorcak,jvorcak,jvorcak,,pr
github:jvranish,jvranish,jvranish,,pr
github:jwajgelt,jwajgelt,Juliusz Wajgelt,fb184c728e4ff224941d5ebe0c0cc2c77e0ad932e36e61850703b72364a5a487,"commit,pr"
github:jwhiddent3,jwhiddent3,jwhiddent3,,pr
github:jwyld,jwyld,jwyld,,pr
github:jxintang,jxintang,jxintang,,pr
github:jxshco,jxshco,jxsh,ce056cd76cfe911e70372d787fcd896a74e24fd39850e424ceae0b356e9090f5,"commit,pr"
github:jyeg,jyeg,John Yeglinski,5de8a628f739123b6711b66efe74148639a0e525fa68bcf9224eb253e82c6827,"commit,pr"
github:jyrno42,Jyrno42,Jyrno Ader,4e84967e129e1cb102b8f623368373a859264d13ad5269c6bd5a59a5c046d9ff,"commit,pr,pr,pr,pr,pr,pr"
github:jzaefferer,jzaefferer,jzaefferer,,pr
github:jzhangdev,jzhangdev,jzhangdev,,pr
github:k-leon,K-Leon,Leon,5ea64a98fe207dd41773d14efca59c8e42771d98342257481ab9877d294d6637,"commit,pr,pr"
github:k-yle,k-yle,Kyℓe Hensel,ab1c06f10e565e64944b44e077a6d39786c3981112f60885dd03b4bd8ccd2ccb,"commit,pr"
github:k21,k21,Jakub Zika,5a27af7dd3ce76ad1b6dc5e543bcf0c74b332ee9cf349febaec36b6625d152a2,commit
github:kachmashk,kachmashk,Oskar Kaczmarzyk,8881358787685ea59766a7c7ce025e10dfead8e8cb4d33d565ad78da2063eb9e,"commit,pr"
github:kacieb,kacieb,Kacie Bawiec,28ee5b5d6483d7b6624d528980421f67edc5d78ca1046e2d0dc3299693683e5d,commit
github:kacospro,KacosPro,Carlos,681b0ce8fc76a09e674950b2efe42af36503ab5aa4b82004bc2db494228e2ca5,"commit,pr"
github:kacperkapusciak,kacperkapusciak,kacperkapusciak,ed5bfe6e3894cf656024c5992e4ce439ddeaf0677b9f4df4843fa939e28cbec3,"commit,pr,pr,pr,pr"
github:kaganece,kaganece,kaganece,970537645cc1b53ad3305123662f49fa652cf60a2eb240df0256e38bc11d7677,"commit,pr"
github:kageurufu,kageurufu,Franklyn Tackitt,4242bae7ce45badc17aacb4e26b43b79fd044841fc985ef06c6aa2166022bfbf,"commit,pr"
github:kainzhong,kainzhong,kainzhong,,pr
github:kaitlynch1,kaitlynch1,Kaitlyn Lee,c15f8f6f3ee6c764edd13f8a408a9583b8c7d2e0bcedd8f359f5d84f4bc0d832,commit
github:kaiwood,kaiwood,kaiwood,,pr
github:kalihandogrul,kalihandogrul,kalihandogrul,,pr
github:kalma0766,kalma0766,kalma0766,,pr
github:kalman,kalman,Ben Kalman,c390c5ef29099c79503f03813a8cbd7d55b263f0619df89d09699b9754257b7b,"commit,pr,pr"
github:kalyanijamunkar10,kalyanijamunkar10,kalyanijamunkar10,,pr
github:kant,kant,Darío Hereñú,f9335ee94816e925dd605dc87f5f7cdded68645c21a7dffd7bab9ce01db2ddca,"commit,pr"
github:kapv89,kapv89,kapil verma,116ef87bb9783e832bb44a29ebbc8c071cf4070d96066c47ccd1d0445f1b9d49,"commit,pr"
github:karanjthakkar,karanjthakkar,Karan Thakkar,675f2f3519218fd3f14754250f104edfb09d7f65048651b7e50306528aca7ea0,"commit,pr,pr,pr,pr,pr,pr,pr"
github:karanpratapsingh,karanpratapsingh,karanpratapsingh,,pr
github:karim-30,Karim-30,Karim-30,,pr
github:karismatic-megafauna,karismatic-megafauna,karismatic-megafauna,,pr
github:karlsander,karlsander,Karl Sander,d25539e0b8f3d3f85e65d63a9275330a86fedd49326b4ab874f3a66688bca7c5,"commit,pr"
github:karpoff,karpoff,Anton Karpov,5c9b20be8e6f9d9ac0a315892306a89f8d1a5a1f842e7267b3730407b9ce2a97,"commit,pr"
github:karthikmam,KarthikMAM,KarthikMAM,,pr
github:kashav,kashav,Kashav Madan,4edf3a7694b3d90cc32414526e7cacbb76a6621d9074d06babefcc28ae185508,"commit,pr"
github:kasimtan,kasimtan,Kasim Tan,ffe155d179cbccc2214a1d1e6253014d0abfb35f87694bf1002529ae217070ae,"commit,pr,pr,pr"
github:kasper,kasper,Kasper Hirvikoski,c1e44d0bddf723aff8719c1b36721bd4f0a7d187390759a66155ba2c851ceb63,"commit,pr"
github:kassens,kassens,Jan Kassens,d5a5a4e44bb104fcf0d7c5b898495120d426b2a2d24761fb4bd38955c5930454,"commit,pr,pr,pr,pr,pr,pr"
github:kastiglione,kastiglione,Dave Lee,6e19c924f387929e4ff2770c7a761722f27eed77eff895e3ad416ecac39768a1,"commit,pr,pr,pr"
github:kasuntharu,Kasuntharu,Kasuntharu,,pr
github:kataras,kataras,kataras,,pr
github:katrinanova,katrinanova,Katrina Nova,f5788609d95f2094a6024b6ce3afc33ba3dcec2cfe3f7d64515eaf8111e6d67a,"commit,pr"
github:katyc-wh,katyc-wh,Katy Chang,ea2ea0ac6fdeb3a965e319eb7987170ff216121cfea536cd1be213e6c87a311e,"commit,pr"
github:kayluhb,kayluhb,Caleb Brown,7fc135cfa8064025f6e546c1854f4853485df3bfc556b2b98b767a44b7a26f84,"commit,pr"
github:kclowes,kclowes,kclowes,,pr
github:kdastan,kdastan,kdastan,80eaa2205c40d6dca6f6f3736543492599db1b419c43804147570db171a3d2fe,"commit,pr,pr"
github:kdawgwilk,kdawgwilk,kdawgwilk,,pr
github:kdederichs,KDederichs,Kai Dederichs,7d5d92d386263702b1b147651be4177139659da4b740da3e02275e3526573678,"commit,pr"
github:kdemoya,kdemoya,Kelvin De Moya,30daf38c9af542a4a87be2a8aee4c146a866ddd941cf6b9a25c47e8f330c527f,"commit,pr"
github:kdwkr,kdwkr,Daewoon Kim,52bd47e807c522f299d81f1445d52a1e686851d6c465ebf85e69e40655cded11,"commit,pr,pr,pr"
github:keatongreve,keatongreve,Keaton Greve,6aec610bc7a40317bec6ad36763546a832e956b472a013d9e6ef570e46764479,"commit,pr"
github:keithnorm,keithnorm,Keith Norman,37fc98de5cdf3b466bf98a2196231a0553a67eab553da624d83dedfdb9da4b2f,"commit,pr"
github:kejinlu,kejinlu,Luke,79c02c7a2840d23e26a1db11f13065ed3c258a1f4c590e2f9d7cc464ebb24891,"commit,pr"
github:kekami,kekami,kekami,,pr
github:keksipurkki,keksipurkki,keksipurkki,,pr
github:kelset,kelset,Lorenzo Sciandra,8f5de738f3ecab635db04cc81397d3a736e360c3bda5db4e6bfbe7261171ad93,"commit,pr,pr,pr,pr,pr,pr,pr,pr,pr,pr,pr,pr,pr,pr,pr,pr,pr,pr,pr,pr,pr,pr,pr,pr,pr,pr,pr,pr,pr,pr,pr,pr,pr,pr,pr,pr,pr,pr,pr,pr,pr,pr,pr,pr,pr,pr,pr,pr,pr,pr,pr,pr,pr,pr,pr,pr,pr,pr,pr,pr,pr,pr,pr,pr,pr,pr,pr,pr,pr,pr,pr,pr,pr,pr,pr,pr,pr,pr,pr,pr,pr,pr,pr,pr,pr,pr,pr,pr,pr,pr,pr,pr,pr,pr,pr,pr,pr,pr,pr,pr,pr,pr,pr,pr,pr,pr,pr,pr"
github:ken0nek,ken0nek,Ken Tominaga,c409c6d86afc0559bfe857d0de32e5d06e874fe2768af7f8822938d4cfc12efa,"commit,pr,pr,pr,pr,pr,pr,pr,pr,pr,pr,pr,pr,pr"
github:kenjim83,kenjim83,Kenji Miwa,4d2e319fbe4af50f4c0f88a651a40a23e0f873905259c97728a326e33219d41d,"commit,pr"
github:kennethlynne,kennethlynne,kennethlynne,,pr
github:kennydee,kennydee,kennydee,,pr
github:kensworth,kensworth,kensworth,,pr
github:kentaromiura,kentaromiura,kentaromiura,5fa859062a150fdd58012ad89679f578ceb4417c2a081f0ff1943c166e343e87,"commit,pr,pr,pr"
github:kenwheeler,kenwheeler,Ken Wheeler,2a20f6cda12ed198dfe75c43fbe56cee9c07ef169c7ec5e5f329df08282c211e,"commit,pr,pr"
github:kenzan100,kenzan100,Yuta Okazaki,44bd18c98beb23d973f910b3c5791e264ecbfc63ac6b9045f3e470af0585b534,"commit,pr"
github:keoskate,keoskate,keoskate,,pr
github:kerm1it,kerm1it,Kermit,62436516d9f5099eebaa2ba7846b366fea91104a169818c830bdb4b6eb67de57,"commit,pr"
github:kerumen,Kerumen,Yann Pringault,5d33b27b9f4ee2e6d0039191ed0804f2c296fdb2135378aeaf438d0b3fe7611a,"commit,pr,pr,pr,pr,pr,pr,pr,pr,pr,pr,pr,pr,pr"
github:kesha-antonov,kesha-antonov,Kesha Antonov,f728884206baa397c7abb1e64754d5ac80a23563948bec61f0915db062090d5d,"commit,pr,pr,pr,pr,pr,pr"
github:kesjien,kesjien,kesjien,,pr
github:kevcube,kevcube,kevcube,,pr
github:kevin-lyn,kevin-lyn,Kevin Lin,e7795eff7ca50a8f88a84303b6cd1d2b361a453864ddd0f8bdd2ffec4c3de97f,commit
github:kevindeleon,kevindeleon,Kevin deLeon,cb5adcd2cfc26d086634dcf7203b31ba3a11102a97cf5420deea565395a5eb6e,"commit,pr"
github:kevinejohn,kevinejohn,Kevin Johnson,03e80413a760ef189bd1e923b7faf51b406bb417eda2013d1ae09a01e5c433be,"commit,pr,pr,pr"
github:kevingvargas,KevinGVargas,Kevin Gonzales,3ba906dd2f1bdb4a56292f53a0cf3fbc14f79bd353d15183bc26b139d88a76e5,"commit,pr,pr,pr,pr,pr"
github:kevinluvian,kevinluvian,Kevin Luvian,578db780a7db6840a95b8ebbbbdf604216d7eb2af7843c8e94b07b0f3736dd14,"commit,pr"
github:kevinold,kevinold,kevinold,,pr
github:kevinresol,kevinresol,Kevin Leung,9e4b7c0c0e75dba9f819bb681d690cb945492bd41030703878117764c587f3a7,"commit,pr,pr"
github:kevinstumpf,kevinstumpf,kevinstumpf,,pr
github:kevinvangelder,kevinvangelder,Kevin VanGelder,4f9330ad3bea4c62e5cfbc3168ad99f1272278065bbef92007e7fd8f50b62355,"commit,pr,pr,pr,pr"
github:kevkevinpal,kevkevinpal,kevkevinpal,,pr
github:kewde,kewde,kewde,dbb8d2dedb07e25dd9db4f6490e39da1033856268e21a8ac4d2bcdc11f34113c,"commit,pr,pr,pr,pr"
github:kexhest,kexhest,Magnus Bergman,ddaeab5a7d3b7b61cd8a3c22d1586d1c3c0cfc5d9a970003516216df556c07f6,"commit,pr"
github:keyurgovrani,keyurgovrani,keyurgovrani,,pr
github:keyz,keyz,keyz,,pr
github:kg32,KG32,KG32,3aa2f4738a13a079f7406d6ff2eb2ae95ce363c33d703fe9080e26fa56533689,"commit,pr"
github:kgowru,kgowru,kgowru,,pr
github:kgritesh,kgritesh,kgritesh,,pr
github:khacanh,khacanh,khacanh,,pr
github:khaeransori,khaeransori,Khaer Ansori,263ee9a5b97fe52852ac079644b81b9de2434918be072cab0100961c9d24153d,"commit,pr"
github:khaled,khaled,khaled,,pr
github:khiet-vo,khiet-vo,khiet-vo,,pr
github:kida007,Kida007,PIYUSH GUPTA,78f51c46e0b99dbf0e56f1b3e926ed48b3b5848b6e821dc1aed68bb6590d98d3,"commit,pr"
github:kidroca,kidroca,Peter Velkov,9b8ad051247c254fbf1778d372dcc7df8e76ae0df188832b766b43e1b6238c7b,"commit,pr"
github:kieranju,kieranju,kieranju,,pr
github:kikoso,kikoso,Enrique López Mañas,ef52b7205283c85a941475cbd8053cb29aa06791a371ffd1d72c7a50b2f00c15,"commit,pr,pr,pr"
github:killerjava,killerJava,killerJava,,pr
github:kimchi-developer,kimchi-developer,ceo,8c03cbbb6f83a19894e2dbe65d5fc24b02e6e43a3c99d9b0604a24579a7e3ba5,"commit,pr"
github:kimdaewook,KimDaeWook,"DaeWook, Kim",29b4adfdf70696de82b5798f169d601c48daa739ae60d2722581a1afd1d2971b,commit
github:kimihiro64,kimihiro64,kimihiro64,,pr
github:kinarobin,kinarobin,Kinarobin,422794dfe6e5e86fc1d1034e5869ddc17923f6c3937ba3c089615ee19975b29b,commit
github:king6cong,king6cong,king6cong,e29e73e0812c56714396074b2deec45f16ea0c804b72a9373fd32cf975afc0d9,"commit,pr,pr,pr,pr,pr"
github:kinghubiyin,KingHUBIYIN,KingHUBIYIN,,pr
github:kipricker,kipricker,kipricker,,pr
github:kirill3333,kirill3333,Kirill Novikov,750038dfe7d3e11301d5267b9046050010b1f1ed6b9c1a803c080c2d6187d68b,"commit,pr"
github:kirillzyusko,kirillzyusko,kirillzyusko,f1883fee616db4bc71be56ef619dcdf3f8688c6d72e748239ae6deb75d2027ff,"commit,pr,pr,pr,pr,pr,pr"
github:kirkness,kirkness,Henry Kirkness,c556de1d8f74dfc5fc2c866d94425c21772c47110bbc2ee1943f19d7aad05096,"commit,pr,pr,pr"
github:kirwan,kirwan,Kirwan Lyster,29efe933b5dc69c82bd4bfad238a480c0d559c8ede18191d5afde6b6299a1850,commit
github:kishpatel1996,KishPatel1996,Kishan Patel,bdc467844673841c53ea86bf77c0821e571ea8a3e1d8a95b4b2e256a328f5366,"commit,pr"
github:kitten,kitten,Phil Pluckthun,fb8bc2ff8e1118096244b69c0dc54372b7b222fb98dd87df207aa85cfb808c58,"commit,pr,pr,pr,pr,pr,pr,pr,pr,pr,pr,pr,pr,pr,pr,pr,pr,pr,pr,pr,pr,pr,pr,pr,pr"
github:kjlmfe,KJlmfe,KJlmfe,b8a35455206f62813b26e6245c6d83810af488e909eb883cb20d334d9527d65c,"commit,pr"
github:kkafar,kkafar,Kacper Kafara,5ce6879dafbe17aba0b7f8a3c5b9b49de860e69424acb1cdb88b7147fb7a5f4e,"commit,pr,pr,pr,pr,pr,pr,pr,pr,pr,pr"
github:kkolur76,kkolur76,Keshav Kolur,d83b3ebac75651211d0eda02c2145bbb5a237d5368db05975d4c6df3dfc8b778,"commit,pr,pr,pr"
github:kkoudev,kkoudev,Koichi Nagaoka,f18f23b589c9ea41b3c6b846a55dfb39102021ea472e0933a6dd0932c96c063b,"commit,pr,pr,pr,pr"
github:kleinlieu,kleinlieu,kleinlieu,,pr
github:klvs,klvs,Alex Roman,dd51f12f49db96576337522b7d7c4ed3b673c0baf80f9663856a441b8364e49f,"commit,pr,pr,pr"
github:kmagiera,kmagiera,Krzysztof Magiera,a3e748a79c00923d674d9c172c22f0935a0b5d2d68feafea2d42b8e40535411f,"commit,pr,pr,pr,pr,pr,pr,pr,pr,pr,pr,pr,pr,pr,pr,pr,pr,pr,pr,pr,pr,pr,pr,pr,pr,pr,pr,pr,pr,pr,pr,pr,pr,pr"
github:kmelmon,kmelmon,Keith Melmon,a81195206172452000f0c216095a624569c119c8d70653d6225b3763fbdd9314,"commit,pr,pr"
github:kmonian,kmonian,Krishna Monian,c8febcd6ab7d5a197e36b1899a30ca7d0b0bd7ad18c60605731720c8f46d4199,commit
github:kmsbernard,kmsbernard,Minsik Kim,44854dc7190f7d302463082cee7f160b111f47ee7b5e94bbdae258fbeff9b09f,"commit,pr,pr"
github:knappam,knappam,Andrew Knapp,29e0fa15f2c80739f219d3f02005818ae17bcfa14bb24c70722384d7deb4c3ba,"commit,pr,pr,pr"
github:kneth,kneth,Kenneth Geisshirt,9fad10ae6dcb64f6cef950ed051785b64badaa703dd55e6854279456f6906b61,"commit,pr"
github:knightsamar,knightsamar,Samarendra M Hedaoo,3083b7b520ea4ec12f9555abae1576ab6eeb8766e9343608c9bdde142750c630,"commit,pr"
github:knowbody,knowbody,Mateusz Zatorski,e9037a48c59644701b85fd3221631a76d7c6de86c73cc027ea350bc744c14288,"commit,pr"
github:kocburak,kocburak,kocburak,73d6f3b14462fe07fa45fae317469ccfca6463510e27ac2f6cbff956d8286691,"commit,pr"
github:kocyigityunus,kocyigityunus,kocyigityunus,,pr
github:kodafb,kodafb,Daniel Andersson,343dff97ea8b5bda91ea87010ad750d152f7570c45c9af5b2b49e9618cd12fcc,commit
github:koenpunt,koenpunt,Koen Punt,bf6284742ed3b85dcbd0c30010edfafb0e42527e85110e59ad1db7fea7d7e665,"commit,pr,pr,pr,pr,pr,pr,pr,pr,pr,pr,pr,pr,pr,pr,pr,pr,pr"
github:kohei-takata,kohei-takata,Kohei TAKATA,228bde0eb1a74713209b6874e3f87bec0df97f83183789e7d4c4376e3bc01391,"commit,pr,pr"
github:koikoikoi,koikoikoi,Rich R,e718b6835f3e359048b7127e9bf30588157751b8dee84dd43f6db098e5ae7ccd,"commit,pr"
github:koke,koke,Jorge Bernal,2cd0668eec8277915ed91e75f9e9ca821ee68d036e88981f89400c552d01ac46,"commit,pr,pr"
github:koko57,koko57,Agata Kosior,65525dade75258129fc156f5d5d47f05d35a757383f99e0239b3693f1229a65a,"commit,pr"
github:kolinkrewinkel,kolinkrewinkel,Kolin Krewinkel,53d4cf65e581e8bb0162b01bef593c3414390a3ea730725d09515472cc5c4cca,"commit,pr"
github:kolyavv,kolyaVV,kolyaVV,f1b6ac39b37a969a4be5f31bbb7506b255e698abe5510df7d74b78518a38eff1,"commit,pr"
github:konradreiche,konradreiche,Konrad Reiche,5aa3339f4929723a67f09bd801c6a47fcb428c324dfe4ed53f4c869fe8055271,"commit,pr"
github:korden,korDen,Denis Koroskin,22106712e75aa74764ec76119e0a4bfbe55d3cc2198aa843e8ed26a3864832f4,commit
github:kosmydel,kosmydel,Jakub Kosmydel,eccb74fb9af6ded9e3c7796698c6dbeffcbf968d76c91607e6189b54baddbd2b,"commit,pr"
github:kostiakoval,kostiakoval,Kostiantyn Koval,1eccf6ed385186c24bf614251b088abb4438659b9f1ddc7fc3c436d09e6ed7fd,"commit,pr"
github:kot331107,kot331107,Filipp Mikheev,cbaef99e997fdb8e821a2692dfcc07f7b4ce0bf9debffe5e98ca5a3ddc494432,"commit,pr"
github:koukuntlaaditya,KoukuntlaAditya,KoukuntlaAditya,,pr
github:kouwei,kouwei,kouwei,,pr
github:kovalyovi,kovalyovi,kovalyovi,,pr
github:kozachenko-m,kozachenko-m,kozachenko-m,,pr
github:kphed,kphed,Khoa Phan,436178a44ab517648ef1620a1ada0395492a53c12f3d7b90ac8a286b28d4464c,"commit,pr"
github:kpink224,kpink224,kpink224,,pr
github:kpsroka,kpsroka,Krzysztof Sroka,6dc38b56395fd2d14a5505623410b848c1ef175ee242e9acf483d95343efde5d,"commit,pr"
github:kraenhansen,kraenhansen,Kræn Hansen,1c74d90cc7bdbc1abde14aada5cb8a4beab228a1bd1fe6d67b86d81f21f6039e,"commit,pr,pr,pr,pr,pr,pr,pr,pr,pr,pr,pr,pr,pr,pr,pr,pr"
github:kraffslol,kraffslol,Rickard Ekman,48cd6ecacf42b890e4b42df05dd89b44453387f199a96f9f596ae1d128cc57ad,"commit,pr"
github:krapspark,krapspark,krapspark,,pr
github:krashidov,krashidov,krashidov,,pr
github:krausefx,KrauseFx,Felix Krause,d9bc65964fee1d64eb92e0068501b9d9bd4ea6931e4549c1c6d67cd170a7615f,"commit,pr,pr"
github:krazyeom,krazyeom,sungwook yeom,3fb393cb1ddbce5538bc04ef7f549d0b7337aebbb6503502972e3455e4b9ac6a,"commit,pr,pr,pr,pr"
github:krdc,krdc,krdc,,pr
github:kreeksec,kreeksec,kreeksec,,pr
github:krimsonkla,krimsonkla,krimsonkla,,pr
github:krishpranav,krishpranav,krishpranav,,pr
github:krishx06,krishx06,krishx06,,pr
github:krisztiaan,Krisztiaan,Krisztiaan,d188961a41e7341d9bc5b5bc9bd7fbe76324e47ae108f861588a279798815f99,"commit,pr"
github:kriyszig,Kriyszig,Kriyszig,,pr
github:krizpoon,krizpoon,krizpoon,,pr
github:krizzu,krizzu,krizzu,,pr
github:krmao,krmao,krmao,,pr
github:kronopath,Kronopath,Gabriel Nunes,bafcb1e60c79f63a07e59c05b336cd1ede4131af825310d26fa1baa212adc01e,commit
github:krosenberg,krosenberg,Kyle Rosenberg,f3de0fcbea865aca68906b5e2da6d0bc9ef4dae2234b43589f1a93dce562ba57,"commit,pr"
github:krozniata,krozniata,Kacper Rożniata,19f4a486eb111a4e8a23a0391441ea1b0491a4558d51825d80cf57242fd8ce39,"commit,pr,pr,pr,pr,pr,pr,pr,pr,pr,pr,pr,pr"
github:kruczy,kruczy,Michał Kruk,caf17830553e2c201d90ac275b5e209a232d32cd60e811d1e283cc9024c9d1b8,"commit,pr"
github:krunalsshah,krunalsshah,krunalsshah,,pr
github:krystofwoldrich,krystofwoldrich,Krystof Woldrich,3d1bef56e4922466ffc28fad2dd58ecf5eb873732c4f5467b4f22306c8e2d2ec,"commit,pr,pr,pr,pr,pr,pr,pr,pr,pr,pr,pr,pr,pr,pr,pr,pr"
github:krzysztofciombor,krzysztofciombor,krzysztofciombor,,pr
github:krzysztofmoch,KrzysztofMoch,Krzysztof Moch,ac478b06d561437d6cb7ee82a16de680748538291e6caee5c1b079ec5f53a2d9,"commit,pr"
github:ksegla,ksegla,ksegla,,pr
github:ksherlock,ksherlock,Kelvin Sherlock,5bb8e10c6cf65de3c47840650990df70cda93fa838dbaeb7e9f66fa07fd8b941,"commit,pr"
github:kshitij86,kshitij86,Kshitij Kotasthane,29aa51a7054b0d5b09c9bc1a884e664b43362d83ba99a2d173d2b76d25fdf6b8,"commit,pr,pr,pr"
github:kt3k,kt3k,Yoshiya Hinosawa,dd43f3919f4f17526e942301d74af5d87e3cd588eb62ded98094cf97d86d05a2,"commit,pr"
github:ktwu,Ktwu,Kellie Medlin,e00e8090f7dbe3a1d4ce935740a036bd2aded54abb2f273356738123f5277720,commit
github:kuangzhongwen,kuangzhongwen,kuangzhongwen,,pr
github:kubabutkiewicz,kubabutkiewicz,kubabutkiewicz,,pr
github:kubik369,kubik369,Jakub Šimo,f820069fc9500d1fece241a9abc8b6d87b9194774bab10d61e541ecabfdbfb86,"commit,pr"
github:kuchitama,Kuchitama,Kuchitama,dac7310e97be98fbf3ee9f85c9a1adf9f8253b0903d293e52ed9b5abd66dcf32,"commit,pr,pr"
github:kudo,Kudo,Kudo Chien,635fbb69d62e2d10320698571f5a76038de7265773d43c55feb9e8f853b7872f,"commit,pr,pr,pr,pr,pr,pr,pr,pr,pr,pr,pr,pr,pr,pr,pr,pr,pr,pr,pr,pr,pr,pr,pr,pr,pr,pr,pr,pr,pr,pr,pr,pr,pr,pr,pr,pr,pr,pr,pr,pr,pr,pr,pr,pr,pr,pr,pr,pr,pr,pr,pr,pr,pr,pr,pr,pr,pr,pr,pr,pr,pr,pr,pr,pr,pr,pr,pr,pr,pr,pr,pr,pr,pr,pr,pr,pr,pr,pr,pr,pr,pr,pr,pr,pr,pr,pr,pr,pr,pr,pr,pr,pr,pr,pr,pr,pr,pr"
github:kujohn,kujohn,John Ku,22440a1837e55a5b45300ed2a30119cc9cfd38d8c949dfdcc394001f93225404,"commit,pr,pr"
github:kukuhama2008,kukuhama2008,kukuhama2008,,pr
github:kukulski,kukulski,kukulski,,pr
github:kulti,kulti,kulti,,pr
github:kunalchavhan,kunalchavhan,kunal.chavhan,01526ee6202ff1eb9a030c8c6ba460c0bf91220408b9e7bafcc9032c60bf4dad,"commit,pr,pr"
github:kunalfarmah98,KunalFarmah98,Kunal Farmah,85028b29ae07a0eb939a4f3310ec88a069f444fe7f6dd5714a8ea3382672c5fb,"commit,pr,pr,pr,pr,pr,pr"
github:kurapikats,kurapikats,kurapikats,,pr
github:kureev,Kureev,Alexey Kureev,b67b4c20b0adbd631ab2a35f54509698abb7eea5a8ee1a2e7f37e04da3a92b22,"commit,pr,pr,pr,pr,pr,pr,pr,pr,pr,pr,pr,pr,pr,pr,pr,pr,pr,pr,pr"
github:kushal,kushal,Kushal Dave,ddea991583b377e14a93e6e254ce04ac005a95aa356c19077580698b06fd7188,"commit,pr,pr,pr,pr"
github:kwasow,Kwasow,Kwasow,4ed68f8994ea34524febd583f6438e6f23acfe5bcca60d6b5e5bcfd16899efed,"commit,pr"
github:kwcto,kwcto,kwcto,,pr
github:kwef,kwef,Karin Wefald,411aaece041ed3df8a97e5139bcfe28dec3c7ba211813eb8471a8af31a798b49,"commit,pr"
github:kwelch,kwelch,kwelch,,pr
github:kwkr,kwkr,kwkr,,pr
github:kyamashiro,kyamashiro,Kazuki Yamashiro,3a72629b69d9668b3e7f5e7ea107d48b7f3129e51925aa994f35f67a30f3c0d6,"commit,pr"
github:kyawthura-gg,kyawthura-gg,Kyaw Thura,6958a7a17412af51506e5fdf1e0ce78134dab5529c3caff0f8492ffe6ec5068a,"commit,pr,pr,pr,pr,pr"
github:kyle772,Kyle772,Kyle772,,pr
github:kyleamathews,KyleAMathews,Kyle Mathews,4b30771b243e24958e0282549e1f364157f1d1a0fdc3e720cadbc732707bd327,"commit,pr,pr"
github:kyledecot,kyledecot,Kyle Decot,9aef94ad847a12c8471fa1ecb98bcfa19e0392645e29ca4914dcf8d7acc732d1,"commit,pr"
github:kylemacabasco,kylemacabasco,kylemacabasco,,pr
github:kymar,kymar,kymar,,pr
github:kyo504,kyo504,Hunkyo Jung,7768b68e0e2c6d2dc93dacf1e369934faba6968116dad4cbe4dfa8516a2779df,"commit,pr"
github:kys399,kys399,kys399,,pr
github:l2hyunwoo,l2hyunwoo,HyunWoo Lee,a7397a11efc612a29705c4e6c3983dd5cf8ada4920a50fa2fe22ab800d2898b5,"commit,pr,pr,pr,pr,pr,pr,pr"
github:l33tcodex0r,L33tcodex0r,Alexander Tu,2d4e8fe90dfaea36fae9536b00c62e52a3926502c61cf5879ddd60f58bab92df,commit
github:la-johan,LA-Johan,LA-Johan,,pr
github:lacker,lacker,Kevin Lacker,ce29766bc5814d5fc9f9af2830e8c29e82e17f206c828c16537c92e838076d11,"commit,pr,pr,pr,pr,pr,pr,pr,pr,pr,pr,pr,pr,pr,pr,pr,pr,pr,pr,pr,pr,pr,pr,pr,pr,pr,pr,pr,pr"
github:ladipro,ladipro,EUROPE\laprosek,83606470fe24d143b667e15ebf8e3ea38d3a171dce483eefcf7ba520ee22ac25,"commit,pr"
github:lafest,lafest,DeokHyeon Wi,15ecb5445cf978aa7c8ee1935d2445a335540d5f601cd99bb3c8d8cfb8e69e3d,"commit,pr"
github:laguana,Laguana,Laguana,0917f6086ae07ef215a206639afbfb78507c495fc949e1ac5714304e7cd332c6,"commit,pr,pr"
github:laiso,laiso,laiso,f191b4306fa721c381582acf717293674d429d0820e6dd488ddac0ad755d7bd5,"commit,pr,pr"
github:laitonen,LAITONEN,Eduard Rastoropov,1f0c96274df0bc7583be09f1c0e53d9afde74b7e9453bde8326b0b197af0a6c4,"commit,pr"
github:lalop,lalop,Sam,4d9d3d3e709be772dd963cba68eb49dab54fc29c0e14f203e6c82b40a09f1792,"commit,pr,pr"
github:lamberta,lamberta,Billy Lamberta,de2b414f4358464a09ec5fa2889707ceabdfa46c92ee0eaea03ced7c93aa7790,"commit,pr"
github:laneno,Laneno,Laneno,,pr
github:laotian,laotian,laotian,,pr
github:larkox,larkox,Daniel Espino García,e3709ec7e92cd9cc7dd237cc814c1867d73d90df50846814de91f0e48318f8ad,"commit,pr"
github:lassebm,lassebm,Lasse Bang Mikkelsen,eb73d0e811355a49f3d83f6db539cbc8177d952e1913986c08a914aee941248d,"commit,pr,pr"
github:laurilehmijoki,laurilehmijoki,Lauri Lehmijoki,73241601266ba79c16ae3767e244d354ecc3a6263e7a5d7e530a3a1b06eded67,"commit,pr,pr"
github:lavenzg,lavenzg,Gang Zhao,f5d4965125f9a4c22502c8a66b055c873ecfe9ff9c54b526da66f148d46cfc68,"commit,pr,pr,pr,pr,pr,pr,pr,pr,pr,pr,pr,pr,pr,pr"
github:laviavigdor,laviavigdor,laviavigdor,,pr
github:lawd-star,Lawd-STAR,Lawd-STAR,,pr
github:lawrence858,lawrence858,lawrence858,,pr
github:lax,Lax,Lax,,pr
github:lazaronixon,lazaronixon,lazaronixon,,pr
github:lazywei,lazywei,lazywei,,pr
github:lbaldy,lbaldy,lbaldy,270c44b0920872320a352ea2adae49d7b0d1d1c8ae8330402be2912dd55f353f,"commit,pr,pr"
github:lblasa,lblasa,Lorenzo Blasa,12c810360e1a2649adddb1ed735b51471c9898d48a9944cb9cb9dec12ac624a8,"commit,pr,pr"
github:lbrdar,lbrdar,lbrdar,,pr
github:le0pard,le0pard,Alexey Vasiliev,ba9c56f94824f4b4e25e074d4e311bb7a777d5c521e7bb116afe4f74fa6312c3,"commit,pr"
github:leabaertschi,leabaertschi,leabaertschi,,pr
github:learningdave,LearningDave,David Gröger,b4d0ea6848ac64589df2b7c723e0bde74704d29c0f77be90da2d4c057d7243ad,"commit,pr,pr"
github:lebedev,lebedev,Angly Cat,240200b0beba8848a94c2b4a9890fc9948c1e87223df01353a7aed4d56c85005,"commit,pr,pr,pr"
github:leebyron,leebyron,Lee Byron,70b09a8f3f7e482d52d07431a32fb83200af8212d9ba64e9f7df4b6cf1b1dde5,commit
github:leedom92,leedom92,leedom,3aadb2bc997c3c0406af8f2a475eca833dff501f2909d02ae16cc643fface261,"commit,pr"
github:leehowes,LeeHowes,Lee Howes,26320f737cf1e6e3b9a5058ee2cf4b589385d23eff8777c6c2b9adc9900ebf9c,commit
github:leeight,leeight,leeight,96082094d7b5174c4540eed6b55db1614f26bc31e28120791f4db4bb568f9d08,"commit,pr,pr,pr,pr,pr,pr,pr,pr,pr,pr,pr,pr,pr,pr,pr,pr,pr,pr,pr,pr,pr,pr,pr,pr,pr,pr,pr,pr,pr,pr"
github:leejinsquidman,leejinsquidman,Jin Lee,1a5b478ec43aebcca2f0cd5e0f5439e120431ad945d65756b316a97723191eae,commit
github:leeyeh,leeyeh,leeyeh,1ebcc175262f0f3d5c72cfc2530ac5e41240e583f1a70e29ddb8d4d9a2341261,"commit,pr,pr"
github:leg234-png,leg234-png,Wandji Emmanuel junior,f71c146ad994c237a1901e61a540407666512aa91a36f80e4700fdc32b3f7338,"commit,pr"
github:legendar,legendar,legendar,,pr
github:legion2,Legion2,Leon Kiefer,e68d38659006dceddff2cb5c5979ca30a2a81cfc7f511a8e2eaf4788557c3cd7,"commit,pr"
github:legobeat,legobeat,legobt,7c36f809a13ed4666976d5f289f28df279a98858511e960def238a9ee7adf189,"commit,pr,pr"
github:leibowitz,leibowitz,leibowitz,,pr
github:leixd1994,leixd1994,leixd1994,,pr
github:lekenny,lekenny,lekenny,,pr
github:leko,Leko,Leko,b0bdc005b7c0ddefc9612bb562dcfd804b04dc5dbd91b63e6d4fe720f030b959,"commit,pr,pr"
github:lelandrichardson,lelandrichardson,Leland Richardson,947ed445787c571fe45c3a48a227692adacf591ac11d77a5ad0470690a259829,"commit,pr,pr,pr,pr,pr,pr,pr,pr"
github:lenaic,lenaic,lenaic,,pr
github:leolebras,LeoLeBras,LeoLeBras,,pr
github:leomeloxp,leomeloxp,leomeloxp,,pr
github:leon087,leon087,leon087,,pr
github:leonatan,LeoNatan,Leo Natan,f95819e14ab6b0d3d25ce11cfd8eb7b70e0629b1c1343beeb57ecfa3ed681330,"commit,pr,pr,pr,pr"
github:leonchabbey,leonchabbey,leonchabbey,,pr
github:leondvlpmnt,LeonDvlpmnt,Leon,e1ab8aa6df9a00356b250c451c36bfa685d23201a50b8424fcd771a2514d1deb,"commit,pr,pr"
github:leotm,leotm,LeoTM,c0e82a87aeb2acb40859075c6bf63ed414a0c50b0e12700d981c4623c79e42f2,"commit,pr,pr,pr,pr,pr,pr,pr,pr,pr"
github:lesliesam,lesliesam,lesliesam,,pr
github:lessthanno,lessthanno,lessthanno,,pr
github:lethanh9398,lethanh9398,lethanh9398,,pr
github:letianpailove,letianpailove,letianpailove,,pr
github:letscode-17,letscode-17,letscode-17,,pr
github:levibuzolic,levibuzolic,Levi Buzolic,ac5c8e83cbb3046c59d0a0c5bfaafe2eb5238cac6d7952c3a2bec3fefc07d701,"commit,pr,pr,pr,pr,pr,pr,pr"
github:levic92,levic92,levic92,ce2f34e40b6b9b776c8c2969cf3c5937942d1a64c481a6ef7e820c6970fe1d1f,"commit,pr,pr"
github:leviwilliams,LeviWilliams,Levi,4a40bccb2c5cdd9d8af07c8cb40c373e28d168e747ecb64d39877078dae71227,"commit,pr"
github:levsero,levsero,levi serebryanski,7895271ff8ecc88f204043ae1abab198246d64562e16d4edbe4723bfc44838c4,"commit,pr"
github:lewiscasewell,lewiscasewell,lewiscasewell,,pr
github:lexs,lexs,Alexander Blom,cf11fb102445d921da1f0f57bfa6d10d53e85342e8fe44d44ec38560c31e5bac,"commit,pr,pr,pr"
github:lfabreges,lfabreges,lfabreges,,pr
github:lgan1989,lgan1989,gl8997@gmail.com,3e729bfdc04192679258155c39a50b08fae8999f73c3596f1e4159eb280cc93c,"commit,pr"
github:lgraubner,lgraubner,Lars Graubner,5bc0c8de5da09bddcc9bd0875b159e588d9c0ec921660c2c03e57e572bb9eb89,"commit,pr"
github:li-yechao,li-yechao,li-yechao,,pr
github:liamandrew,Liamandrew,Liamandrew,038e861457361d722413cbd7345a45cdc680cd4d8ef1b844bf935b0168c60501,"commit,pr,pr"
github:liamfd,liamfd,liamfd,,pr
github:liaminjapan,LiamInJapan,Liam,113f141b3d1d3b7a7fdeaf601bc1a37a353c9599ed43c682621468107d1eda49,"commit,pr"
github:liamjones,liamjones,Liam Jones,16b6de501a298a7cf29589897f2a0155ba482eeecb43e9e6c9f5098b6841d374,"commit,pr,pr,pr,pr,pr,pr"
github:liamsheppard,liamsheppard,Liam Sheppard,7fa843fbf532e56e378efc7588da457d3d0d0b88286310fbdac9414d1ca615d6,"commit,pr"
github:liamxujia,liamxujia,Liam Xu,6217c6d49869ed9fa0013310ae7076e5babd59874dceb55fe21d0f7bfcaed55d,"commit,pr"
github:liangguohun,liangguohun,liangguohun,,pr
github:liaohuqiu,liaohuqiu,liaohuqiu,,pr
github:license2e,license2e,license2e,,pr
github:liesislukas,liesislukas,Lukas Liesis,bc4d8a8b58c1595f99c2ee5a2a77bab0f8ec18366db22c534c838bb36f974ef9,"commit,pr,pr,pr"
github:ligaz,ligaz,ligaz,,pr
github:lightboys22,lightboys22,lightboys22,,pr
github:lightningtgc,lightningtgc,lightningtgc,,pr
github:likern,likern,likern,,pr
github:limalbert,LimAlbert,LIM Albert,e11569e1dfbefd3ea84643edcdf0c9c21120ea8a00274ca382182dfbd68cf2a6,"commit,pr"
github:limscoder,limscoder,limscoder,,pr
github:lindboe,lindboe,Lizzi Lindboe,055f0752633045b59369572578937dbc0eef1c5b2bced72b5fd7681dc29e909b,"commit,pr"
github:lindskogen,lindskogen,Johan Lindskogen,5d8f11e430ba7b273f19542ad06810581be7bf2f62fcb323097c05f1443e0dc8,"commit,pr"
github:lineswan,LinesWan,yunfeng,7c0aedc9d221500adf835c3d4abee76e74b3b1996e0b07b8ebc5f18eaa254205,commit
github:linh-le,linh-le,linh-le,dd1c2f888b5d497cd5dd07684e79a0e5c7999f10b5456fb2f46d43d66b2dff39,"commit,pr"
github:linhvovan29546,linhvovan29546,linhvovan29546,,pr
github:linjson,linjson,linjson,,pr
github:linkecoding,linkecoding,linkecoding,,pr
github:linmic,linmic,Linmic,1499b31976b6f9de5a9fedbd465c78a308e547eacaca3ab8f10c988841c3aa4f,"commit,pr,pr"
github:linnett,linnett,Sam Linnett,76b5fcd3746ec0feff3e38b59c2b910bd0d35da5db432d8de1f30aec3f9e9c13,"commit,pr"
github:linshu123,linshu123,linshu123,,pr
github:linusu,LinusU,Linus Unnebäck,efde0e9f74c4c0ce2d24346c7c7bc857039293d499fcb5f013c48e83f540cd13,"commit,pr,pr,pr,pr"
github:liqichao,liqichao,Li Qichao,4e95e0c7579670db9ced93b9ff497855f06926d13dcee7d0611ba3dee8bc53e7,"commit,pr"
github:lironer,LironEr,LironErman,de02d3ec12f0196d051386fd422dc470e0730c86872c5b9491ad3fc422608fc6,"commit,pr"
github:lironmosh,lironmosh,lironmosh,,pr
github:listenzz,listenzz,Listen,cb83f2dbe22187abab750276849a2d05e8c80b61fcd0173ab468f80af9e3b798,"commit,pr"
github:litiangong,litiangong,litiangong,,pr
github:littlesome,littlesome,littlesome,,pr
github:liubko,liubko,Liubko,836534fd12d690a797af4b999608ce0fbfdc45b333fc6a50d1582a7247b07ad4,"commit,pr"
github:liuqiang1357,liuqiang1357,liuqiang1357,,pr
github:liushigit,liushigit,liushigit,6af7d5303d1f085d98fda9f988957c00ccb8b4bdcecbb31d642737461383c81e,"commit,pr"
github:liusy182,liusy182,liusy182,,pr
github:liuyaodong,liuyaodong,liuyaodong,,pr
github:livioso,livioso,livioso,,pr
github:livyli,Livyli,Livyli,,pr
github:ljbc1994,ljbc1994,Louie Colgan,2f9438a49c1acebd17c549b6be58e936a131c02abf166ab40539dd4eafb0a4bb,"commit,pr"
github:lklots,lklots,Levy Klots,137b80804a9e4d19690d886353736eb59f44bf909dc6bfe3b8d5ab735bce861e,"commit,pr"
github:lloydho,lloydho,lloydho,,pr
github:lloydnye,lloydnye,Lloyd,5bcc13d7ba4b24eb3a7011ebc68ee95c4369f7a8a7c1d8fb79dddb40db9d209e,"commit,pr"
github:llrizvanll,llRizvanll,llRizvanll,,pr
github:lluiscab,lluiscab,Lluís,b373491e0ad6a3ae24f26e12b6891801264a6100b1851d43b989de0369adf8a8,"commit,pr"
github:lndgalante,lndgalante,lndgalante,,pr
github:lnikkila,lnikkila,Leo Nikkilä,2ffc69a8bbeff5f0aa56b10685d8e2ceda834b0e45e7f98a71c2c5412bc95976,"commit,pr,pr,pr,pr,pr"
github:locly,locly,locly,,pr
github:lodev09,lodev09,lodev09,,pr
github:lodi-g,lodi-g,lodi-g,,pr
github:logandaniels,logandaniels,Logan Daniels,364ae5fe9997c1e51cfe8f446e7150c5b5b539205758ac5ccc634bab3df93333,commit
github:loiralae,loiralae,loiralae,,pr
github:lokshunhung,lokshunhung,LS Hung,72cb5e6df300d2014b1ec15cf03ea31e3e29794e83406acfec8e7f912be83225,"commit,pr"
github:longdivision,longdivision,Sean Powell,4621c51aa412eb5cd4dcb07b564fe331d36b82663141cc47d1ff36826a1e547f,"commit,pr"
github:lorandp,LorandP,LorandP,,pr
github:lorenc-tomasz,lorenc-tomasz,lorenc-tomasz,,pr
github:lorenzobloedow,LorenzoBloedow,LorenzoBloedow,,pr
github:loringdodge,loringdodge,Loring Dodge,c2dd580675385b7763709b30e97c6a75869dad2808ada41ac08f36ee0f4116ce,"commit,pr"
github:louisgv,louisgv,lgvichy@gmail.com,97db168cbaf3f89a827fbf64b05756d85a3e52572c2ddfeafb4e7d8214b1d342,"commit,pr"
github:louiszawadzki,louiszawadzki,louiszawadzki,,pr
github:louix,louix,louix,6ea1a823cb2b28bf51a0b4ba017406baf23f4b0cbb8e0aca6df0c337df9ee712,"commit,pr,pr"
github:lovato,lovato,Marco Lovato,f719bc498cc4164b7ba06069e1e3b057116cded76d852d3e87cff4bff5ab3ad1,"commit,pr,pr"
github:loveaurell,loveaurell,loveaurell,,pr
github:lovegaoshi,lovegaoshi,lovegaoshi,,pr
github:lpil,lpil,Louis Pilfold,af4bf10a72a87ae750327474b4a13500f2148acc89bcf21d541bc28374d064f5,"commit,pr"
github:lprhodes,lprhodes,Luke Rhodes,29c69f643c4f7538c47f5c4aefeeeb6436182bd2c350db609921a5fbdf81d3d1,"commit,pr,pr,pr,pr,pr"
github:lpww,lpww,Thomas Treffry,68b7e6aeeaac792a3211cabf7fb9c7b7cb915af37082bb5972ed2953e225231b,"commit,pr,pr"
github:lqd,lqd,lqd,17ca85db965abd9fc07a8220db54f307201c284ae144748f39250f7b01cd9e4a,"commit,pr"
github:lrettig,lrettig,Lane Rettig,d937510ef2cec12dabbbd619079d0a64bc297b5a6e7858167fd4f4b3cb8c80a6,"commit,pr"
github:lrnz09,LRNZ09,Lorenzo Pieri,e76f2a12ed3ebdd63eccf8c0cb906e22fc1e0e558c459eac5379f1cfb865faf8,"commit,pr"
github:lshir,lshir,lshir,,pr
github:luancurti,luancurti,luancurti,f9c01c01ef5c8e209e6d66717476bd58add9c3a5250dba374198d8aaf5ef7644,"commit,pr,pr,pr,pr"
github:lucasantarella,lucasantarella,lucasantarella,,pr
github:lucasbento,lucasbento,lucasbento,,pr
github:lucasfeliciano,lucasfeliciano,Lucas Feliciano,a59ff2714ada52e303e31b513c41cbd0bd5e8796b8b8c37a8ecac95570acac1b,"commit,pr,pr,pr"
github:lucasr,lucasr,Lucas Rocha,c67ae5df6b72a4ef9547af1a3e817fe9e3a11ac5a28cd99f768743ac7ff667d3,commit
github:lucian718,lucian718,lucian718,,pr
github:luciang,luciang,Lucian Grijincu,e62268aebb3d80febb70c42a2cd912e287a746afded00656c896c0165b00feab,commit
github:lucianomlima,lucianomlima,Luciano Lima,493c2d05dbb6a757116b6b6914fbd778c4a0b96d4114d06b0a1bcdc7d71c288f,"commit,pr,pr,pr"
github:lucianotrujillo,LucianoTrujillo,LucianoTrujillo,,pr
github:luciochavezfuentes,LucioChavezFuentes,LucioChavezFuentes,,pr
github:lucivpav,lucivpav,lucivpav,,pr
github:luckyluky,LuckyLuky,LuckyLuky,526a539390772bc56123a800aa8d0df51edd31326b6cd08c008e235d9bd9fb46,"commit,pr,pr"
github:luckyscript,luckyscript,luckyscript,,pr
github:luco,luco,luco,,pr
github:ludofischer,ludofischer,ludofischer,,pr
github:luisbebop,luisbebop,luisbebop,,pr
github:luisfcofv,luisfcofv,luisfcofv,,pr
github:luisfpinto,luisfpinto,Luis Pinto,372440219f48fb01e4e3e2c8e8c22e38bd6226034542ba24ce90924f37f59bfb,"commit,pr,pr,pr,pr"
github:luism3861,luism3861,luism3861,9d5a9adda8517d6ae15524a2d073eee3a0302e26db9fa66b130480557a9f9a8b,"commit,pr,pr,pr"
github:luisnaranjo733,luisnaranjo733,luisnaranjo733,,pr
github:luissantana,luissantana,Luis Santana,e35a6c5fb1796c43bda11c1bfb2600cdba38882b7f72263f0761640633801ee2,"commit,pr,pr"
github:lukarusadze,LukaRusadze,LukaRusadze,,pr
github:lukaspiatkowski,lukaspiatkowski,Lukas Piatkowski,0b0ab1e7a904f47e540c9bd1bfd5645539b36d2f054706b89dc77f5b8ec71da5,commit
github:lukasredev,lukasredev,lukasredev,,pr
github:lukaszkurantdev,lukaszkurantdev,lukaszkurantdev,,pr
github:lukeavery92,LukeAvery92,luke.avery,4142db5ce67dab2675564d41b6d51928bb8a0493f0219569279e40f6b59c3f01,"commit,pr,pr"
github:lukedurrant,LukeDurrant,lukedurrant,a725b085cec1c1d5fede9392524fafb85431c6bce2d4e83f9b128de1ab28f881,"commit,pr,pr,pr,pr,pr"
github:lukeharvey,lukeharvey,Luke Harvey,9b6fb2b27bc7b1faee76f21bb83bf65e9cd0d107203931063a4c34ebdb71f3f8,"commit,pr,pr,pr"
github:lukewalczak,lukewalczak,Luke Walczak,bd2bccd6d63d2e49936fb20a4128f993ffd01e74f268319ffd570424c2a5b439,"commit,pr,pr"
github:lukewlms,lukewlms,lukewlms,,pr
github:lukeyoung100,lukeyoung100,youngjl1,99747b0e153d36e2aeb919d940d54e97b69fd28260a5eae9ad0c9ae3a9f713ec,commit
github:lukmccall,lukmccall,lukmccall,aa2da9ae5c254d9e8b173fd09eda616024e64b6e325f9dda5d37c5e13e0c2cf4,"commit,pr,pr"
github:luluonet,luluonet,luluonet,,pr
github:luluwu2032,luluwu2032,Lulu Wu,67ab1fd8a42444ae4b95362785b9a8e0f13a620e965d48954e727237a2c1ec87,"commit,pr,pr,pr,pr,pr,pr,pr,pr,pr,pr,pr,pr,pr,pr,pr,pr,pr,pr,pr,pr,pr,pr,pr,pr,pr,pr,pr,pr,pr,pr,pr,pr,pr,pr,pr,pr,pr,pr,pr,pr,pr,pr,pr,pr,pr,pr,pr"
github:lunaleaps,lunaleaps,Luna Wei,eca102cb75958b28aa2d16b00f8af0bd38d5ec8d73d76b5c60cf6d9286a19c21,"commit,pr,pr,pr,pr,pr,pr,pr,pr,pr,pr,pr,pr,pr,pr,pr,pr,pr,pr,pr,pr,pr,pr,pr,pr,pr,pr,pr,pr,pr,pr,pr,pr,pr,pr,pr,pr,pr,pr,pr,pr,pr,pr,pr,pr,pr,pr,pr,pr,pr,pr,pr,pr,pr,pr,pr,pr,pr,pr,pr,pr,pr,pr,pr,pr,pr,pr,pr,pr,pr,pr,pr,pr,pr,pr,pr,pr,pr,pr,pr,pr,pr,pr,pr,pr,pr,pr,pr,pr,pr,pr,pr,pr,pr,pr,pr,pr,pr,pr,pr,pr,pr,pr,pr,pr,pr,pr,pr,pr,pr,pr,pr,pr,pr,pr,pr,pr,pr,pr,pr,pr,pr,pr,pr,pr,pr,pr,pr,pr,pr,pr,pr,pr,pr,pr,pr,pr,pr,pr,pr,pr,pr,pr,pr,pr,pr,pr,pr,pr"
github:lunaruan,lunaruan,Luna Ruan,848b35748624c9db28293b537a4e6ee249f830e136a547111e5ed76a57b3b235,commit
github:luoshuai5,luoshuai5,luoshuai5,,pr
github:luoxuhai,luoxuhai,luoxuhai,61db64e0a1a500ac22840b6609820e65b36e1cd85fae90bb97d59b474def36cb,"commit,pr"
github:luqmaan,luqmaan,luqmaan,,pr
github:luxlorys,Luxlorys,Luxlorys,,pr
github:lverking,lverking,lverking,,pr
github:lvwang2002,lvwang2002,lvwang2002,505ed3d456b43b86a36952cc92d360753b556a9eea5484bd5b294e0934b2a670,"commit,pr"
github:lvyile,lvyile,cclv,f836b9a51609e8d2bfea48c830e2a5c35670754c41720070b4a0cd1a8c20dffb,"commit,pr,pr,pr,pr,pr,pr,pr"
github:lwansbrough,lwansbrough,Lochlan Wansbrough,ee8eef1f3e01e1ac65db58928418bc739e9da61b47ed1939c9206717f75e2b76,"commit,pr,pr"
github:lwinkler-mathspace,lwinkler-mathspace,Lindsay Winkler,0cb4ab6bb68b2827d8dabada0a63ac262dc55a711e523b675bf98244e5034ee0,"commit,pr"
github:lwinkyawmyat,lwinkyawmyat,Lwin Kyaw Myat,4bf13f1c77b796af5bd3be5361bb82873f51be16f949d806decfdc17a67b540d,"commit,pr,pr,pr,pr,pr"
github:lwyj123,lwyj123,Pearce Liang,9dfa18a62b4ca4b571b07fc048a376e03e78dd3b3d2e3039f71484fc998dbca8,commit
github:lxsameer,lxsameer,Sameer Rahmani,9b855e27f85c7a9e6587bb9e23ee02e701bf3374bfa2d448cd4eae39e45bdde8,"commit,pr,pr,pr"
github:lxxyx,Lxxyx,Lxxyx,4e1310b9f1091c593c01db548603070e9b6acf968cbc0114d50dec1fa5704c6e,"commit,pr,pr"
github:lyahdav,lyahdav,Liron Yahdav,a2b1a1ae9f514c4676efeaa332eb3a04fdecd3e9ccc571d9eb7bc11bddf51ee8,"commit,pr,pr,pr,pr,pr,pr,pr,pr,pr,pr,pr,pr,pr,pr"
github:lyair1,lyair1,lyair1,,pr
github:lyandrew,lyandrew,Andrew F. Ly,bc11ae7860bc6a6c533b532ae744970cb624da655d3fd812d1485fe58620a730,"commit,pr"
github:lyb0307,lyb0307,lyb0307,,pr
github:lyqandy,lyqandy,yaqi.liu,1473f286a95f48b58056ab117ddd012a89a4659144906ad1e548c9d0998acc7a,"commit,pr"
github:m-hosoi,m-hosoi,m-hosoi,,pr
github:m-i-k-e-l,M-i-k-e-l,M-i-k-e-l,,pr
github:m-nakamura145,m-nakamura145,m-nakamura145,ca13063542668b9207992d19a6cef92f8f372014c53999807343558959aaa0c9,"commit,pr"
github:m-pol,m-pol,m-pol,,pr
github:m0ppers,m0ppers,m0ppers,,pr
github:m3vaz,m3vaz,m3vaz,8e8e799a086fc23a4be2ff82f95d630e4f2dc280029652ae5f6e482ba5844e91,"commit,pr"
github:ma2bd,ma2bd,Mathieu Baudet,1fff8a06039832ced6149e5b3f792534442a47fb00c3f351343075a8e531f53f,commit
github:ma94264,ma94264,N.M,e1a303521331d13e8430a2e2c95d079f1fbf43d6b954ae32564acacbf6a9bb7e,"commit,pr,pr,pr"
github:ma96o,ma96o,masaaki1915,3700872500ce0e63aa9c1118359230d58fcf559ff530f9936da7d0b8cb537dd8,"commit,pr,pr,pr"
github:maartenschumacher,maartenschumacher,Maarten Schumacher,2decb44571dbb97ec34cf766d6b0b85e66ba9f743d2bcba6211bfb8f5e368d9d,"commit,pr,pr,pr,pr,pr,pr,pr"
github:maaxg,maaxg,maaxg,76f8f823e7d558a8b9e45b62634bb1ad56f64c482b0f0c41641dc683e37bb1f4,"commit,pr"
github:mabels,mabels,mabels,,pr
github:macdoum1,macdoum1,mmacdougall,57c1a268db4748936558f05d001094f09a4e0a5c676465c0f79f7aa8a9e1a7f0,"commit,pr"
github:machadogj,machadogj,machadogj,,pr
github:machard,machard,Matthieu Achard,fabfa82d38ce8975e187c9672eb0103e0aaf5ea75e0f6522c932f2e9f5961517,commit
github:machineloop,machineloop,J. Andrew Brassington,8ce5ec54b69ec4c718c2ca5b0800321180b4c8a6d53f7a5e5dbbaeaee42bbb27,"commit,pr,pr"
github:maciekstosio,maciekstosio,maciekstosio,,pr
github:mackbrowne,mackbrowne,Mack Browne,8d7b8f4320b1018448d02917e8027ffbd17719520097d609af8c04d691bbedba,"commit,pr"
github:mackentoch,MacKentoch,MacKentoch,315fcd1a52e03ce1e17b111d6b5f62912b958d0fb45b01b6776d1d2a35691968,"commit,pr,pr"
github:mackenziemance,mackenziemance,Mackenzie Mance,c24c03a784de588b12bb02306a523a40118d5685e8b04ae1fb7941af9d74f390,"commit,pr"
github:mackness,mackness,mackness,,pr
github:maddiesch,maddiesch,maddiesch,,pr
github:madeinfrance,MadeinFrance,MadeinFrance,,pr
github:madhav23bansal,madhav23bansal,madhav23bansal,,pr
github:madhavgharmalkar,madhavgharmalkar,Madhav Gharmalkar,cca60b0073718647ba1e7737112f3e2bd3c2f51e34ed82558da65eacad6a3097,commit
github:madhur,madhur,madhur,,pr
github:maeig,MaeIg,MaeIg,507ab9cf59e12709da18b4f2e231ea55841cbfb7f1f2e0f16a03d1520b13c705,"commit,pr,pr,pr,pr,pr,pr,pr,pr,pr,pr,pr,pr,pr,pr,pr"
github:magicien,magicien,magicien,5e049b016ee473e4c09d7a0479afbb1bfc7e8e0681dc5a4fe3521aa8c773758e,"commit,pr,pr,pr"
github:magicismight,magicismight,Horcrux,6f3a7d07364f22772008fe654480b2ec38dd451a32eb3936389c95a6f2d0387e,"commit,pr,pr,pr,pr,pr,pr,pr"
github:magrinj,magrinj,Jérémy M,b78e82cfb875c0607eb10d9930361ada71c70f5ea82ca568a5ceed003478ae80,"commit,pr,pr,pr"
github:magus,magus,magus,,pr
github:maicki,maicki,Michael Schneider,09072c5986f8c9be400a5ff254a549bb1d6e0872d0b2b0b3bec526b10cd40252,"commit,pr,pr,pr,pr"
github:maikokuppe,maikokuppe,maikokuppe,,pr
github:majak,majak,Martin Kralik,43facf443704d2a2c304526dcde1d110b7414eaa08ba70013f012405e38e99c5,"commit,pr,pr"
github:majkpal,majkpal,majkpal,,pr
github:makadaw,makadaw,makadaw,4b3b87ceb7a6f09802b1e5962795727647e11c5ff6f09d7f2a551c0556e969c8,"commit,pr,pr"
github:makard,MAKARD,MAKARD,,pr
github:makarkotlov,makarkotlov,makarkotlov,,pr
github:makitake2013,makitake2013,makitake2013,cf63c1be17c4b606c28c4d63bd1c452983463ca802f9d307acbda72c9862b608,"commit,pr"
github:makovkastar,makovkastar,Oleksandr Melnykov,a7ae362ef67a60f9ba60ba4c991fe6876ddb9056a09be5fe71488fface8d89bd,"commit,pr,pr"
github:maksimr,maksimr,Maksim Ryzhikov,04904e3d89e031f25942c2e872f218e4c72abd54c63b20e9b6b45e53bf4ae4d3,"commit,pr"
github:malacca,malacca,malacca,7bce00ea1800baeb5964fcfdc7f47a2939041034cfb73f9930423f7503c54a61,"commit,pr,pr,pr"
github:maliang2008,maliang2008,maliang2008,,pr
github:malinjr07,malinjr07,malinjr07,,pr
github:malord,malord,Mark Lord,678c2e3d719cf9419228b82e8567be4fe53a32a1b7ef064c2aa0bd08adbd5b3f,"commit,pr"
github:maltoze,maltoze,maltoze,f8476fb0e019c5567aa03b30b9d64627a6f0b6f7e831c90d54be6212fb761a29,"commit,pr,pr,pr"
github:maman,maman,Achmad Mahardi,4f609044d0137fadd6ecffecc25dbd51b4a15789eff2ae5a49dd4978654af044,"commit,pr"
github:manarhidayat,manarhidayat,manarhidayat,,pr
github:manasjayanth,ManasJayanth,Manas,2bfcc2093a276788f6f16d8da552dffc22a1745bd1f1ed611b27f287a1b70ffb,"commit,pr,pr"
github:manask88,manask88,Manuel Nakamurakare,bf63404c6c4cdebe3aa42707d5970d18df66e5443f50cb4e790bd7254e8d76c0,"commit,pr,pr,pr"
github:mandrigin,mandrigin,Igor Mandrigin,73ec7c3e0124fdc03b03c75bad6f4dd84e05b0de2c2d1100895e530d90981a64,"commit,pr,pr,pr"
github:mangogogos,mangogogos,mangogogos,,pr
github:mangtomas23,MangTomas23,Adrian Paul Matos,fae70c0d2117186d6c26eb78146b31e896fa2682016948b1003f96b7be96b746,"commit,pr"
github:manicakes,manicakes,manicakes,,pr
github:manishbalayan,manishbalayan,manishbalayan,,pr
github:mannol,mannol,mannol,b8d228ba16ca3f09399e3258ee4657968555d8a91af8ea1f1d23bed3a11d2763,"commit,pr"
github:manoellobo,ManoelLobo,ManoelLobo,,pr
github:manoj398,manoj398,Manoj Kumar,5755db76f893eb2f7e96110ed3f032a9c914435af865c923d202f4f176d43379,"commit,pr"
github:manonthemat,manonthemat,manonthemat,bd0859e89e6bc46aa10c95ebc91df2269741afca93fe90e988b44145b2546465,"commit,pr"
github:manosim,manosim,Emmanouil Konstantinidis,776c77a8deb466b6afa6dc1512221fe688902644d891c05cd4d5a8883d917325,"commit,pr,pr,pr,pr"
github:manse,manse,manse,,pr
github:manyaagarwal,manyaagarwal,manyaagarwal,,pr
github:marafat,marafat,marafat,,pr
github:marcelkalveram,marcelkalveram,marcelkalveram,,pr
github:marcelokanzaki,marcelokanzaki,Marcelo Kanzaki,eac9232964d6206f1d008b1c6c83dbf7a3324c0c709a8e167bb71ec902ac1e19,"commit,pr"
github:marcesengel,marcesengel,Marces Engel,631bd833fffecf4f97a4f24063b1bce83600760450f8a5f758a5e5cb3f9131e3,"commit,pr,pr,pr,pr"
github:marcgug,marcgug,marcgug,,pr
github:marcind,marcind,Marcin Dobosz,b5c5fc3fde0659a02ce5999bf85e591533af89e8ebb0b7e2227d72bd905bf4e4,"commit,pr"
github:marclaval-watcher,marclaval-watcher,marclaval-watcher,,pr
github:marcmulcahy,marcmulcahy,marcmulcahy,,pr
github:marco-cova,marco-cova,Marco Cova,858e4c4c45e66c6401a11aadc7b0dd094ad42b6ff62418920ac1cf310311c5ac,commit
github:marcobonaldo,marcobonaldo,marcobonaldo,,pr
github:marcocaldera,marcocaldera,Marco Caldera,e39146c87bae5d23bce35bfcf21985e65e2e8c8160effa5b8d0beb10342689d5,"commit,pr"
github:marcoo09,Marcoo09,Marco Fiorito,0ccc62a43f8bfd720251c9a2287439af30f74239296b1e47cb0aab4a066b4465,"commit,pr,pr,pr,pr,pr,pr,pr,pr,pr"
github:marcopolo,MarcoPolo,Marco Munizaga,54f98db821a70f11fd218ed16b771bf56e60cc6be7e520fc30473c21f1557efb,"commit,pr,pr"
github:marcoscabbiolo,MarcoScabbiolo,Marco Scabbiolo,5a3f12a216809682d324fa1be359384017d14f7b90eb4b6f82c131ca779dffbb,"commit,pr"
github:marcoww6,marcoww6,Marco Wang,605532ffdef4411f9f87cd4b3550627916ff25344e6f7422fa64fa21a6468011,"commit,pr,pr,pr,pr,pr,pr,pr,pr,pr,pr,pr,pr,pr,pr,pr,pr,pr,pr,pr,pr,pr,pr,pr,pr,pr,pr,pr,pr,pr,pr,pr,pr,pr,pr,pr,pr,pr,pr,pr,pr,pr,pr,pr,pr"
github:marcshilling,marcshilling,marcshilling,,pr
github:marcus172,Marcus172,Marcus172,,pr
github:marcusroberts,marcusroberts,marcusroberts,,pr
github:mariostallone,mariostallone,Mario Stallone,791bddb330b5db324f46481d8588ead6bbe92e241f3dc95089753e34819e50db,"commit,pr"
github:mariten,mariten,Jeff Case,79810c849dc2bc492bf157204f02816b1edd78367a0320b66a45cd765e8cc50d,commit
github:mariusbutuc,mariusbutuc,mariusbutuc,,pr
github:mariussoutier,mariussoutier,mariussoutier,,pr
github:mariuszdev,mariuszdev,mariuszdev,,pr
github:markcsmith,MarkCSmith,Mark Smith,4e8281a5b016a6d30663ebc61ffc6b15a525a062aea68b2f14b4fd1399030f37,"commit,pr"
github:markneub,markneub,Mark,d7855a08b35e73b32f03bfcb5e2ac233eb5edea4dc310f7838c33b8c13b4ef9a,"commit,pr"
github:markrickert,markrickert,Mark Rickert,49f4ca24ea0b4ac8b788d0a43d9df2aab54c9264a5b889ec46e55c929edf5fc7,"commit,pr"
github:marksinkovics,marksinkovics,Mark Sinkovics,7164604e2f2abc2151946b1cf96cccd3afa5f8ba639e899a68250e2fb987d01d,"commit,pr"
github:markthom-as,markthom-as,markthom-as,,pr
github:markv,markv,Mark Verlingieri,be4df1006cb3f254e1ef17e12c4fe2bd646d406ea73627a2570276df8eb251f9,"commit,pr"
github:marlenecota,marlenecota,Marlene Cota,b81df274b4a7f6ac9d15cc7b78c9967f46ec45c219c274cb7889f7a895b8eed4,"commit,pr,pr,pr,pr,pr"
github:martco,martco,martco,,pr
github:martin-ortega,martin-ortega,Martin Ortega,cbbcef42e4e4a110edabed48008cab7662c5ab636b82d2c73f19529d7c71909c,commit
github:martinbigio,martinbigio,Mart?n Bigio,37abffacd1817f4d35ea437ce5177a22efb608ba193567cd419ca1756bcffcfa,"commit,pr,pr,pr,pr,pr,pr,pr,pr,pr,pr,pr,pr,pr,pr,pr,pr"
github:martinbooth,martinbooth,martinbooth,,pr
github:martincamen,MartinCamen,MartinCamen,,pr
github:martincerny-awin,MartinCerny-awin,MartinCerny-awin,,pr
github:martinezguillaume,martinezguillaume,Guizmo Martinez,de10ec14ba05447074d8188ca41283c3f76ac99e0ba4d2943ea63b40911eea6f,"commit,pr"
github:martinkavindu,martinkavindu,martinkavindu,,pr
github:martinsherburn,MartinSherburn,Martin Sherburn,172095528eb6493f55ed63b3aecee6bbabb90df2611f63a87b8880ad94c2ff90,commit
github:martior,martior,martior,,pr
github:maschad,maschad,maschad,30cd835b11931057f3ef822d598202233edc3be7cfd81f152170429378b077e5,"commit,pr,pr,pr,pr,pr,pr"
github:masgano,MasGaNo,MasGaNo,fe621095ca216e0799b7cb6a29161e3f6034cd5ecf66ab7ea6c6e42926d54437,"commit,pr"
github:masonicboom,masonicboom,masonicboom,,pr
github:matadon,matadon,matadon,,pr
github:matei-radu,matei-radu,Matei Radu,2dd2648611cfbebec12e263867b9d1a9c885b6a501b639d6bf0c6a1716ad24ee,"commit,pr,pr"
github:matejstrasek,matejstrasek,matejstrasek,,pr
github:mateoguzmana,mateoguzmana,Mateo Guzmán,f7ea1316c994c7bd66d4279e47bbbde7f0e4c37f67147dc1ba9e12d886717560,"commit,pr,pr,pr,pr,pr,pr,pr,pr,pr,pr,pr,pr,pr,pr,pr,pr,pr,pr,pr,pr,pr,pr,pr,pr,pr,pr,pr,pr,pr,pr,pr,pr,pr,pr,pr,pr,pr,pr,pr,pr,pr,pr,pr,pr,pr,pr,pr,pr,pr,pr,pr,pr,pr,pr,pr,pr,pr,pr,pr,pr,pr,pr,pr,pr,pr,pr,pr,pr,pr,pr,pr,pr,pr,pr,pr,pr,pr,pr,pr,pr,pr,pr,pr,pr,pr,pr,pr,pr,pr,pr,pr,pr,pr,pr,pr,pr,pr,pr,pr,pr,pr,pr,pr,pr,pr,pr,pr,pr,pr,pr,pr,pr,pr,pr,pr,pr,pr,pr,pr,pr,pr,pr,pr,pr,pr,pr,pr,pr,pr,pr,pr,pr,pr,pr,pr,pr,pr,pr,pr,pr,pr,pr,pr,pr,pr,pr,pr,pr,pr,pr,pr,pr,pr,pr,pr,pr,pr,pr,pr,pr,pr,pr,pr,pr,pr,pr,pr,pr,pr,pr,pr,pr,pr,pr,pr,pr,pr,pr,pr,pr,pr,pr,pr,pr,pr,pr,pr,pr,pr,pr,pr,pr,pr,pr,pr,pr,pr,pr,pr,pr,pr,pr,pr,pr,pr,pr,pr,pr,pr,pr,pr,pr,pr,pr,pr,pr,pr,pr,pr,pr,pr,pr,pr,pr,pr,pr,pr,pr,pr,pr,pr,pr,pr,pr,pr,pr,pr,pr,pr,pr,pr,pr"
github:mateusandrade,MateusAndrade,MateusAndrade,a907b97f60648c103d789d49012f8f0732bea71877aeb67caa30759ca6be36d2,"commit,pr"
github:mateusz-,mateusz-,Mateusz Wielgos,d896ef8f0a991542bfae03a06a7e0a02aec56c45cce1ece44eeafacb31d14d4b,"commit,pr"
github:mateusz1913,mateusz1913,Mateusz Mędrek,43f931d9eb834b16dd440363fb4396407e780250c3643bfe0b5919547ba476f1,"commit,pr,pr,pr,pr"
github:mateuszm22,mateuszm22,Mateusz,c62237023aa815b0644f8aef52a4a81aee97e13435404f8447ec64972b5b6c94,"commit,pr,pr"
github:mateuuszzzzz,mateuuszzzzz,mateuuszzzzz,,pr
github:mateww,MateWW,Mateusz Wit,6525b5e9a65563244e1784973e449eb2f53b0a5ccf1212cb9740b157be40f5a0,"commit,pr,pr,pr"
github:matheuspiment,matheuspiment,matheuspiment,d44ede35900391e01231ccbe9dc0a7ce2327b913d8851679d826fe8d29c25e06,"commit,pr"
github:mathiasbynens,mathiasbynens,Mathias Bynens,a78e05dd431116cdc05932e21a9da1c55f93a3f25a860a7044c774b33f20116b,"commit,pr"
github:mathieupetrini,mathieupetrini,mathieupetrini,,pr
github:matiassalles99,matiassalles99,matiassalles99,bd011284807ffdb97f2d50bb690d3e0d325cdbd7098eff5ac307a7fe2c3f7d0b,"commit,pr"
github:matinzd,matinzd,Matin Zadeh Dolatabad,c3f7ec484e1a4ad256f9535f66a1d936752a6c121db850613e5ce10ba1c0723e,"commit,pr,pr,pr,pr,pr,pr,pr,pr,pr,pr,pr,pr"
github:matpaul,matpaul,Pavel Matyukov,19e6e8011243135e471e335373dcbb4b7fcd3f26245fcfcfbd60be8b7564914c,"commit,pr"
github:matrush,matrush,Chaoshuai Lu,39175caeca87973c83e9a47a855ba00376850646b8bbdad7dc50834761c56129,commit
github:matt-casey,matt-casey,matt-casey,,pr
github:matt-oakes,matt-oakes,Matt Oakes,e1923ca0bbcc2d11526adf1506a1bdfe74b9395d6472d328d37213803fdfa4c6,"commit,pr,pr,pr,pr,pr,pr,pr,pr,pr,pr,pr,pr"
github:mattapperson,mattapperson,mattapperson,,pr
github:mattbfb,mattbfb,Matt Blagden,77b28c7defdb96a53d3a8013a847b58dd16ede69d98bd5b217eada5c08261939,"commit,pr,pr"
github:mattcollins,mattcollins,Matt Collins,c6644f8e62507a297ef71eb351ae960d1a58be59a16f71c64dac74a727a064f2,"commit,pr"
github:mattdenner,mattdenner,mattdenner,,pr
github:mattds,mattds,mattds,,pr
github:mattfoley,MattFoley,MattFoley,,pr
github:matth3wga0,matth3wga0,matth3wga0,,pr
github:matthargett,matthargett,Matt Hargett,1d88bc1b7fcec2ef1b2a9d74029cdbdb089bcbe5923983aabd8172b0babac1f8,"commit,pr,pr,pr,pr,pr,pr,pr,pr,pr,pr,pr,pr"
github:matthewchung74,matthewchung74,matthewchung74,,pr
github:matthewjohnston4,matthewjohnston4,Matthew Johnston,14b624cdea24dbe87d995702ff0f1a90f12eff08c5706d0ea12142b35cc1574d,"commit,pr"
github:matthewlevy97,matthewlevy97,matthewlevy97,,pr
github:matthewwithanm,matthewwithanm,Matthew Dapena-Tretter,7d40a8a4153a994bddaf8a06898118d0d688be527fd056f0002d9e54c5b28005,commit
github:matthieulemoine,MatthieuLemoine,Matthieu Lemoine,1c3a17c0925fc55b9913619d43b3fa1d8c594bb9090acc3a18ebbe02ca136e73,"commit,pr"
github:mattijsf,mattijsf,Mattijs Fuijkschot,6643a053d70e458125742f945071907835536ff7d70094c3748f8a3dc45571a7,"commit,pr,pr"
github:mattmo,mattmo,mattmo,,pr
github:mattotodd,mattotodd,mattotodd,,pr
github:mattpodwysocki,mattpodwysocki,mattpodwysocki,e7da437e3e60fe4241a53fee538ed67f0cf88d4a555dcdb447ea8f03d0ea721e,commit
github:mattyclarkson,mattyclarkson,mattyclarkson,,pr
github:maugou,maugou,maugou,,pr
github:mauriciomeirelles,mauriciomeirelles,Mauricio Meirelles,23e0e75970bf92cb896888906ade068d5757434f604b8f92302a17a2cd73aa67,"commit,pr"
github:mauriguz,mauriguz,Mauricio Guzman,8f49495d78e963ef21044f10162442383f8a07c4db79c589f1d4d45f55486772,"commit,pr"
github:mavisvivian,MavisVivian,MavisVivian,,pr
github:maxammann,maxammann,maxammann,,pr
github:maxcountryman,maxcountryman,maxcountryman,,pr
github:maxdjohnson,maxdjohnson,maxdjohnson,,pr
github:maxencehenneron,maxencehenneron,Maxence Henneron,13443bf79083e01f65624f8ce285f1c6e7d96442d03adcddd62a84e228824f56,"commit,pr,pr,pr"
github:maxgraey,MaxGraey,Max Graey,a21f60a158e98502a7007bdee72f05739e86928504744932121ead146bc810ff,"commit,pr,pr,pr,pr"
github:maxiee,maxiee,Maxiee,10aac639c35d125a85406973c45aa6256e32676a51c508ff5c9ea9cc8f815128,"commit,pr,pr"
github:maxinmoon,MaxInMoon,MaxInMoon,,pr
github:maxkomarychev,maxkomarychev,Max Komarychev,c5766fcc0adacb88a3366cdd8ada4760d4e664b72ea0604e83f73e942aa8e63f,"commit,pr,pr,pr,pr,pr"
github:maxlap,MaxLap,Maxime Lapointe,308d58eef1e85380ee5b62e858eea91bd325e3a0f2aab4167359ceb67a3cb4dd,"commit,pr"
github:maxoumime,maxoumime,Maxime Bertheau,e0868ba31c7d9e3a3491e1fe05238465cbffb62a165a2c82dc9c9395dfd682ab,"commit,pr,pr"
github:maxovtsin,maxovtsin,maxovtsin,,pr
github:maxphillipsdev,maxphillipsdev,Max Phillips,84cc144c6eecf0c2870c1c5938a0708dc85059874ccd89271687893c54322931,"commit,pr"
github:maxwell2022,Maxwell2022,Maxwell2022,,pr
github:mayank-96,mayank-96,Mayank Sunil Pagar,7b957be9b21a42e098346d85133ae263c25a49fa00695e4c3fb31c378e7bb4ac,"commit,pr,pr"
github:maykonmichel,maykonmichel,maykonmichel,,pr
github:mazinz,MazinZ,MazinZ,,pr
github:mbarbon,mbarbon,mbarbon,,pr
github:mbardauskas,mbardauskas,mbardauskas,,pr
github:mbaroukh,mbaroukh,mbaroukh,,pr
github:mboyd1017,mboyd1017,Madelaine Boyd,f18bd1a93d48209c088dc10c4f5d11d01c3cb56ac23da4fad05867f52c2c7f62,commit
github:mbrock,mbrock,Mikael Brockman,a9e4dafe9b2fd5778510a3e2fb8668278517dc8087ecc1b68e18478a896719da,"commit,pr,pr"
github:mc-zone,mc-zone,mc-zone,,pr
github:mcanhisares,MCanhisares,Marcel Canhisares,aa6ce6b723768aa15f9934e91a9cbd98eb2272289b4552277ac259fd45246239,"commit,pr,pr"
github:mccambridge,mccambridge,Sean McCambridge,a8e9f2ded3701db50474dc703dcd3d0645d2eba92138bcae8077ec0d24e67002,"commit,pr"
github:mchinyakov,mchinyakov,Mikhail Chinyakov,578a5ae84eb8bb87a51e90ccc16c056c7b11ee106ba16cc94a7c42839c4f5494,"commit,pr"
github:mchowning,mchowning,Matt Chowning,92e658da0f9fadbf7c13d2820f7d84aed92dfcb8aa5e1dc8de3d3a00569cc143,"commit,pr"
github:mcliquid,mcliquid,mcliquid,4e4ca39c4977cceff0a2a51c641236a019bb572c61aa38aac9591fbf21694bb0,"commit,pr"
github:mcnamee,mcnamee,Matt Mcnamee,345a356661f876513ddcbc1614eef6c673cfea6bcc527cb639e4b75bbd05e826,"commit,pr"
github:mcolotto,mcolotto,Matias Colotto,06d1af6fe54ad5f7be617ccfc42c45a9630a97c53289c90074cd606a91ec798f,commit
github:mcuelenaere,mcuelenaere,Maurus Cuelenaere,8b96e260d16baa6b973f1844ce40ef607f13cfb554103760eba865004f58af59,"commit,pr"
github:mdamien,mdamien,Damien,c54abc96b769db71efdd14e538889e3283426d6c76b09f3928f4b9faa42dee1a,"commit,pr,pr,pr,pr"
github:mdjastrzebski,mdjastrzebski,Maciej Jastrzębski,36af1eab5cd1112d307ccc14ea590c3c3a2a8ceb7878396fe3170785538e9d7d,"commit,pr,pr,pr,pr,pr,pr,pr,pr,pr,pr,pr,pr,pr,pr,pr"
github:mdrmuhaimin,mdrmuhaimin,Muhammad Raihan Muhaimin,a6ba2d8c6e51014eefe102d809deb0e4bf6cc0594e56c74b70438f7d9c17f0b8,"commit,pr,pr"
github:mdtempalert,mdtempalert,mdtempalert,,pr
github:mdvacca,mdvacca,David Vacca,ae2b3504a29efb8a2d5cab3eab9fcccb2561fa86ddc3959ff25e0e370af22acd,"commit,pr,pr,pr,pr,pr,pr,pr,pr,pr,pr,pr,pr,pr,pr,pr,pr,pr,pr,pr,pr,pr,pr,pr,pr,pr,pr,pr,pr,pr,pr,pr,pr,pr,pr,pr,pr,pr,pr,pr,pr,pr,pr,pr,pr,pr,pr,pr,pr,pr,pr,pr,pr,pr,pr,pr,pr,pr,pr,pr,pr,pr,pr,pr,pr,pr,pr,pr,pr,pr,pr,pr,pr,pr,pr,pr,pr,pr,pr,pr,pr,pr,pr,pr,pr,pr,pr,pr,pr,pr,pr,pr,pr,pr,pr,pr,pr,pr,pr,pr,pr,pr,pr,pr,pr,pr,pr,pr,pr,pr,pr,pr,pr,pr,pr,pr,pr,pr,pr,pr,pr,pr,pr,pr,pr,pr,pr,pr,pr,pr,pr,pr,pr,pr,pr,pr,pr,pr,pr,pr,pr,pr,pr,pr,pr,pr,pr,pr,pr,pr,pr,pr,pr,pr,pr,pr,pr,pr,pr,pr,pr,pr,pr,pr,pr,pr,pr,pr,pr,pr,pr,pr,pr,pr,pr,pr,pr,pr,pr,pr,pr,pr,pr,pr,pr,pr,pr,pr,pr,pr,pr,pr,pr,pr,pr,pr,pr,pr,pr,pr,pr,pr,pr,pr,pr,pr,pr,pr,pr,pr,pr,pr,pr,pr,pr,pr,pr,pr,pr,pr,pr,pr,pr,pr,pr,pr,pr,pr,pr,pr,pr,pr,pr,pr,pr,pr,pr,pr,pr,pr,pr,pr,pr,pr,pr,pr,pr,pr,pr,pr,pr,pr,pr,pr,pr,pr,pr,pr,pr,pr,pr,pr,pr,pr,pr,pr,pr,pr,pr,pr,pr,pr,pr,pr,pr,pr,pr,pr,pr,pr,pr,pr,pr,pr,pr,pr,pr,pr,pr,pr,pr,pr,pr,pr,pr,pr,pr,pr,pr,pr,pr,pr,pr,pr,pr,pr,pr,pr,pr,pr,pr,pr,pr,pr,pr,pr,pr,pr,pr,pr,pr,pr,pr,pr,pr,pr,pr,pr,pr,pr,pr,pr,pr,pr,pr,pr,pr,pr,pr,pr,pr,pr,pr,pr,pr,pr,pr,pr,pr,pr,pr,pr,pr,pr,pr,pr,pr,pr,pr,pr,pr,pr,pr,pr,pr,pr,pr,pr,pr,pr,pr,pr,pr,pr,pr,pr,pr,pr,pr,pr,pr,pr,pr,pr,pr,pr,pr,pr,pr,pr,pr,pr,pr,pr,pr,pr,pr,pr,pr,pr,pr,pr,pr,pr,pr,pr,pr,pr,pr,pr,pr,pr,pr,pr,pr,pr,pr,pr,pr,pr,pr,pr,pr,pr,pr,pr,pr,pr,pr,pr,pr,pr,pr,pr,pr,pr,pr,pr,pr,pr,pr,pr,pr,pr,pr,pr,pr,pr,pr,pr,pr,pr,pr,pr,pr,pr,pr,pr,pr,pr,pr,pr,pr,pr,pr,pr,pr,pr,pr,pr,pr,pr,pr,pr,pr,pr,pr,pr,pr,pr,pr,pr,pr,pr,pr,pr,pr,pr,pr,pr,pr,pr,pr,pr,pr,pr,pr,pr,pr,pr,pr,pr,pr,pr,pr,pr,pr,pr,pr,pr,pr,pr,pr,pr,pr,pr,pr,pr,pr,pr,pr,pr,pr,pr,pr,pr,pr,pr,pr,pr,pr,pr,pr,pr,pr,pr,pr,pr,pr,pr,pr,pr,pr,pr,pr,pr,pr,pr,pr,pr,pr,pr,pr,pr,pr,pr,pr,pr,pr,pr,pr,pr,pr,pr,pr,pr,pr,pr,pr,pr,pr,pr,pr,pr,pr,pr,pr,pr,pr,pr,pr,pr,pr,pr,pr,pr,pr,pr,pr,pr,pr,pr,pr,pr,pr,pr,pr,pr,pr,pr,pr,pr,pr,pr,pr,pr,pr,pr,pr,pr,pr,pr,pr,pr,pr,pr,pr,pr,pr,pr,pr,pr,pr,pr,pr,pr,pr,pr,pr,pr,pr,pr,pr,pr,pr,pr,pr,pr,pr,pr,pr,pr,pr,pr,pr,pr,pr,pr,pr,pr,pr,pr,pr,pr,pr,pr,pr,pr,pr,pr,pr,pr,pr,pr,pr,pr,pr,pr,pr,pr,pr,pr,pr,pr,pr,pr,pr,pr,pr,pr,pr,pr,pr,pr,pr,pr,pr,pr,pr,pr,pr,pr,pr,pr,pr,pr,pr,pr,pr,pr,pr,pr,pr,pr,pr,pr,pr,pr,pr,pr,pr,pr,pr,pr,pr,pr,pr,pr,pr,pr,pr,pr,pr,pr,pr,pr,pr,pr,pr,pr,pr,pr,pr,pr,pr,pr,pr,pr,pr,pr,pr,pr,pr,pr,pr,pr,pr,pr,pr,pr,pr,pr,pr,pr,pr,pr,pr,pr,pr,pr,pr,pr,pr,pr,pr,pr,pr,pr,pr,pr,pr,pr,pr,pr,pr,pr,pr,pr,pr"
github:med1985,med1985,med1985,,pr
github:medington,medington,medington,,pr
github:meetdhanani17,meetdhanani17,meetdhanani17,89e11efd41884758274badfd45765f871825dfca0538369b4f747a256399e803,"commit,pr,pr,pr"
github:meetwudi,meetwudi,John Wu,305adcbaca528984db03b4f459181afee3aa934f2b9cab7d8bfc9d95040e6fae,"commit,pr,pr,pr"
github:meftunca,meftunca,meftunca,,pr
github:megamansec,MegaManSec,Joshua Rogers,7ab823cdba67e70fba621ceba5b689c77af0a63e0d97f079af46028c26b0b8cb,"commit,pr"
github:megatron4537,Megatron4537,Megatron4537,,pr
github:megatunger,megatunger,Thomas Hoang,f5da956a8b7881a4f8679e04554dfa4715239ffda96eb791d4a956162466a091,"commit,pr,pr"
github:meghancampbel9,meghancampbel9,meg,bad7555e275306c5fa41fc73545018dd72f9c3b1abac54ef7f3863f4c3712ef2,"commit,pr"
github:megs-p,megs-p,Meghnath Pillay,49e617693d47a2ffb76eb62377985893d0fa1557742df500d826afa9e644a14c,"commit,pr,pr,pr"
github:mehcode,mehcode,Ryan Leckey,f719d04aa1940a00a8714b526d9762b367f9ff4b364c609306954d5134cc9317,"commit,pr"
github:mehernosh,mehernosh,mehernosh,,pr
github:melihmucuk,melihmucuk,Melih Mucuk,430b2560fc1f8b3330e3d48c8f7f69ff0243baee1075e311ff66cd14c065a69d,"commit,pr,pr"
github:melina7890,melina7890,melina7890,,pr
github:mellyeliu,mellyeliu,Melissa Liu,75745ce8842fb290a537f8653ce06e159db4cd690fba57d3fe19b10e4f411231,"commit,pr,pr,pr,pr"
github:mendoncakeegan,mendoncakeegan,Keegan Mendonca,8ded5b7e7e773295df076a131f3525b060c2d0c3451c3db1e4384576b10a5f0f,commit
github:menetrier,menetrier,menetrier,,pr
github:mengjuew,MengjueW,Mengjue Wang,7bd8546f98f8e13d42a3c98d317c384945f39684ceb95124ffeaf99dbc70dee6,commit
github:meno1,meno1,meno1,,pr
github:mepritam,mepritam,mepritam,,pr
github:meta-codesync[bot],meta-codesync[bot],meta-codesync[bot],,pr
github:meta-mapper,meta-mapper,meta-mapper,,pr
github:metaadrianstone,metaadrianstone,Adrian Stone,a3783137bbdd1a7f5315151642c262597cd99bcb7894895bbe2bac33406b0767,"commit,pr"
github:mfazekas,mfazekas,Miklós Fazekas,2cc4e1f72815aa1f83ad580b4a41ab46073960e65e665f6294174f284390dab2,"commit,pr,pr,pr"
github:mfenniak,mfenniak,mfenniak,,pr
github:mganandraj,mganandraj,Anandraj Govindan,422b2ff00a082f7921d679345ce831134df7ddcba858505c9530ed46e730ed90,"commit,pr,pr,pr,pr,pr,pr,pr,pr,pr,pr,pr,pr,pr,pr,pr,pr,pr,pr"
github:mgiachetti,mgiachetti,Martin Hernan Giachetti,6121a0cc49c1e0e4521976e9c27fbe8139d4960212a1fe911514a2e0fca5e855,"commit,pr"
github:mgoovaer,mgoovaer,Maxime Goovaerts,6155f6f4f8539f2dfc771e739ed8a2e63b0c1ba24a985cf3d844f234d377a83f,commit
github:mgreenberg75,mgreenberg75,Misha Greenberg,1dcab70be0963594016446f314c108ad22395213bc001408ef3a9e1ee7c3036d,commit
github:mgriepentrog,mgriepentrog,Mike Griepentrog,f04e4de46af884114f833e151f3a53965c9340925efa3f025e282a92bd80f6f3,"commit,pr"
github:mhidou,mhidou,Mehdi AHRAOUI,21df56251b2385e623e0607dd6ba11f3d216a5cd578f63f234133ae3faea3685,"commit,pr"
github:mhofman,mhofman,mhofman,,pr
github:mhollweck,mhollweck,mhollweck,,pr
github:mhoran,mhoran,Matthew Horan,93d188d5aa789e0e4505741c65dd38d61cf75a7e6bb8faaf04b86d21e85dcf65,"commit,pr,pr,pr"
github:mhorowitz,mhorowitz,Marc Horowitz,1b93760b384cdce8123a943c14c723095ec56e433608db1af1901a3d78b69f59,commit
github:mi-zaz,Mi-ZAZ,Mi-ZAZ,2453c9407c894b2c92b84c04c3e7773aeebf6ef7f851f00b1aefdbad0890f69a,"commit,pr"
github:miallo,miallo,Michael Lohmann,5efc48b335041084012e6025c4057795f5ae3e5f157db98e92b10252964e30c0,"commit,pr"
github:miblanchard,miblanchard,Michael Blanchard,40aeef2fa31cf9880b37c9e8a3ae85eb92463d416be91b05cda193834e8ea25a,"commit,pr"
github:michael-m-judd,Michael-M-Judd,Michael-M-Judd,,pr
github:michaelandersoncampingworld,michaelAndersonCampingWorld,michaelAndersonCampingWorld,7d078f9559df3d6b5be57969ad0239a7272d31f78c6051b4983c1751b23058ae,"commit,pr"
github:michaeldanieltom,MichaelDanielTom,MichaelDanielTom,,pr
github:michaeldeboey,MichaelDeBoey,Michaël De Boey,c8db5e0c1901e5353556de78011c18506c8a269671aa78b1e0e03769db460e10,"commit,pr"
github:michaelgmcd,michaelgmcd,Michael McDermott,62b447c0fda96c9ab9cdc998e8f23e394869e65a2981aad395d04a71efa51899,"commit,pr"
github:michaelhelvey,michaelhelvey,michaelhelvey,,pr
github:michaelmcshinsky,michaelmcshinsky,michaelmcshinsky,,pr
github:michaeltroger,michaeltroger,Michael Troger,132ccd64268e7ebe4b780fef406ed3a43632de4321b26888bb7ee5ac5ec46c3d,commit
github:michalchudziak,michalchudziak,michalchudziak,a2ec91dff0ac89d4d56c4f6cdf1625a7308b0ae39e7b38ed3bdbcd107dbb05c8,"commit,pr,pr,pr,pr,pr,pr,pr,pr,pr,pr,pr,pr,pr"
github:michalkielan,michalkielan,Michal Kielan,3dfb68336a1a094c7b66ffea6b50d8021736a823629dba193766fda6cb428952,"commit,pr"
github:michalmaka,michalmaka,Michał Mąka,331de1f174440fe62bf32df8bb95a72405bb92ee55b786c57ba6c9706b4cc59d,"commit,pr,pr"
github:michax,michax,Michal Kulinski,caa05d0af208be54aa3a254301cb8c49586d72d284f5cc250543250827ae7e23,"commit,pr"
github:michbil,michbil,michbil,,pr
github:michel-kraemer,michel-kraemer,Michel Kraemer,cd9baa1a8fc6bd7c3be0ffd900abb1ed53ed2524c0057972a9cbe45609e24538,"commit,pr"
github:michelbahl,MichelBahl,MichelBahl,,pr
github:michsien,michsien,Michal Sienkiewicz,485963f292a2fbb680f6c08dba52883e9fe8ddbfa889987cdb1e23ff4f8e6a7b,commit
github:micleo2,micleo2,Michael Anthony Leon,c5c3ca0a411f30509cfb5801623b94bec2539e28595fa7f998c7eaa66ba375a7,commit
github:microdroid,MicroDroid,MicroDroid,,pr
github:migbot,migbot,migbot,,pr
github:migeorge,migeorge,migeorge,,pr
github:mightyaleksey,mightyaleksey,mightyaleksey,,pr
github:migueldaipre,migueldaipre,Miguel Daipré,93ef0978537a554afd6247e14ce33f52a0be31b3e87e84b66819d43536a3b5ea,"commit,pr,pr,pr,pr"
github:miguelsm,miguelsm,miguelsm,3c5df12b3eb0f7b23e3bdc9d87594cf00d655eeccfbdafc55c39c7902c585418,"commit,pr"
github:miguelzamora13,Miguelzamora13,Miguelzamora13,,pr
github:mihaigiurgeanu,mihaigiurgeanu,mihaigiurgeanu,,pr
github:mihirsoni,mihirsoni,mihirsoni,,pr
github:mijay,mijay,Mitya Kononchuk,b65e93182025248fed7291437de67920ad6ff99a75ab665c88d093ede3256f22,"commit,pr,pr"
github:mikaello,mikaello,mikaello,,pr
github:mikaoelitiana,mikaoelitiana,Mika Andrianarijaona,36416299f3a38dec15ca8ec7685704d43a3a53853206867f355a8d603c7ec474,"commit,pr"
github:mikayelgr,mikayelgr,mikayelgr,,pr
github:mike-marcacci,mike-marcacci,Mike Marcacci,14a052229fb817d4fb0de0fc238c6a9c3e6e1b18cebafc437126f6ff247bec05,"commit,pr"
github:mikearmstrong001,mikearmstrong001,Mike Armstrong,1e309031c5ce23b523da0940716d7f87f17e734db2cc3703c30aa80034a5bfe9,commit
github:mikechongcan,MikeChongCan,MikeChongCan,,pr
github:mikedriver,mikedriver,Mike Driver,3a91fb3e42287fc309303c0cc8912c3e839c3fdd556744650fefe50dd6db97cd,"commit,pr"
github:mikefowler,mikefowler,mikefowler,,pr
github:mikehardy,mikehardy,Mike Hardy,5e62cf2832c2d276adc9ce513dcc1f9de8cf008939e583f0a2a55fca710b897b,"commit,pr,pr,pr,pr,pr,pr,pr,pr,pr,pr,pr,pr,pr,pr"
github:mikehobi,mikehobi,mikehobi,,pr
github:mikelambert,mikelambert,Mike Lambert,5d7b16e3345cd5e3ae5fb2b36927403a27c0fd5896c537d9b0fb23f031a9c638,"commit,pr,pr,pr,pr,pr,pr,pr,pr,pr,pr,pr,pr,pr,pr"
github:mikemasam,mikemasam,Mike Masam,17ff7969cb7c1508ccc7eacce067d83ee999152eb869d21352b1eb0ec18fa3c3,"commit,pr"
github:mikemikhaylov,mikemikhaylov,Mikhail Mikhaylov,a59c9881ede4fabf011f754665c53f8ac02a9c803ec3740d3745b0bb4bd2d815,"commit,pr,pr,pr"
github:mikemonteith,mikemonteith,mikemonteith,,pr
github:mikeortiz,MikeOrtiz,Michael Ortiz,87f03b6fae65ee617b7164a823e921432db991c5240f72d7caa03666433e58af,"commit,pr"
github:mikepodgorniy,MikePodgorniy,MikePodgorniy,f330b54fa4ed608f64f21defde9b0c62568ccbd8f0e0d45f33c07847a6bc95f0,"commit,pr"
github:mikepropeller,MikePropeller,MikePropeller,,pr
github:mikestek,mikestek,mikestek,,pr
github:mikeyalmighty,MikeyAlmighty,Mikey,a833b91c4ef5e03272edf8028557de651e9c14e4c516d7522a2cb69bfb18fea8,"commit,pr"
github:mikhkonkov,mikhkonkov,mikhkonkov,,pr
github:milend,milend,Milen Dzhumerov,5d83fa16e7de4e5a97c223a7bfffbee74d0c090c899a20c070058399ed3e3ab6,commit
github:milieu,milieu,Meredith Leu,74720f635dcd29fe3bfa2293546b7dcbba40fe3e02fb9ad3088c9d40a7f16bbd,"commit,pr"
github:millionhari,millionhari,millionhari,,pr
github:mimetis,Mimetis,Mimetis,,pr
github:minh0001,Minh0001,Minh0001,,pr
github:minho42,minho42,Min ho Kim,15294699429483fc52d254d1d0607a6e467a94e2306c746b0988ee026e97c730,"commit,pr"
github:minhtc,minhtc,minhtc,,pr
github:mini-eggs,mini-eggs,Evan Jones,8f59a9d8f8f8b6d75c356ac2c166c4bfd55c67a98a678d13e4c9f87841164a99,"commit,pr"
github:minikin,minikin,minikin,,pr
github:minishlink,Minishlink,Louis Lagrange,9f05ac1f496fce43aa550c27de8413f712d6021a2232eebf497c336cf09929c0,"commit,pr,pr,pr,pr,pr"
github:minjang,minjang,Minjang Kim,84dc0d7d5e684207cc418ca90ad3090fe50125929c1e8c3f23f7d8fc737ed0b7,commit
github:miotplugin,miotplugin,miotplugin,,pr
github:mir597,mir597,Yoonseok Ko,49d5c75332be24575bafbfe86fdf0f4d26f41e617dbf9c723e8245230d87c5f0,commit
github:miracle2k,miracle2k,miracle2k,,pr
github:mironiasty,mironiasty,Miron Pawlik,8b8ad6dd0f11502d70af01a741ef60d4407c253ab9182eacb9bb428a4c3dff5d,"commit,pr"
github:mirumair,MirUmair,MirUmair,,pr
github:misaku,misaku,Michel dos Santos Kuguio,c4249697fa660defa4591286944c7a8c52d26220bd972bf86a658a7f2315d2e7,"commit,pr,pr,pr,pr"
github:mischnic,mischnic,Niklas Mischkulnig,9f642621bc260c9e83de96c35a75169dede6ae49121008849afd47847f284c6b,"commit,pr,pr"
github:mishagreenberg,mishagreenberg,mishagreenberg,,pr
github:mishuagopian,mishuagopian,mishuagopian,,pr
github:misioka,Misioka,Misioka,,pr
github:mistenkt,mistenkt,Bjørn-Erik Andreasen,761bc87ddb3cc9ae4a6811135c30ae39416b92e6f9df444210c721d9563f013c,"commit,pr,pr"
github:mitogh,mitogh,mitogh,,pr
github:mitulsavani,mitulsavani,mitulsavani,f3b26cd04a86b965612815bf52bbecc48ce9904b1b89d45fc30255ab2db41a38,"commit,pr"
github:mixophrygian,mixophrygian,mixophrygian,,pr
github:miyabi,miyabi,Masayuki Iwai,daa0d02a6ca99a14040ab8b05cab64c26eff3fecd1e2580ef5dea6e18ec013ef,"commit,pr,pr"
github:miyou,Miyou,Miyou,,pr
github:mjackson,mjackson,Michael Jackson,f6e15ac10627eb8a64e65d8c6dea2bb35caf7dda87ffd05f12d087e4701a82bf,"commit,pr"
github:mjetek,mjetek,mjetek,,pr
github:mjm918,mjm918,mjm918,,pr
github:mjmahone,mjmahone,Matt Mahoney,154a8f8ea225c5a9883f5bc6d93170e1cafe5b94644f5cbe20c3a4a3e28d9956,commit
github:mjmasn,mjmasn,Michael Mason,d7eccb2e513574f2cdb819dede9e0629ac6e1bb5f38d8d10691283545822eb4b,"commit,pr"
github:mjmoshiri,MjMoshiri,MJMoshiri,4b935326e46fd9fee1a252f75729db85e16f17c38120b0f2f736a8f0d0a29ac8,"commit,pr"
github:mjsisley,mjsisley,mjsisley,,pr
github:mkareta,mkareta,Max Kareta,eb6509bdfb1106d688480f633f36c4ff290e4c33cd3ea3b47e372afcfb391c30,commit
github:mkcode,mkcode,Chris Ewald,159a0b8bacad53c09fb9b151a8f417612361999f14106ee6ebd6ff6a60352159,"commit,pr"
github:mkonicek,mkonicek,Martin Konicek,7c88950aca791df1fb7bfeff11d8da32060ec843c6e85090428b15cf6e402320,"commit,pr,pr,pr,pr,pr,pr,pr,pr,pr,pr,pr,pr,pr,pr,pr,pr,pr,pr,pr,pr,pr,pr,pr,pr,pr,pr,pr,pr,pr,pr,pr,pr,pr,pr,pr,pr,pr,pr,pr,pr,pr,pr,pr,pr,pr,pr,pr,pr,pr,pr,pr,pr,pr,pr,pr,pr,pr,pr,pr,pr,pr,pr,pr,pr,pr,pr,pr,pr,pr,pr,pr,pr,pr,pr,pr,pr,pr,pr,pr,pr,pr,pr,pr,pr,pr"
github:mkonicek-pr-test,mkonicek-pr-test,mkonicek-pr-test,00467e7ea6a2888ce865d54b7253c035befd9a83b9d7779e3928abba282aef77,"commit,pr,pr,pr,pr,pr,pr,pr,pr,pr,pr,pr,pr,pr,pr,pr,pr,pr,pr,pr,pr,pr,pr,pr,pr,pr,pr,pr,pr,pr,pr,pr"
github:mkonicek-tester,mkonicek-tester,mkonicek-tester,86827d63ced602c81f44afe043087b35500c50b157365f5642a3fb176b46ebe5,"commit,pr,pr,pr"
github:mkosiba,mkosiba,Martin Kosiba,67f19e9f3e7776a1b3e706f991543500a066b8b79a162a14decc0b3eb3e76432,commit
github:mkotsbak,mkotsbak,Marius B. Kotsbak,fe09517abed7ce89396a751213966ba062ce49a2ced32e9b25c4ab8367d496b8,"commit,pr"
github:mlanter,mlanter,mlanter,3400b8ae4ff1b6cf60d4f52dbb42437f261108fd9d33924e06f111f4ae5b8991,"commit,pr,pr,pr"
github:mlazari,mlazari,Mihai Lazari,f646c8b6680c3831aef7989d163b6476bf3dda79f790893944aa31f1c2e539ce,"commit,pr,pr"
github:mlazowik,mlazowik,Michał Łazowik,9c124a7e561bd1f6879cbd4a6369bc74c85a1c3402115bd396f5a186a9350ed2,"commit,pr"
github:mlguys,mlguys,mlguys,,pr
github:mlisikbf,mlisikbf,mlisikbf,,pr
github:mljlynch,mljlynch,mljlynch,,pr
github:mlord93,mlord93,mlord93,,pr
github:mlxchange,MlxChange,MlxChange,,pr
github:mmccartney,mmccartney,Mike McCartney,6e4d6ba4219f16b63fb9e77029e9a35551fc6ffcfd748223f6efbd5e7a0d5d84,"commit,pr,pr"
github:mmckinley8,mmckinley8,Michael McKinley,101e5fdafe0fd7444f6407f6dd53aef2b37c0900ed498feeffebdce42d1aef41,"commit,pr"
github:mmeineke,mmeineke,mmeineke,,pr
github:mmmoussa,mmmoussa,Mohamed Moussa,256b263ffe9e4564f99b1672e036d68dbb39cbb061b86c7c557c7e328031bde3,"commit,pr,pr,pr"
github:mmmulani,mmmulani,Mehdi Mulani,89063022a32c0c112f2ced0e7a07f896b5b378c2ad4d6683df6ded847ddb6e73,"commit,pr"
github:mngyuan,mngyuan,Kevin Lee,6c8135fe5e08a30eaed2de565a9ee644a6a40f40424223d8905fe547602f320f,commit
github:mo-lewis,MO-Lewis,MO-Lewis,6d2558812dfe7c78a784934cf30060fb7c3d8495c31264a6d9b7462684e89423,"commit,pr"
github:mo22,mo22,mo22,,pr
github:moaxaca,moaxaca,Matthew Oaxaca,7808e88cd16d5a7c3cc83c73bbdc39d25ad1fdc1615614217da24de925f907ed,"commit,pr"
github:mobinakhter,MobinAkhter,MobinAkhter,,pr
github:mobinni,mobinni,Mo Binni,d6250162bb3ca932514c3ff9d7e0595ba276b6bb30ff5e9abef86cd64bbd9b56,"commit,pr,pr,pr"
github:moduscreate,moduscreate,moduscreate,,pr
github:mofeiz,mofeiZ,Mofei Zhang,79688763b3ce3dc6538b2e9b344923d543762d07013624c8dc92fa7256970bc4,commit
github:mohamed-chaari,Mohamed-Chaari,Mohamed-Chaari,,pr
github:mohamed-habib,mohamed-habib,Mohamed Habib,73486ee90ef72faad0cd1168ec0c9dddf62e1a492e8508cba995ea32dee1b887,"commit,pr"
github:mohamedalsadek,MohamedAlsadek,MohamedAlsadek,,pr
github:mohamedrejeb,MohamedRejeb,M0Coding,75ed0eac9ab5522f323cf82d473617a0b623348881d6f8a1fa98bcdc59342883,"commit,pr,pr,pr"
github:mohamedz10,mohamedz10,mohamedz10,,pr
github:mohammed1955,mohammed1955,mohammed1955,,pr
github:mohammedsabi,mohammedsabi,mohammedsabi,,pr
github:mohitcharkha,mohitcharkha,Mohit Charkha,0323c50488ff12cd0eaedab9c405e4891a4bc0e58cfcfa839ffe6795ea9d7976,"commit,pr,pr,pr,pr"
github:mohitnatoo,mohitnatoo,Mohit Natoo,3abfe184b6dcd15dabd4f6621a1519f532da83ad50c65b8b104214ca50bbcc8d,"commit,pr"
github:mojavad,mojavad,Mo Javad,104335b98368b25be50e794170f7e3925069aa57447bcc0d3888be6e5af442fb,"commit,pr,pr"
github:mojodna,mojodna,Seth Fitzsimmons,82dea68331f7ffe4edb736c0b95b21e391cf68416c274132fdc2dccd45233e2e,"commit,pr,pr,pr"
github:mokto,Mokto,Mokto,,pr
github:monholm,monholm,monholm,01dc27dd5c2e73c181092e13efedd6098ad503f95baf871bdab16f9b45eb3d3f,"commit,pr,pr"
github:monirabuhilal,MonirAbuHilal,MonirAbuHilal,,pr
github:monkeywithacupcake,monkeywithacupcake,monkeywithacupcake,,pr
github:monokkai,monokkai,monokkai,,pr
github:monotv,monotv,Florian,d294398304129426e00e9de426fdf8bae1a98f4acc1275d17d5e9def353d058f,"commit,pr"
github:monte9,Monte9,Monte Thakkar,ed3e2a59d3c740d9262fa4ca9cadf1b7b3ec788d347e52ed48eb6fc1891bbe82,"commit,pr"
github:mookiies,Mookiies,Malcolm Scruggs,e2358878474fb80dba01530e30255f077693c05d81e3e34dc7bfe2c59e700e43,"commit,pr"
github:moox,MoOx,Max Thirouin,ba44eeb99f03d7d030ebcc25b266e8bc55478ed3cb8afc96b1abea6b1ee4eed5,"commit,pr,pr,pr,pr,pr,pr,pr,pr,pr,pr"
github:moppymopperson,moppymopperson,moppymopperson,,pr
github:morenoh149,morenoh149,Harry Moreno,9081b31b5f92f6d39541b6a14e22a5cfc4f0e489b5cac47018f391a1bcf3ad19,"commit,pr,pr,pr,pr,pr,pr,pr,pr,pr,pr,pr,pr,pr,pr,pr,pr,pr,pr"
github:mori-dev,mori-dev,mori-dev,a16f7ab658757ffd5c32c70e834ac0adf42752f5aaf907bc6699f007057808cd,"commit,pr"
github:morritz,Morritz,Morritz,e7dc9154723b84edecb702b7da84ecedc00a9ddd558ae2bc759c71a2c1cea078,"commit,pr,pr"
github:mosch,mosch,Moritz Schwörer,37b82d3242dc9cc92cb76efd8956e54f0f9eef694c66e0767049ee584eed3af4,"commit,pr,pr,pr"
github:moschan,moschan,moschan,185296cf32867826e46b83ef0c0891b0b3abfde40897dbcc69241b97c08b367f,"commit,pr"
github:mosesoak,mosesoak,mosesoak,,pr
github:mosheberman,MosheBerman,MosheBerman,,pr
github:moskalakamil,moskalakamil,Kamil,9410773137b19f251887d31f4a027ea1c20edb42954c93ff6745222f80bd1e38,"commit,pr"
github:motiz88,motiz88,Moti Zilberman,9783de9e100732e9e90e4759c8816127c3fb436b1b76470b5a7da38b27d42576,"commit,pr,pr,pr,pr,pr,pr,pr,pr,pr,pr,pr,pr,pr,pr,pr,pr,pr,pr,pr,pr,pr,pr,pr,pr,pr,pr,pr,pr,pr,pr,pr,pr,pr,pr,pr,pr,pr,pr,pr,pr,pr,pr,pr,pr,pr,pr,pr,pr,pr,pr,pr,pr,pr,pr,pr,pr,pr,pr,pr,pr,pr,pr,pr,pr,pr,pr,pr,pr,pr,pr,pr,pr,pr,pr,pr,pr,pr,pr,pr,pr,pr,pr,pr,pr,pr,pr,pr,pr,pr,pr,pr,pr,pr,pr,pr,pr,pr,pr,pr,pr,pr,pr,pr,pr,pr,pr,pr,pr,pr,pr,pr,pr,pr,pr,pr,pr,pr,pr,pr,pr,pr,pr,pr,pr,pr,pr,pr,pr,pr,pr,pr,pr,pr,pr,pr,pr,pr,pr,pr,pr,pr,pr,pr,pr,pr,pr,pr,pr,pr,pr,pr,pr,pr,pr,pr,pr,pr,pr,pr,pr,pr,pr,pr,pr,pr,pr,pr,pr,pr,pr,pr,pr,pr,pr,pr,pr,pr,pr,pr,pr,pr,pr,pr,pr,pr,pr,pr,pr,pr,pr,pr,pr,pr,pr,pr,pr,pr,pr,pr,pr,pr,pr,pr,pr,pr,pr,pr,pr,pr,pr,pr,pr,pr,pr,pr,pr,pr,pr,pr,pr,pr,pr,pr,pr,pr,pr,pr,pr,pr,pr,pr,pr,pr,pr,pr,pr,pr,pr,pr,pr,pr,pr,pr,pr,pr,pr,pr,pr,pr,pr,pr,pr,pr,pr,pr,pr,pr,pr,pr,pr,pr,pr,pr,pr,pr,pr,pr,pr,pr,pr,pr,pr,pr,pr,pr,pr,pr,pr,pr,pr,pr,pr,pr,pr,pr,pr,pr,pr,pr,pr,pr,pr,pr"
github:mottox2,mottox2,mottox2,984614cf96a0457a20e8fb3ed9a957cc3558766b330551abacbdecc435867f40,"commit,pr,pr"
github:mozillo,mozillo,mozillo,,pr
github:mozmorris,mozmorris,Moz Morris,9de031362ec823dc8e1e2c32122ec4ca6dee58e3c691af40ed76ec5292805427,"commit,pr"
github:mozzius,mozzius,Samuel Newman,ce72421dee41205e5aa4609f5e2a5b2c385ba2f4815ea8802294edc1c310733a,"commit,pr"
github:mpatric,mpatric,Michael Patricios,60b89b8e62f80f9892eb5cc3be1692c634736f6c06453a7afca01672a8212878,"commit,pr"
github:mping,mping,mping,,pr
github:mpodwysocki,mpodwysocki,mpodwysocki,,pr
github:mpretty-cyro,mpretty-cyro,mpretty-cyro,,pr
github:mqli,mqli,mqli,e85ec40a875593c243553f44834d7714d8196841e305227562aae620063be9b5,"commit,pr,pr"
github:mquandalle,mquandalle,Maxime Quandalle,e74b24318d6916d246b2107649b38341fdeda6f4deb0fb9cce6d1c54c9419d2a,"commit,pr"
github:mr-ryan-james,mr-ryan-james,mr-ryan-james,,pr
github:mrbr,MrBr,MrBr,,pr
github:mrbrentkelly,mrbrentkelly,Brent Kelly,e94b28d541d4590d01e1c901b8403c217dc14e1632c7ada998214e93c15935f0,"commit,pr,pr"
github:mrbuddhu,mrbuddhu,mrbuddhu,,pr
github:mrcasals,mrcasals,Marc Riera,d5de74427b97d30b518759480db5e1f387ce33cbd54bd348cffc8c875fee689d,"commit,pr"
github:mren2,mren2,Manman Ren,09a3ec231343438de90fee90bb607c0043c7c776d357f589090efdcaf4f8ec28,commit
github:mrgvsv,MrGVSV,MrGVSV,,pr
github:mrjaysa,MrJaysa,MrJaysa,,pr
github:mrjoema,mrjoema,mrjoema,,pr
github:mrlaessig,mrlaessig,Laurence Bortfeld,a8bd4f5dc6df1dffdac428885310860f7eb86b5555cd31daaed990ed39f8a056,"commit,pr,pr,pr"
github:mrmacete,mrmacete,mrmacete,,pr
github:mrmannwood,MrMannWood,Marshall Mann-Wood,9d983c7d281ae99e94ab3c5f5ef4200a08d0a67646fcc9dbd1980c9b443b9ff1,commit
github:mrminhhuy,mrminhhuy,mrminhhuy,,pr
github:mrngoitall,mrngoitall,Will Ngo,d691ea668600eb9acd16e3dff693266ae324c2a1fe583851492f5b28d3e5221e,"commit,pr"
github:mroch,mroch,Marshall Roch,8187aa2e627adeabd6d7493ef3757043f9ebe3e976a058cd7295b2353004e7fd,"commit,pr,pr"
github:mroswald,mroswald,Mark Oswald,7594a1c6bcc0bc71388aa7da50c245743d0a459bb2cdceb70ae60c5a98990d45,"commit,pr,pr,pr,pr,pr,pr,pr,pr,pr"
github:mrousal,mrousal,mrousal,,pr
github:mrousavy,mrousavy,Marc Rousavy,69958ffb6f965c253e46741757810785f7f4dc0f3fd9056fec94a59760aacfec,"commit,pr,pr,pr,pr,pr,pr,pr,pr,pr,pr,pr,pr,pr,pr,pr,pr,pr,pr,pr,pr,pr,pr,pr,pr,pr,pr"
github:mrpp01,mrpp01,mrpp01,,pr
github:mrsandy1965,mrsandy1965,mrsandy1965,,pr
github:mrscorp,MrScorp,MrScorp,,pr
github:mrspeaker,mrspeaker,Mr Speaker,db9c06e57c83afb8364d50e45c01ed928a38ec79116f2eb891070a1739f2f58b,"commit,pr,pr,pr,pr"
github:mrsunshyne,MrSunshyne,Sandeep Ramgolam,e1ff72b24d508ed524fe98fffc3a88b5aa4f609606ca920893d3780fe71a6557,"commit,pr,pr"
github:mrtnrst,mrtnrst,Martin Arista,bc971bc6b77a863da2597011a1bed9f6c40fc66b1b6fa7b6305f4609af373183,"commit,pr,pr"
github:msand,msand,Mikael Sand,7cb4920c19c6151a9631930ed2b5cfb61827b2901f03159a011632db6c51266d,"commit,pr,pr,pr,pr,pr,pr"
github:msathis,msathis,msathis,,pr
github:msbit,msbit,msbit,,pr
github:mschwartz,mschwartz,mschwartz,,pr
github:mstllc,mstllc,mstllc,,pr
github:mstrokin,mstrokin,Michail Strokin,573310c91ea520020ebf53467d98ecee7d44bd92e5c6a0825695f697dff780e0,"commit,pr,pr"
github:msynowski,msynowski,Maciej Synowski,7b8c510356dcef23f6c9a3d8b6abbaf8de30f23727e62b305c82a280c28b6204,"commit,pr,pr"
github:mszalowski,MSzalowski,MSzalowski,,pr
github:mtjiangliancheng,mtjiangliancheng,mtjiangliancheng,,pr
github:mtostenson,mtostenson,mtostenson,,pr
github:mtunique,mtunique,Tao Meng,097ba3868e834d807c2dda7368cfcecb7089d59533d810c31bea61021a17b958,"commit,pr"
github:mu29,mu29,mu29,,pr
github:muan,muan,Mu-An Chiou,e76e8c845b9e65e7d0ae0bdf4444d1066da1af9556577dc875d838e5f07f2d49,"commit,pr"
github:muboori,MuBoori,Mujtaba Alboori,a7b78bc25cea209efc7eeb6940abdec99efd62c03587177f051a39876c7fce36,"commit,pr"
github:mudgesteve,mudgesteve,mudgesteve,,pr
github:mugilanmca,Mugilanmca,Mugilanmca,,pr
github:muhammadqazi,muhammadqazi,muhammadqazi,,pr
github:muhmdraouf,MuhmdRaouf,Raouf,e4e5c5df832a276277f42ab2af041dddf737ffaa7487ff4e05e70094112d0e6b,"commit,pr"
github:muraikenta,muraikenta,muraikenta,,pr
github:muritavo,Muritavo,Muritavo,,pr
github:murrple-1,murrple-1,murrple-1,,pr
github:murugandurai,MuruganDurai,MuruganDurai,f6587f7cd38d8afd2a06da74bbc6af0996807616b89f0360a72f7e55dc3820cf,"commit,pr"
github:muskan27797,muskan27797,muskan27797,0b9aa20d1ec92bafe6cb91c553be96ee31d243427e16341b3e7e65cc1443f398,"commit,pr,pr"
github:muzix,muzix,muzix,,pr
github:mvayngrib,mvayngrib,Mark Vayngrib,6f6afbbfa3db12608bd1e5d27a79beab9b84d527426e9286b8132f9b7640f8f2,"commit,pr,pr,pr,pr,pr,pr,pr,pr"
github:mvitousek,mvitousek,Mike Vitousek,2da506870da4bcb11b4912a78fc02dc88b2a87b5926f572d79f1975cf208fd17,"commit,pr,pr"
github:mweibel,mweibel,Michael Weibel,bc7e8171c8c606b9fe371c951046b7bc2dbe5e9cddbef7d851a90700d857b698,"commit,pr"
github:mweststrate,mweststrate,Michel Weststrate,2057f203e0c4ad1ad74ffb58b30d73830df6c5fcf28b758fe7cc9c08cc47c395,"commit,pr,pr,pr,pr,pr,pr,pr"
github:mwilc0x,mwilc0x,Mike Wilcox,333bbff0f14ec90bcd155cb87f5b9782915295a1e414861266839e5bb79f9a57,"commit,pr,pr,pr,pr"
github:mwiley,mwiley,mwiley,,pr
github:mxstbr,mxstbr,Max,c66742d858ea73634e993635c0f4f30f1cb3efabdb3fb3bb742012f8d03ed362,"commit,pr"
github:mxteroy,mxteroy,mxteroy,,pr
github:myl0204,myl0204,myl0204,,pr
github:mym0404,mym0404,mym0404,1bb93454b19a6063d6b79a614e8590d796d4f8608093a8cf17ff583a5c1af039,"commit,pr"
github:myrjola,myrjola,Martin Yrjölä,37ce1c96df174f47c59d0fa45041c600a3c8596cf9d2c1326e310c79a4116cb0,"commit,pr,pr"
github:mysport12,mysport12,Craig Martin,819a8f5cce2f50547a5c0873fabd31e2bed53155fe97e5c7b86f1b7f754cb6f5,"commit,pr,pr"
github:mystique1729,mystique1729,Ishan Khot,7934feb8f44778875a6e661dc91d421ccf1989fa33653a116620b4d3856f12c1,commit
github:myusuf3,myusuf3,Mahdi Yusuf,90ee6926060a95e18ecdfa7a4bff44b7ede20876257bca8c87f6bbad927b96a7,"commit,pr,pr"
github:mzaien,mzaien,mzaien,,pr
github:mzehngut,mzehngut,mzehngut,,pr
github:mziemys,mziemys,mziemys,,pr
github:mzlee,mzlee,Michael Lee,0fd9d5d7e9e404c9daa763b20031486603e67ff2a4f443a2f05b461651ecd743,"commit,pr"
github:n-for-all,n-for-all,n-for-all,,pr
github:n-miyo,n-miyo,"MIYOKAWA, Nobuyoshi",4e6835256a148a50dacf0710c40226f6e5134bd58f5f894c88f77d7f0708f5f5,"commit,pr,pr,pr,pr"
github:n1ru4l,n1ru4l,Laurin Quast,b7636a1eb7c97b58e6fe4e3c66880bcfbf668bfb08d5b89528c9f9877ae1201d,"commit,pr"
github:n3tr,n3tr,Jirat K,d92930896284e7004a40caac100b8f8300f88b096ce110a1b206552cc3168f64,"commit,pr,pr"
github:nabati,nabati,Poyan Nabati,fd0cadc81c5a2b98f918f43e1fbe3ab27e3973cf28cb6d90834c0ae0b856e453,"commit,pr"
github:nabettu,nabettu,nabettu,97bf119382b21a7fcce010f2e2a92165c7662b4d7651901a18744011abb652e4,"commit,pr"
github:nacam403,nacam403,nacam403,49a340787f07660f246036aeab86eaea2d001cc207238139d6fbb7c841f2b5d4,"commit,pr"
github:nadiia,nadiia,nadiia,,pr
github:naim08,Naim08,Naim08,,pr
github:nak411,nak411,nak411,c96bed5d6592c18dd5e716bc44e149d4c1afcb86c379151ea91546854a0b8073,"commit,pr"
github:namse,namse,skatpgusskat,b08f85c33b62dc2e54d2fc27fa2f262ff64cd61b8f27f917ab7e090c28ce551f,"commit,pr,pr,pr"
github:namuol,namuol,namuol,,pr
github:naomiajacobs,naomiajacobs,Naomi Jacobs,720c10d0722913181d11e185631af23fd85db4939e5e43adbe567ee84ee40a22,"commit,pr"
github:naoufal,naoufal,naoufal,,pr
github:naqvitalha,naqvitalha,naqvitalha,,pr
github:narychen,narychen,Ben,1739285725cabdbac7e1d55c43a65c9096cb0bebdd2df2ea19c9a55954a8394d,"commit,pr,pr"
github:nataliejameson,nataliejameson,Philip Jameson,19e30cba54abda97d0c59519c03a5e780991db76e6bb18c0665e16d21f0efbb4,commit
github:natanfeitosa,natanfeitosa,natanfeitosa,,pr
github:natansh,natansh,Natansh Verma,3f271e18d8e1808ebef4a2128f2d12544e1e7e91cbfeb00302f2685e5bb38022,commit
github:natehook,NateHook,NateHook,,pr
github:natestedman,natestedman,Nate Stedman,2bd49b55cc33e001511a7ecdd877eb18097f24dbfbbf0e8ba558f35e7e2f3f91,commit
github:natew,natew,natew,3f069873a484f685c86e80b9382f7c1cb364696d1bcfa1302a21230503bfa947,"commit,pr,pr"
github:nathanajah,nathanajah,Nathan Azaria,fe289d438de7fe25145c7e52322643ed1b48a5753c58e02d38235a8eac56d354,"commit,pr"
github:nathanlschneider,nathanlschneider,Nathan Schneider,3889370d74f6aa2760cd8cdfa0040c7eb5684fcaf41784a44bde621d0a454b60,"commit,pr"
github:nathannewyen,nathannewyen,nathannewyen,,pr
github:natioskar,natioskar,natioskar,,pr
github:natthu,natthu,Natthu Bharambe,f961585caae49c3a37f68adb74adb63e306d33b214e1fe938650b67de0924ee8,commit
github:naturalclar,Naturalclar,Jesse Katsumata,604446a3c404cd41f379a37a3eac4fcc83707db6999691a83f63ae0b422887df,"commit,pr,pr,pr,pr,pr,pr,pr,pr,pr,pr,pr,pr,pr,pr,pr,pr,pr,pr,pr,pr,pr,pr,pr,pr,pr,pr,pr,pr,pr,pr,pr,pr,pr,pr,pr,pr,pr,pr,pr,pr,pr,pr,pr,pr,pr,pr,pr,pr,pr,pr,pr,pr,pr"
github:nautical,nautical,John Doe,d38dfea772688d22f250a6a4fd43145cecac171f2413341e17e00330cace4899,"commit,pr"
github:navjot1806,Navjot1806,Navjot1806,,pr
github:navratill,navratill,navratill,,pr
github:nawbc,nawbc,Nawbc,66190966f1abe5864616f8f9a95ec77e4ac961809e58f42b3b4792a91a887649,"commit,pr,pr,pr"
github:naxel,naxel,Alexander Khaylo,bbad82879c4c65af131942ea9234dffad82cc5bdf63f61dd7b6ae8084a0590c8,"commit,pr,pr"
github:naxey,naxey,Max Hoffmann,efa6b3abbf6864c5c4364779598a5ab4588b3c32cde36b7367cf82cae3df8c5a,"commit,pr"
github:nazmuddin77,nazmuddin77,nazmuddin77,,pr
github:naznyc,naznyc,naznyc,,pr
github:nbennink,nbennink,nbennink,,pr
github:nbomberger,nbomberger,Nathaniel Bomberger,fa99e6f9dc185425edfe7e0ac410ea66212a69db0efc277c7d54c24a876ddc9d,"commit,pr,pr"
github:ncuillery,ncuillery,Nicolas Cuillery,6f6a7a4f500da33d04467d70fab44a13643b5faeb59afdbd2781a45934883157,"commit,pr,pr,pr,pr,pr,pr,pr,pr,pr,pr,pr,pr"
github:ndfred,ndfred,Frédéric Sagnes,164d0e1768db277ab8a35e247b2f8a08f331972b185bf467c4d7ffdf5196fa8a,commit
github:ndmitchell,ndmitchell,Neil Mitchell,64e6c099e8997a9fc38e705c7a0ac50e62f3cdc6d17835d01d9388482c514e9d,"commit,pr"
github:ne3l,Ne3l,Nacho López,7202966276b047482e86a1aa14d9b8e0eb2e69e2d5c5018aaec4ea3a986dc566,"commit,pr"
github:nearestnabors,nearestnabors,nearestnabors,,pr
github:neciu,neciu,Tomasz Netczuk,6d0352395f47dea8c82679cd6f5b824c017a9b28d41291a71ab997cf1bb5b939,"commit,pr,pr,pr,pr,pr"
github:necmttn,Necmttn,Necmttn,,pr
github:necolas,necolas,Nicolas Gallagher,e234d40652daab6c4b5460e6303d03a80e66966deffd22c845ff6c4eedf3825a,"commit,pr,pr,pr"
github:negativetwelve,negativetwelve,Mark Miyashita,68f8087f06126048d051f023d4065175756100745b3405a3322c18cc4d0d1ed1,"commit,pr,pr,pr,pr,pr,pr,pr"
github:nehgupta-1203,Nehgupta-1203,Nehgupta-1203,,pr
github:neildhar,neildhar,Neil Dhar,43d28cc3070df3de7238dcfabe295071726560b3c81bda06e96f14149a468f6a,"commit,pr,pr,pr,pr,pr,pr,pr,pr,pr,pr,pr,pr,pr,pr,pr,pr,pr,pr,pr"
github:neilsarkar,neilsarkar,Neil Sarkar,e3269167b9accfbf63a7b4bd93c4b20cb07cb001d64d09b50d0d7784b12e4f99,"commit,pr,pr,pr,pr,pr,pr"
github:nekshadesilva,NekshaDeSilva,NekshaDeSilva,,pr
github:nelzomal,nelzomal,nelzomal,,pr
github:nemothecapt,nemothecapt,nemothecapt,f160e9c9f18041943e3cde59372f45204e6427261ffe3a76e9524fa23a7c32ec,"commit,pr"
github:nepherhotep,Nepherhotep,Alexey Zankevich,b333f76ae727a61ad39ca0b07eb9b1c7c29611d3875c8e78e55a907d452d1bd4,"commit,pr"
github:netmaxt3r,netmaxt3r,Nizam,fa85887935c35cf3ab2d7cefbb16ad38f6de2a2ecce4e33c8416276888516edd,"commit,pr,pr"
github:nevir,nevir,Ian MacLeod,c542fff8811b2fa388c491d79c1512ef20188164723ef10422239309eadb8e9d,"commit,pr,pr,pr,pr,pr,pr,pr,pr"
github:newmetl,newmetl,Adalbert Gorecki,555433ff2044df7c8b8e994de98fe409c951734781833c2ca211bb244f2d3a88,"commit,pr,pr"
github:newobj,newobj,newobj,,pr
github:newyankeecodeshop,newyankeecodeshop,Andrew Goodale,159373871f13d68a633aafd0bf8bc2ee737e78712911d05e2de50c3fdb3a828c,"commit,pr,pr,pr,pr,pr,pr,pr,pr"
github:nfriedly,nfriedly,nfriedly,,pr
github:ng-marcus,ng-marcus,Marcus Roberts,c26cc8fbde7d43b93d21cb84c7d1d052e7418471bee8947327a8550e095b1d53,commit
github:nganbread,nganbread,Scott Ngan,3037786297488b4a9b2ad07acadbcc12f78d81cced05e228c37e2930505d2bbf,"commit,pr,pr"
github:ngandhy,ngandhy,ngandhy,2a825998c5098689b56b6cd9b727fbee34fdcf26336294f778dc6cb0282174ce,"commit,pr"
github:ngocle2497,ngocle2497,ngocle2497,,pr
github:ngraef,ngraef,Nick Graef,ef39f6cc21688ec4e240126284671dc6cd9540316d67476f9b2f2cce60a3dc49,"commit,pr"
github:nguyenbacong-dev,nguyenbacong-dev,nguyenbacong-dev,,pr
github:nhancv,nhancv,nhancv,,pr
github:nhducit,nhducit,nhducit,,pr
github:nhunzaker,nhunzaker,Nate,b8932ba9b87646eb934f79d3f4c4688f506c000e7e646e88865560b1021303e6,"commit,pr,pr,pr,pr,pr,pr"
github:ni3t,ni3t,Nick Bell,82eced162a8b8d8d5a81a2d456fb67545c1051f07c744e437053d2eff9a57d4c,"commit,pr"
github:nianxiongdi,nianxiongdi,qy,eeac329a97c4dd9ad0e59b2e2e24e2c4d98c48dbe2e4d6ce72fa1a806d4ea545,"commit,pr"
github:niborb,niborb,niborb,,pr
github:nicholaslee119,nicholaslee119,nicholaslee119,2665f2100b55a4823c39799ec94fe3bdfa4cc9940509f52201b5c64c72ca9fd8,"commit,pr,pr"
github:nicholaspsmith,nicholaspsmith,Nick Smith ♞,1ffc5e0fbb2b1a56c67d1785e020026e04c0a864ff09b8c0de07e55e5caeb428,"commit,pr,pr"
github:nicholaswilsondev,NicholasWilsonDEV,Nicholas Wilson,9206537833eec6a12b9539e4c46cd5c1bd1953977d742e97a2e6bf8e02835875,commit
github:nichtverstehen,nichtverstehen,Kirill Nikolaev,52d36aec9d73f4ab5d40c3486ccf038ed8af52b45e3c288ee044aee666d7ddc5,"commit,pr"
github:nicinabox,nicinabox,Nic Aitch,65c9f334783cd1e1a464825fd564382d9537c2132335b8e584fe15dae6736563,"commit,pr,pr"
github:nick,nick,nick,,pr
github:nick-merrill,nick-merrill,nick-merrill,,pr
github:nickbalestra,nickbalestra,Nick Balestra,c4b36f79fb3548c89550f2c5ffbb4da749b494d76150a095c69444c344507d06,"commit,pr"
github:nickblockfb,nickblockFB,nickblockFB,,pr
github:nickdowell,nickdowell,nickdowell,,pr
github:nickfujita,nickfujita,Nick,e9ddc7a04fcf7c6b8fa67b9ce9ae0993dce53757165423ccf60423f8faf00a47,"commit,pr,pr,pr"
github:nickgerleman,NickGerleman,Nick Gerleman,d8c8cbc1756e486b3c77a0f67af39a9a21e292d77b650355ca7422db22f715ee,"commit,pr,pr,pr,pr,pr,pr,pr,pr,pr,pr,pr,pr,pr,pr,pr,pr,pr,pr,pr,pr,pr,pr,pr,pr,pr,pr,pr,pr,pr,pr,pr,pr,pr,pr,pr,pr,pr,pr,pr,pr,pr,pr,pr,pr,pr,pr,pr,pr,pr,pr,pr,pr,pr,pr,pr,pr,pr,pr,pr,pr,pr,pr,pr,pr,pr,pr,pr,pr,pr,pr,pr,pr,pr,pr,pr,pr,pr,pr,pr,pr,pr,pr,pr,pr,pr,pr,pr,pr,pr,pr,pr,pr,pr,pr,pr,pr,pr,pr,pr,pr,pr,pr,pr,pr,pr,pr,pr,pr,pr,pr,pr,pr,pr,pr,pr,pr,pr,pr,pr,pr,pr,pr,pr,pr,pr,pr,pr,pr,pr,pr,pr,pr,pr,pr,pr,pr,pr,pr,pr,pr,pr,pr,pr,pr,pr,pr,pr,pr,pr,pr,pr,pr,pr,pr,pr,pr,pr,pr,pr,pr,pr,pr,pr,pr,pr,pr,pr,pr,pr,pr,pr,pr,pr,pr,pr,pr,pr,pr,pr,pr,pr,pr,pr,pr,pr,pr,pr,pr,pr,pr,pr,pr,pr,pr,pr,pr,pr,pr,pr,pr,pr,pr,pr,pr,pr,pr,pr,pr,pr,pr,pr,pr,pr,pr,pr,pr,pr,pr,pr,pr,pr,pr,pr,pr,pr,pr,pr,pr,pr,pr,pr,pr,pr,pr,pr,pr,pr,pr,pr,pr,pr,pr,pr,pr,pr,pr,pr,pr,pr,pr,pr,pr,pr,pr,pr,pr,pr,pr,pr,pr,pr,pr,pr,pr,pr,pr,pr,pr,pr,pr,pr,pr,pr,pr,pr,pr,pr,pr,pr,pr,pr,pr,pr,pr,pr,pr,pr,pr,pr,pr,pr,pr,pr,pr,pr,pr,pr,pr,pr,pr,pr,pr,pr,pr,pr,pr,pr,pr,pr,pr,pr,pr,pr,pr,pr,pr,pr,pr,pr,pr,pr,pr,pr,pr,pr,pr,pr,pr,pr,pr,pr,pr,pr,pr,pr,pr,pr,pr,pr,pr,pr,pr,pr,pr,pr,pr,pr,pr,pr,pr,pr,pr,pr,pr,pr,pr,pr,pr,pr,pr,pr,pr,pr,pr,pr,pr,pr,pr,pr,pr,pr,pr,pr,pr,pr,pr,pr,pr,pr,pr,pr,pr,pr,pr,pr,pr,pr,pr,pr,pr,pr,pr,pr,pr,pr,pr,pr,pr,pr,pr,pr,pr,pr,pr,pr,pr,pr,pr,pr,pr,pr,pr,pr,pr,pr,pr,pr,pr,pr,pr,pr,pr,pr,pr,pr,pr,pr,pr,pr,pr,pr,pr,pr,pr,pr,pr,pr,pr,pr,pr,pr,pr,pr,pr,pr,pr,pr,pr,pr,pr,pr,pr,pr,pr,pr,pr,pr,pr,pr,pr,pr,pr,pr,pr,pr,pr,pr,pr,pr,pr,pr,pr,pr,pr,pr,pr,pr,pr,pr,pr,pr,pr,pr,pr,pr,pr,pr,pr,pr,pr,pr,pr,pr,pr,pr,pr,pr,pr,pr,pr,pr,pr,pr,pr,pr,pr,pr,pr,pr,pr,pr,pr,pr,pr,pr,pr,pr,pr,pr,pr,pr,pr,pr,pr,pr,pr,pr,pr,pr,pr,pr,pr,pr,pr,pr,pr,pr,pr,pr,pr,pr,pr,pr,pr,pr,pr,pr,pr,pr,pr,pr,pr,pr,pr,pr,pr,pr,pr,pr,pr,pr,pr,pr,pr,pr,pr,pr,pr,pr,pr,pr,pr,pr,pr,pr,pr,pr,pr,pr,pr,pr,pr,pr,pr,pr,pr,pr,pr,pr,pr,pr,pr,pr,pr,pr,pr,pr,pr,pr,pr,pr,pr,pr,pr,pr,pr,pr,pr,pr,pr,pr,pr,pr,pr,pr,pr,pr,pr,pr,pr,pr,pr,pr,pr,pr,pr,pr,pr,pr,pr,pr,pr,pr,pr,pr,pr,pr,pr,pr,pr,pr,pr,pr,pr,pr,pr,pr,pr,pr,pr,pr,pr,pr,pr,pr,pr,pr,pr,pr,pr,pr,pr,pr,pr,pr,pr,pr,pr,pr,pr,pr,pr,pr,pr,pr,pr,pr,pr,pr,pr,pr,pr,pr,pr,pr,pr,pr,pr,pr,pr,pr,pr,pr,pr,pr,pr,pr,pr,pr,pr,pr,pr,pr,pr,pr,pr,pr,pr,pr,pr,pr,pr,pr,pr,pr,pr,pr,pr,pr,pr,pr,pr"
github:nickhudkins,nickhudkins,Nick Hudkins,3c08e366c4ca7f39b3b9ea33621bef12750b9ecb8ed4ef35794b02d0a3f9536c,"commit,pr,pr,pr"
github:nickjuntilla,nickjuntilla,Nicholas Juntilla,c9f1234c1da094cbfbd45f3ce9695dde741c3c0b7c2e349e81e599ae34ea36a2,"commit,pr"
github:nicklockwood,nicklockwood,Nick Lockwood,ecb4c87e613292ab2bb7884eb9a872096932dbb80adf5addc1db35f470f6ce73,"commit,pr,pr,pr,pr,pr,pr,pr,pr,pr,pr,pr"
github:nicknovitski,nicknovitski,Nick Novitski,5fd2298626c5829172d8b1a5960c88de418d09a43c9012efb4383e1d93e76480,"commit,pr"
github:nicktate,nicktate,Nicholas Tate,0e2e9703e31eef2df919ff909801d6e08b28bd486c91ee2c3aa665f14746ae7a,"commit,pr,pr,pr,pr,pr"
github:nico22utn,nico22utn,nico22utn,,pr
github:nicoburns,nicoburns,Nico Burns,05221b1327ae51c46f798a9aed5444875b961e8239cd6b4748fb660dae86db47,"commit,pr"
github:nicolas-f,nicolas-f,nicolas-f,,pr
github:nicomev,nicomev,Nicolas Feignon,a61fa8e5b3303cb2becdc28bea0728641e2e852391cf3335793c9505912d468b,"commit,pr"
github:nicomontanari,nicomontanari,nicomontanari,,pr
github:nidongara,nidongara,nidongara,,pr
github:niftylettuce,niftylettuce,Nick Baugh,0d515dc426c07aedd13e8bf0e336c73c243a54c5f6cfbe14df31b93f7cb7911c,"commit,pr,pr,pr,pr,pr"
github:nihgwu,nihgwu,Neo,97c99e29bda0d4db7a0cfeb1b814a3140bd3953839e5e401fe7ba6b58694ff56,"commit,pr,pr,pr,pr,pr,pr,pr,pr,pr,pr,pr,pr"
github:nikhiltekwani09,nikhiltekwani09,nik910,80100e0e34c1c57546b98716944012a168d8e3054948f5e2a12ba431e93e4168,"commit,pr,pr"
github:nikita2k,Nikita2k,Nikita Tuk,7be505010a1919071766d180eac0a613778181f1c332e19556b0ad3a13a99c85,commit
github:nikki93,nikki93,Nikhilesh Sigatapu,7a0fdde84eccba03a52f7f1d894d9308f83a1863bdbf067dbe2fc06de94722c5,"commit,pr,pr,pr,pr"
github:nikoari,NikoAri,NikoAri,1c5cf0db33c2afe88b0f0a20e734c4b8d0b27c76a033ec9bcdb0a2d9bc2c7250,"commit,pr"
github:nikolai-katkov,nikolai-katkov,Nikolai Katkov,99cfb6c70aecd4a39f835a9d1981b0ca529ad8f1e2455dd3bab1aa2670761946,"commit,pr"
github:nikosch86,nikosch86,nikosch86,,pr
github:nim23,nim23,nim23,,pr
github:nimish-gupta,nimish-gupta,Nimish,968ffb878b3041a80023f77844318e2b6860b2e0e108f856fc18e6c1f8bbbf21,"commit,pr,pr,pr"
github:niranjan-b,Niranjan-B,Niranjan Bhaskar,f00dcfe7a736fbaeaea8cb3822f1d44047a3f035f502de74259c01546422a9c7,"commit,pr"
github:nishanthshankar,NishanthShankar,NishanthShankar,,pr
github:nishim3,nishim3,nishim3,,pr
github:nishtha99,Nishtha99,Nishtha99,,pr
github:nissy-dev,nissy-dev,nd-02110114,abac8ab14141d2d2f7ab2c8db2f3d10b3fd4ac515ee2f745d5d03e903ae48419,"commit,pr,pr,pr,pr,pr,pr,pr,pr,pr,pr,pr,pr,pr,pr,pr,pr,pr,pr,pr,pr,pr,pr,pr,pr,pr,pr,pr,pr,pr,pr,pr,pr,pr,pr,pr,pr"
github:nitaking,nitaking,nitaking,,pr
github:nitingoswami-io,nitingoswami-io,nitingoswami-io,,pr
github:nitinshukla413,nitinshukla413,Nitin Shukla,f01a06aeaabcaedd0e12f9958b7e4c06d9b2d9b9c6e17bcabd3b5799b32aed4c,"commit,pr"
github:nitrogenlabs,nitrogenlabs,nitrogenlabs,,pr
github:nivoc,nivoc,Matthias Kühnle,b41d2e2b0c563ce63d4e0f9b51e799fb0d7fbbb7799206cdfdcd27443f678736,"commit,pr"
github:nizarius,Nizarius,Пётр Потапов,e3e3fdd3aa3712ca9db6af7e3ceeba3c1f8563bb2dc739f038ea8fb5b264642b,"commit,pr,pr"
github:njbmartin,njbmartin,njbmartin,,pr
github:njhu,NJHu,NJHu,,pr
github:nkabrown,nkabrown,Nathan Brown,4b006018fcb21a9a2deebe9408b5aff33d7666f77ceedb221c276f2a0bcb236e,"commit,pr"
github:nklhtv,nklhtv,nklhtv,,pr
github:nkt,nkt,nkt,,pr
github:nkzn,Nkzn,Nkzn,,pr
github:nlindroos,nlindroos,nlindroos,,pr
github:nlutsenko,nlutsenko,Nikita Lutsenko,8102cd4d60ed7a6f769ce46cd54aae8bd70a45dcbaf42eec145902e28a2d37e9,"commit,pr,pr,pr,pr,pr,pr"
github:nmccready,nmccready,nmccready,81bd65b94cbec8ec35c6212347ae20b586ed722d50eabd5daebe2636b57cc767,"commit,pr"
github:nmn,nmn,Naman Goel,2889df2f9769cffe9ff51c6144ed2b7726456c3fbdf3a371b546646a25a31947,"commit,pr"
github:nmolkeri,nmolkeri,nmolkeri,,pr
github:nmote,nmote,Nat Mote,1e2324798478e6deae53a11c3955bb97a40cb9c00f2def7030682fe7435668b1,commit
github:nnabinh,nnabinh,Binh Nguyen,2a09595b625089b65976bb79689d15b6b209bd17f788804d7e92c6d340cf858c,"commit,pr"
github:nnnnnoel,nnnnnoel,nnnnnoel,,pr
github:nobar,NoBaR,Noam Bartov,e5ec2817286e55c6464a6be8a28f5a89f652cc7164c84dc19c52af8c9bd01219,"commit,pr,pr,pr"
github:nochkin,nochkin,nochkin,,pr
github:noerk,noerK,Simon Dohmen,0749561d76a49bb9f66efc50449e31283174457cb2324517f698e85918f83e56,"commit,pr,pr,pr"
github:nohabean,nohabean,nohabean,,pr
github:noilpaw,NoilPaw,NoilPaw,,pr
github:noitidart,Noitidart,Noitidart,,pr
github:noman-ansari,noman-ansari,noman-ansari,,pr
github:nonewcode,nonewcode,nonewcode,,pr
github:noodleofdeath,NoodleOfDeath,NoodleOfDeath,,pr
github:nopik,Nopik,Nopik,,pr
github:norfeldt,Norfeldt,Norfeldt,,pr
github:norman-kapschefsky,norman-kapschefsky,norman-kapschefsky,,pr
github:norris1z,Norris1z,Norris1z,,pr
github:nossbigg,nossbigg,nossbigg,94f2b80d4416e4abe354ee08e3727990c297fb277b0466911b03243ccacc8537,"commit,pr,pr,pr,pr,pr,pr,pr"
github:notj,notj,notj,,pr
github:notjosh,notjosh,Joshua May,631a82f210df7c011bd971ba37401c0c0ab1e0b712a77ecb9a08df96e7cc4616,"commit,pr,pr,pr,pr"
github:novsochetra,Novsochetra,Novsochetra,,pr
github:nowaits,nowaits,nowaits,,pr
github:noway,noway,Ilia Sidorenko,2345b98783eb561cdf4627bb3d9da0a4a76c7e28012c37ea9faed6f9bca45177,"commit,pr"
github:noxee,noxee,noxee,,pr
github:npmcdn-to-unpkg-bot,npmcdn-to-unpkg-bot,npmcdn-to-unpkg-bot,,pr
github:npomfret,npomfret,npomfret,6cfbca5a9b5b1599639a1397cd172d723b66f0a71f4a573bd7625fc783019dec,"commit,pr"
github:nscoding,nscoding,nscoding,,pr
github:nsimmons,nsimmons,nsimmons,,pr
github:nsprogrammer,NSProgrammer,Nolan O'Brien,65d5cc0a61bd74cac2dcb0f9f2749b1c556f2905cdd152cf4c73dff50dce55a7,"commit,pr,pr,pr,pr,pr,pr,pr,pr,pr,pr,pr,pr,pr,pr,pr,pr"
github:ntillmann,NTillmann,Nikolai Tillmann,825bbfa853f3c2905edfcd0d4b8b89c3a4e82469fa49d612d5993017cc3a138a,"commit,pr"
github:nubbel,nubbel,Dominique d'Argent,fbeede1011fbf0d8d3eee99a0365d347e660e19ce89d028680284334f20fdd2b,commit
github:nucleartux,nucleartux,Adrov Igor,21ee83b3e0bbb0faba9c5b569c09c6b54fbc6ba8905a37840158905891023742,"commit,pr,pr,pr,pr,pr"
github:nuhbye,nuhbye,nuhbye,bc14e1b95e881676b56d088e5627aca8b791c94063f10f71da974e5640e11b9d,"commit,pr"
github:numandev1,numandev1,Muhammad Numan,03338f81f62d8fa9ca57c6d41d342dd0bc137589e0f0ab1c64caf0cf14f4fb6f,"commit,pr,pr,pr"
github:nurtau,Nurtau,Nurtau,,pr
github:nurymka,Nurymka,Nurym Kudaibergen,ba4be328cb145f6bf97af0937ca97a87a3589ec5c0a7b0ab79ecc991e1516adb,"commit,pr"
github:nvbn,nvbn,nvbn,,pr
github:nverdhan,nverdhan,Naisheel Verdhan,fd7aa025c985a50aef1d9b70689d0e9eebeec2e06c6c5c6c898fbae28f56f3b9,"commit,pr"
github:nvojnovic,nvojnovic,Nenad Vojnovic,deadda210ffe7b19697b4cc1f4b2300cc3069a6462f7c4b4d0426aa821c9cb37,"commit,pr"
github:obetame,obetame,obetame,,pr
github:obidosdev,ObidosDev,ObidosDev,,pr
github:obipawan,obipawan,obipawan,,pr
github:objectivecosta,objectivecosta,Rafael,7a37f1c7c112044e137edc3e49c65e58323f9dba51a86971cdf47933bd45b1a2,"commit,pr"
github:oblador,oblador,Joel Arvidsson,f8eb6784f5648b4ef49be8cb7b75f8bec7cbfd7ddacdf7e6c910acb3db072756,"commit,pr,pr,pr,pr,pr,pr,pr,pr,pr,pr,pr,pr"
github:obooman,Obooman,Obooman,,pr
github:ocarpinteyro,ocarpinteyro,ocarpinteyro,,pr
github:ocarpinteyrotvsa,ocarpinteyrotvsa,Omar Carpinteyro,7eb3e333b077031de518926df5e393bf5f27e4066f3b02f9cffc93cea93b51cd,commit
github:oceanhorn,OceanHorn,OceanHorn,,pr
github:ochanje210,ochanje210,ochanje210,,pr
github:ocie,ocie,ocie,,pr
github:ocleo1,ocleo1,ocleo1,,pr
github:octopitus,octopitus,Luy Tran,099a81b1dcfd545646cf9d155698886f9874af1180d923525ece9161b7cfefc1,"commit,pr"
github:oddlyspaced,oddlyspaced,oddlyspaced,4724b117baee2da91c32177ae93137891debf5b8b7d942392f6417ccf313097b,"commit,pr,pr,pr"
github:odino,odino,Alessandro Nadalin,4949831c46c06b6ff58c024395beacbf0c1f84761d652ba2cb94081f48bb8e43,"commit,pr,pr,pr,pr,pr,pr,pr,pr,pr"
github:offbye,offbye,offbye,,pr
github:ognen,ognen,ognen,,pr
github:ohbarye,ohbarye,ohbarye,,pr
github:ohwhen,ohwhen,ohwhen,,pr
github:ojkelly,ojkelly,ojkelly,,pr
github:okwasniewski,okwasniewski,Oskar Kwaśniewski,def53329762e2d2ad7f93611f997f763d969d1cf4517d66f20b9724da6967324,"commit,pr,pr,pr,pr,pr,pr,pr,pr,pr,pr,pr,pr,pr,pr,pr,pr,pr,pr,pr,pr,pr,pr,pr,pr,pr,pr,pr,pr,pr,pr,pr,pr,pr,pr,pr,pr,pr,pr,pr,pr,pr,pr,pr,pr,pr,pr,pr,pr,pr,pr,pr,pr,pr,pr,pr,pr,pr,pr,pr,pr,pr,pr,pr,pr,pr,pr,pr,pr,pr,pr,pr,pr,pr,pr,pr,pr,pr,pr,pr,pr,pr,pr,pr,pr,pr,pr,pr,pr,pr,pr,pr,pr,pr,pr,pr,pr,pr,pr,pr,pr,pr,pr,pr,pr,pr,pr,pr,pr,pr,pr,pr,pr,pr,pr,pr,pr,pr,pr,pr,pr,pr,pr,pr,pr,pr,pr,pr,pr,pr,pr,pr"
github:oleg-codaio,oleg-codaio,oleg-codaio,,pr
github:oleg-e-bakharev,Oleg-E-Bakharev,Oleg E. Bakharev,7547c84eb2d9aba6867d0731963b16c07093f8db30f79971269b231148dbf438,"commit,pr"
github:olegbl,olegbl,Oleg Lokhvitsky,72487a90a65932176610c3ccac76f1abaf6c639c35e8923d53737f84f8da9ab2,"commit,pr"
github:oleolek,oleolek,Oleksandr Sokolov,459892dedeae420448d19d5042ef0fbdf26e798cca632c9430abc972130e753a,commit
github:olfek,olfek,olfek,,pr
github:olgarithm,olgarithm,olgarithm,,pr
github:olimpiazurek,OlimpiaZurek,OlimpiaZurek,,pr
github:olingern,olingern,olingern,,pr
github:olinotteghem,olinotteghem,Olivier Notteghem,9947db8da07bbf7ecbadfe756565e9137dcc4fc79c4e243abeb2f99662622076,commit
github:oliviabanis,oliviabanis,oliviabanis,,pr
github:olivierfreyssinet-old,OlivierFreyssinet-old,OlivierFreyssinet-old,,pr
github:olofd,olofd,olofd,,pr
github:omarbafagih,OmarBafagih,Omar Bafagih,2b85f1c0a1134c9d158dcbf1882a21c43e5abc8c6ccef740398fd442beb85f5f,"commit,pr,pr,pr,pr,pr,pr"
github:omeid,omeid,Omeid,cb6a2de4e589a80574821c34ff47217ad05ff503179b2d3e4fb6729b24eb5bb9,"commit,pr,pr,pr,pr"
github:omer-ayhan,omer-ayhan,omer-ayhan,7c2019d47084a6800ace8ee999325455dc8adc01f413a821038fd2e7cadd724d,"commit,pr,pr,pr"
github:omerayhan-shft,omerayhan-shft,omerayhan-shft,42bf48c535db24bc7c13b280ad43c77217a16f3dd7a0e753d05ec74e8fa0ce01,"commit,pr"
github:omerp,omerp,Omer Peleg,92c4912af1ccc1a56ade3586f378e146a994d2d1e36a649287d371774f4b0f67,"commit,pr"
github:omnikron,omnikron,Oli Barnett,013cfccd511489fdf41144aaf52dffc475df7fb98c638a52d5aa9eaa584000e2,"commit,pr,pr"
github:onaips,oNaiPs,Jose Pereira,83781eea55c587bebe51a896407a9070f8d2e5f8d2c472437bf439eae12b2238,"commit,pr"
github:onchainguy-btc,onchainguy-btc,Sebastian Gronewold,845cd22f303a35b326d3ee7b014ae9e73ad9d7033b2783c29dbb7e730d7a6f31,"commit,pr,pr"
github:onesubone,onesubone,onesubone,,pr
github:onexf,onexf,onexf,,pr
github:onion1993,onion1993,onion1993,,pr
github:onsaint,onsaint,onsaint,,pr
github:onstash,onstash,onstash,,pr
github:ontzic,ontzic,ontzic,,pr
github:onurersel,onurersel,onurersel,,pr
github:opayen,opayen,opayen,,pr
github:oprisnik,oprisnik,Alexander Oprisnik,b0e72270807b85c17bbddb4d84bfac7c39106ff3e76dde3d6794e0ac0e31c48d,"commit,pr"
github:orenklein,orenklein,orenklein,,pr
github:orfeasz,OrfeasZ,OrfeasZ,,pr
github:originerd,originerd,Jitae Kim,beae63fa2cefc892865682375a71014abccb419d130d92a7363e7833fa442ce1,"commit,pr,pr"
github:oriharel,oriharel,Ori Harel,c36ebd1138c2e125f5b17f0b362241ff674ce97232c58ed5853ced5992ecb8ea,"commit,pr,pr"
github:orktes,orktes,orktes,,pr
github:orta,orta,Orta Therox,b4849642aeb887963cd6e88fdb69e2e7f9c0c7c481c70038a0dd58240d3202ae,"commit,pr,pr,pr,pr,pr,pr,pr,pr,pr,pr"
github:osamamostafa1,osamamostafa1,osamamostafa1,,pr
github:osamaqarem,osamaqarem,osamaqarem,,pr
github:osartun,osartun,Oliver Sartun,bee8c608bd3c1a813d60c891d73d593dc05781f87c353cd532d2e25cbae0b8f9,"commit,pr"
github:osdio,osdio,osdio,,pr
github:osdnk,osdnk,Michał Osadnik,f591cbb1e1175a339af947e6a8e2d194075762896dbda360165c28a3d532f36b,"commit,pr,pr,pr,pr,pr,pr,pr,pr,pr,pr"
github:oskareichler,OskarEichler,Oskar Eichler,3a972f648241bc891870217e204b66edb8eccb763da4c3ee609ea9aa50a67f65,"commit,pr,pr"
github:ospfranco,ospfranco,Oscar Franco,934934e51fcb3bfa01698d1f65aed3310a9c349ca92c9673fed72c688133e748,"commit,pr,pr,pr"
github:osunnarvik,osunnarvik,osunnarvik,,pr
github:ot,ot,Giuseppe Ottaviano,ac2e4ab5bf9637701f0f4e56297682a034404cf85800d5febc67817a7917da40,commit
github:othinn,Othinn,Othinn,,pr
github:otolock,Otolock,Otolock,,pr
github:ouabing,ouabing,abing,e6d2ac0cc96edca82c504e42814f20a6c903aae78aa5519cd108c8cbb04341b3,"commit,pr,pr,pr"
github:ouchuan,ouchuan,Wang Chuan,e2df409a467bdf03863c215a35a4c84de45ad0ecb71c3d0736bf1aec8cfa3f27,"commit,pr,pr"
github:oureta,oureta,oureta,,pr
github:oveddan,oveddan,oveddan,6303043db9c93095a1609d4dd6e8e6669892a9b1449dc61483fe33048a3c9447,"commit,pr"
github:ovi,Ovi,Ovi,,pr
github:ovr,ovr,Dmitry Patsura,caa1ceedb976b70e27b0f3f97eb2650cf1950a7c0c79807414445b6267f43762,"commit,pr,pr"
github:owenauch,owenauch,owenauch,,pr
github:owjsub,owjsub,owjsub,5a123d4e912247d44c74e38be568762269d6f7de13763f3482d180d4ac0fc415,"commit,pr"
github:oyvindkinsey,oyvindkinsey,Sean Kinsey,beeb1f9cbe6ae6f9273a720806a528b5e0db5e14276eedd47d415a5407f2cd11,commit
github:ozberkctn,ozberkctn,ozberkctn,,pr
github:ozonelmy,ozonelmy,ozonelmy,,pr
github:p-sun,p-sun,Paige Sun,4783a398fee5b968b7dfb3193edaddd6e5168fe96b90fb7658fc68b669c023b9,"commit,pr,pr,pr"
github:p-syche,p-syche,p-syche,,pr
github:p16,p16,p16,,pr
github:paalex,paalex,paalex,,pr
github:pac-guerreiro,pac-guerreiro,pac-guerreiro,,pr
github:padapada09,padapada09,padapada09,,pr
github:paddlefish,paddlefish,Andrew Rahn,7ec3885e2f802b1415ef6a06b63cc0e253d15df3f205795d0e81662f9224171d,"commit,pr,pr,pr"
github:pagrawl3,pagrawl3,pagrawl3,,pr
github:pahmed,pahmed,pahmed,,pr
github:paitoanderson,PaitoAnderson,Paito Anderson,7c9f286a2e85657578e8561ce73980f1f437c9b33a4c3b5e0d14dc7882d4b355,"commit,pr,pr,pr,pr,pr"
github:pajn,Pajn,Rasmus Eneman,b0a5e512e19a8d367223672432554ba8b1e688f0898365b23a3504ae7013a6a9,"commit,pr"
github:pakoito,pakoito,Paco Estevez Garcia,c87d48168bd26f58ca0cb5ec9b562e925c260c734392eccf49ca249d9714b536,commit
github:paldepind,paldepind,Simon Friis Vindum,2b68bbd1a599866910a3db7720bca046c9520f719c380426db0ee7ada05d870c,"commit,pr"
github:palexs,palexs,palexs,,pr
github:panagosg7,panagosg7,Panos Vekris,a07feaf1d977156bdc01cb91d41ebf8a606e9c5833daaf7e2c26043c45dba66a,"commit,pr,pr,pr,pr,pr,pr,pr,pr,pr,pr,pr,pr,pr,pr,pr,pr,pr,pr,pr,pr,pr,pr,pr,pr,pr,pr,pr,pr,pr,pr,pr,pr,pr,pr,pr"
github:pandaninjas,pandaninjas,pandaninjas,,pr
github:pandiaraj44,pandiaraj44,Pandiarajan Nagarajan,ddb70b68d3cf636fca401fb3145e2af21048a22188d7014b406bcc5c23b19874,"commit,pr,pr"
github:panjianjun,panjianjun,panjianjun,40dd804400f93fe4cab95e285ee3b8ed64004dc2ca0efd465dced871f5d11bd6,"commit,pr"
github:pannobubble,pannobubble,pannobubble,,pr
github:panzer-planet,panzer-planet,Werner Roets,4491f5b8603dbb792db68e63d4f829c72c95d98c05f8dc0737ec2cfb3a683f41,"commit,pr"
github:paolomaffei,paolomaffei,paolomaffei,,pr
github:paradowstack,paradowstack,Kamil Paradowski,da982cabe4b6aa1a00e920a9b962af8c12f74480a786c7d3ef34fb400cd5490b,"commit,pr,pr,pr,pr,pr,pr"
github:paramaggarwal,paramaggarwal,Param Aggarwal,a3ca2f09bd7fb2622b8bbec3f9aaec0d0796a9e647fdb15f26db2ec92bf5bd79,"commit,pr,pr,pr,pr,pr,pr,pr,pr,pr,pr,pr,pr,pr,pr,pr,pr"
github:partiellkorrekt,partiellkorrekt,partiellkorrekt,,pr
github:pasc0al,pasc0al,Pascoal Júnior,8804c8781b1e9ed24a4f71e1501710c13c88d5cdd4817b9ea3fde3f38e46bcb0,"commit,pr"
github:pasqualeanatriello,pasqualeanatriello,Pasquale Anatriello,1c86ebec57eb15b7614c33494555a7c69a3dbf3b8d759e6c5b5dd19e9a7aff68,commit
github:passerbyloo,passerbyloo,passerbyloo,,pr
github:passy,passy,Pascal Hartig,4ada4d59c90bdfeb2ec2ba7ea2866e0241643032e487c8060718a31f4514b396,"commit,pr,pr,pr,pr,pr,pr,pr,pr,pr,pr,pr,pr"
github:pastleo,pastleo,PastLeo,ed7e636a682d064adf77f85580ca59da9eddf1b07f8516621448a339b9e5e5a5,"commit,pr"
github:patobeltran,PatoBeltran,Patricio Beltran,6f70e10b980ed09ae712f2db91c1e9b030f7d77d5d358d91d1ea2a3bfd2110d0,"commit,pr"
github:patoroco,patoroco,Jorge Maroto,798dd15e1c08af0490aa25e02378f5de1f9a32a2116845ccf450754c0888afd5,"commit,pr,pr"
github:patotoma,patotoma,Patrik Toma,af9852217c8d3fb00ea02af6ade6db50c5f63952033e85d8d7660633f0b287d0,"commit,pr"
github:patricevignola,PatriceVignola,Patrice Vignola,09d9e07e24b607009504d630703fc7a9073446d6f3b6e4d400c5056e7f5094c9,"commit,pr"
github:patrickjs,PatrickJS,PatrickJS,,pr
github:patrickkempff,patrickkempff,Patrick Kempff,a1bcae2c88f29e17bbd5231036deffb15a48534af366a3f2cd01e40ffadc1fe2,"commit,pr"
github:patrickomeara,patrickomeara,Patrick O'Meara,9d64e0d4c371f3fd8862302a8a68b4e62e3891c429f05581e7de8cee020fb902,"commit,pr"
github:patrys,patrys,patrys,,pr
github:patw0929,patw0929,Patrick,57270240a63187edae6d50f979daf9554dc14964d44c242d3bbf484a77209b31,"commit,pr,pr"
github:paulbrittain,paulbrittain,Paul Brittain,789c595255f4b84d0c42c23ea6697280c78c27cbec7a0abfe11d87ac1597269e,"commit,pr"
github:paulmand3l,paulmand3l,Paul Mandel,57fafcd0996bfc4e807380e52ddb2e862903fca140b147dd3ef1831c3338aa5e,"commit,pr"
github:paulmest,PaulMest,Paul Mestemaker,9bd3a4e72bb372cbfba14add8b6ee47fe1825399ee448f00a901c46c9e1e148d,"commit,pr,pr"
github:paulschreiber,paulschreiber,Paul Schreiber,625bc958c2d50f680e0e2e2095c4853dfd5f87d6b399d1fe9305252ff14354a5,"commit,pr,pr"
github:paulsebi,PaulSebi,PaulSebi,,pr
github:paulshen,paulshen,Paul Shen,b24c4346160045a3ac2978b6bb3591bba69822dda8e8d12b9715fda7477eeffb,"commit,pr,pr,pr,pr"
github:paulvanstaden,PaulVanStaden,Paul van Staden,42e2781fd8173503a0549b4077ae32bc2d1597e8d2bac568853b779a7dbaec89,"commit,pr"
github:pavansin,pavansin,pavansin,,pr
github:pavelgurkovskiy,pavelgurkovskiy,Pavel Gurkovskii,76529b7555ff8ffa48b8ba245aa4e9552805bc6a40fe3c65a5ec291f8b6187f1,"commit,pr"
github:pavjacko,pavjacko,Pavel Jacko,b701fda12dbf7fa107ecd9e80092d8fe9385bb20a164e185e43055eb17ee014a,"commit,pr"
github:pazderak,pazderak,pazderak,,pr
github:pb-tech,PB-Tech,PB-Tech,,pr
github:pborreli,pborreli,pborreli,,pr
github:pchalupa,pchalupa,pchalupa,96cda1da0f5015b57a937c0b3335a1359be32f4e51af4a48a230d328b7f10818,"commit,pr,pr"
github:pcottle,pcottle,Peter Cottle,e7ebb6e3ca7c361168d90cef218aa902967d30e6f6a0f69ee1ed75563e646323,"commit,pr,pr,pr,pr,pr"
github:pdarde,pdarde,pdarde,,pr
github:pdehaan,pdehaan,Peter deHaan,077a1f587a2cd18ddc305f65bc9fd704a7de6fc3230163eb61d40b56e8239ac5,"commit,pr"
github:peacechen,peacechen,peacechen,,pr
github:peaonunes,peaonunes,Rafael Nunes G. da Silveira,f0777c59703ecf8a2bd4f89e11c8db6fac06e00ed6be2b41296f5820d13462bc,"commit,pr,pr,pr"
github:peat-psuwit,peat-psuwit,Ratchanan Srirattanamet,7539c3ff49eed008d31334443d702a5f4218209459f4caa3e6cc71f42516e97c,"commit,pr,pr"
github:pecheriere,pecheriere,pecheriere,,pr
github:pedpess,pedpess,Pedro Pessoa,8151043c3f9743a716acdb60158f308b2151c23df5ed17eefaf7db4b43fc984c,"commit,pr"
github:pedramsaleh,pedramsaleh,pedramsaleh,eedf9b88fb02baa3ec95c877ba393266b0ead7d2dfcc37d91354f41e175fbee0,"commit,pr,pr,pr"
github:pedro,pedro,pedro,,pr
github:peggyrayzis,peggyrayzis,Peggy Rayzis,7faf76da1f150bb3e1ca4d970131655c35661015deafad406299f07a789e88b9,"commit,pr"
github:pengj,pengj,pengj,,pr
github:pentarex,pentarex,Hristo Hristov,f9098d8a68beb4218f17d2d5f3a4ac09fe7e0525a19822b482a8208dedb16c58,"commit,pr"
github:pentiumao,pentiumao,pentiumao,,pr
github:penx,penx,penx,912693d33f267432ae6fdfcc9848b4845b53d05d6fe05a32816452e6781a741e,"commit,pr"
github:perryfaro,perryfaro,perryfaro,,pr
github:personalizedrefrigerator,personalizedrefrigerator,personalizedrefrigerator,,pr
github:perunt,perunt,perunt,,pr
github:pesterhazy,pesterhazy,Paulus Esterhazy,c7b99bd3e6de4d74dab8a63bf872f90c55a0190b8c2b4950f791bf91e016783f,"commit,pr"
github:petekeller2,petekeller2,Peter Keller,5b29140f646042adb65ab439eb7496472aa558e7d0f36564b232864b41678e4c,"commit,pr,pr"
github:petekp,petekp,petekp,,pr
github:peterc1731,peterc1731,Peter Carpenter,a0eb46fd5d4d42ba22b5f25fd39c8dcacd98cd9e76507f34b3eb86d83fc529e2,"commit,pr"
github:peterept,peterept,peterept,,pr
github:peterfajner-ensemble,peterfajner-ensemble,peterfajner-ensemble,,pr
github:petergarnaes,petergarnaes,petergarnaes,,pr
github:peterjuras,peterjuras,Peter Juras,23ac6d1b990b339e856ca6eac4c2ca7f3286d7b73757306efef4501097659bb7,"commit,pr"
github:petermueller5653,PeterMueller5653,PeterMueller5653,,pr
github:peterp,peterp,Peter Pistorius,897091ad4c330e8029881c6a1dfebc463ef5960941ef1d3986c18163af0dcc0b,"commit,pr,pr,pr"
github:peterpme,peterpme,peterpme,,pr
github:petetheheat,PeteTheHeat,PeteTheHeat,,pr
github:peteychuk,peteychuk,peteychuk,,pr
github:petrbela,petrbela,Petr Bela,ed0449d0a2465f80a7143bdbfadd2b2d4cc5b801c6568879076a33a1adb8a9ce,"commit,pr,pr,pr"
github:petrbrzek,petrbrzek,petrbrzek,,pr
github:petterh,petterh,petterh,,pr
github:pewallin,pewallin,pewallin,,pr
github:pfeiffer,pfeiffer,Mattias Pfeiffer,e7f6d283ea960b26b1042399658e93b73989fc806a2c9db4457615b95251957b,"commit,pr"
github:pfulop,pfulop,Pavol Fulop,622b637b70923663c159bfdb55ec83eb69dc8663208fe7e08388393085c8af97,"commit,pr,pr,pr"
github:pgaspar,pgaspar,Pedro Gaspar,5b32870afd9adeea51c163605bf896c02b35fb21cbdfd08d5548fbedf6d14752,"commit,pr"
github:pglotov,pglotov,Petr Glotov,f3977f13d99a1dfebedf873b5deb11badade260ded9e94f07ec634d4dc4a764c,"commit,pr,pr,pr"
github:ph4r05,ph4r05,Dusan Klinec,e8f94ad711aa2eda0cb298326fef1e4c0e6be54720df7698217204c75235387a,"commit,pr"
github:phamfoo,phamfoo,Tien Pham,e62498e991018a8f29721403d63635f0dacb996f4728f035bfbf4a85e345a8a9,"commit,pr"
github:phamhieu,phamhieu,phamhieu,,pr
github:phecda,Phecda,Phecda Su,d2a906d8f518c45048d07591f9bf390b116f26bc22c36450bcc7436f78f85d40,"commit,pr,pr"
github:philihp,philihp,philihp,,pr
github:philiip,philIip,Phillip Pan,b64a06f8b8d92a43470b5eef208be60e690f2d94383d5da0b5cd458791dffe26,"commit,pr,pr,pr,pr,pr,pr,pr,pr,pr,pr,pr,pr,pr,pr,pr,pr,pr,pr,pr,pr,pr,pr,pr,pr,pr,pr,pr,pr,pr,pr,pr,pr,pr,pr,pr,pr,pr,pr,pr,pr,pr,pr,pr,pr,pr,pr,pr,pr,pr,pr,pr,pr,pr,pr,pr,pr,pr,pr,pr,pr,pr,pr,pr,pr,pr,pr,pr,pr,pr,pr,pr,pr,pr,pr,pr,pr,pr,pr,pr,pr,pr,pr,pr,pr,pr,pr,pr,pr,pr,pr,pr,pr,pr,pr,pr,pr,pr,pr,pr,pr,pr,pr,pr,pr,pr,pr,pr,pr,pr,pr,pr,pr,pr,pr,pr,pr,pr,pr,pr,pr,pr,pr,pr,pr,pr,pr,pr,pr,pr,pr,pr,pr,pr,pr,pr,pr,pr,pr,pr,pr,pr,pr,pr,pr,pr,pr,pr,pr,pr,pr,pr,pr,pr,pr,pr,pr,pr,pr,pr,pr,pr,pr,pr,pr,pr,pr,pr,pr,pr,pr,pr,pr,pr,pr,pr,pr,pr,pr,pr,pr,pr,pr,pr,pr,pr,pr,pr,pr,pr,pr,pr,pr,pr,pr"
github:philikon,philikon,Philipp von Weitershausen,2c2ac602c14d207777364dd43e19d989036b18a7bcb07e44fead270ab3bd7b0e,"commit,pr,pr,pr,pr,pr,pr,pr,pr,pr,pr,pr,pr,pr,pr,pr,pr,pr,pr,pr,pr,pr,pr,pr,pr,pr,pr,pr,pr,pr"
github:philipheinser,philipheinser,Philip Heinser,edfef21c518955d9ce24bc47e793ecc5dbeb5ee092ab697a0848620aa4086b49,"commit,pr,pr,pr"
github:philippeauriach,philippeauriach,philippeauriach,,pr
github:philippkrone,PhilippKrone,philipp.krone,c251a10925dcdaca255e642dbe57bf5bafae09489de6900486fd4ccf2023964e,"commit,pr,pr,pr,pr"
github:philipstanislaus,philipstanislaus,philipstanislaus,,pr
github:phillip055,phillip055,phillip055,a59c0602bb4c121ba251cbccd638033519ef9737b961558b5db398753d644fbc,"commit,pr"
github:phillipj,phillipj,Phillip Johnsen,457fa76cb1d565e1c444e34d9124ae14660961cb34ad66179b3e441e14fbc0ed,"commit,pr"
github:phillips71,PHILLIPS71,PHILLIPS71,,pr
github:philographer,philographer,Hogyun Yu　　(aka Philographer),fb5102991482d5cce67939718793ec030c15f6ba934975744fba13310a2f021d,"commit,pr,pr"
github:philvasseur,philvasseur,philvasseur,ab14881de5f39cd3207ccb0838ae734641e7cbe1d47bea5371147932ba0b61d9,"commit,pr"
github:phoenixbox,phoenixbox,phoenixbox,,pr
github:phonezawphyo,phonezawphyo,phonezawphyo,,pr
github:phredward,Phredward,Fred Blau,700e684be987bad955ba43ea0fceef5d6fcf9fdd88f5cad54d900ef66175cad0,"commit,pr,pr,pr"
github:phsantiago,phsantiago,phsantiago,,pr
github:phuccvx12,phuccvx12,phuccvx12,69751ee93bff5bba6b74dc180b85ac02066e200bf861671053e774ae96daff84,commit
github:phuna,phuna,phuna,,pr
github:pi0,pi0,Pooya Parsa,bc0268ebae020fa2f10ceb5637ff2675032301311a50575544a8cae011dbf6d1,"commit,pr"
github:piaskowyk,piaskowyk,Krzysztof Piaskowy,78b29eebf244ecd283c76a445132ec6b1e6fa16953dd0f3a04e4c1364f9f85d0,"commit,pr,pr,pr,pr,pr"
github:pickhardt,pickhardt,pickhardt,,pr
github:pickleboyonline,Pickleboyonline,Imran Shitta-Bey,bf45b8352138cd8ca9bca002052f3a614dcf9840fab216248ae9ace39ad1e09d,"commit,pr"
github:pierbover,PierBover,PierBover,,pr
github:pierpo,pierpo,pierpo,,pr
github:pierreneter,pierreneter,pierreneter,,pr
github:pieterv,pieterv,Pieter Vanderwerff,9077b97ea5f6dee3efe04c38189ad33d9066b4955969a46c0f0d8528ff0c0434,"commit,pr,pr,pr,pr,pr,pr,pr,pr,pr,pr,pr,pr,pr,pr,pr,pr,pr,pr,pr,pr,pr,pr,pr,pr,pr,pr,pr,pr,pr,pr,pr,pr,pr"
github:pietro909,pietro909,pietro909,7c755cbbe37eb917c62dd6a50dd37820e65afa13c8ae05225f08f81dea74433f,"commit,pr"
github:pilot4u,pilot4u,pilot4u,,pr
github:pilwon,pilwon,Pilwon Huh,c5f6a7aacb5ddf9ddcd7d347e541116ec8a8674c7e0d5329eb7360b1dcaafa5f,"commit,pr,pr"
github:pimdewitte,PimDeWitte,PimDeWitte,,pr
github:pimm,Pimm,Pimm Hogeling,c076127e16b60a4c0fde9679d164faafa40f7019a85be686f920408b1045dbf3,"commit,pr"
github:pinqy520,pinqy520,pinqy520,,pr
github:pipedog,PipeDog,PipeDog,,pr
github:pipopotamasu,pipopotamasu,pipopotamasu,03fb173c307fa8691062ee797d97c7fc406c31a6703bcc3fa32ec3ec385db13f,"commit,pr"
github:piranna,piranna,piranna,,pr
github:piwaii,Piwaii,Pierre-Yves Desnoues,f3c5cc5f4c84d0270583c3b0752dccc05c07e7850663b7e14dc9a9511983d64e,"commit,pr,pr,pr,pr"
github:piwysocki,piwysocki,piwysocki,,pr
github:pixelfreak,pixelfreak,pixelfreak,,pr
github:pixelpax,pixelpax,pixelpax,,pr
github:pj4533,pj4533,pj4533,,pr
github:pjcabrera,pjcabrera,PJ Cabrera,6c4a20355346a75a8fb9e1eaf027170c1fb1f08aa47d6bc2d9f5e353fb044c88,"commit,pr,pr,pr,pr"
github:pjjanak,pjjanak,pjjanak,,pr
github:pkwak-sf,pkwak-sf,pkwak-sf,,pr
github:plamenko,plamenko,Ognjen Dragoljevic,5edab3972009ba094e55e4c1b1c101a7d09fffac6857ead90309ebb8102e7ca2,commit
github:pletcher,pletcher,Charles Pletcher,931506a1c2b487f15ab85bf6b858bdf261db7b2a5af43e9ee6085b074b44155d,"commit,pr"
github:plo4ox,Plo4ox,Plo4ox,,pr
github:plrthink,plrthink,Perry Poon,00e3207aa63e7b92b31b40cd969e53bf60f0489505cda51fb5bc2f154ddd8a93,"commit,pr"
github:plushung,plushung,plushung,,pr
github:pmadruga,pmadruga,pmadruga,,pr
github:pnlvfx,Pnlvfx,Pnlvfx,,pr
github:polandtyler,polandtyler,polandtyler,,pr
github:polovi,polovi,polovi,,pr
github:polyomino,Polyomino,Patryk Ozga,ef72e044f78caad74160d243ee2b7635da674dae6d6d9cf94fbc241865099129,"commit,pr,pr"
github:pomelio,pomelio,pomelio,,pr
github:pontusab,pontusab,pontusab,,pr
github:ponycui,PonyCui,PonyCui,,pr
github:poojahooda22,poojahooda22,poojahooda22,,pr
github:poonamjain96,poonamjain96,poonamjain96,baeb5245a6fd8918cfc5064765b620c70e7f727782685ec19cc77bfde8426248,"commit,pr,pr,pr"
github:poonamst,poonamst,poonamst,,pr
github:popovsh6,popovsh6,popovsh6,,pr
github:poppybank,poppybank,poppybank,,pr
github:pori,pori,Alex Hernandez,e01aeb9136d3481d1da00df07af13bc520213e8c729eaf4694b5348321b97d9e,"commit,pr"
github:poteto,poteto,Lauren Tan,8807dcc23e3b3638059f1df6a0c6698de6b9492c2ca357328274d75fef96fe7e,"commit,pr,pr"
github:potiuk,potiuk,Jarek Potiuk,18f8ebdc9e8279f6f695c107bc1ccc4e1667481282f9c5f0567e6a686da4bd13,"commit,pr"
github:potlov,potlov,Vitaly Potlov,b4eee0192053b055cfbed2699fb5c95f155fada26999fa07b874ef0f2e7847b0,"commit,pr,pr"
github:poulsbo,poulsbo,poulsbo,,pr
github:pouyajabbarisani,pouyajabbarisani,pouyajabbarisani,,pr
github:pp026pp,pp026pp,pp026pp,,pr
github:ppiekarczyk,ppiekarczyk,Peter Piekarczyk,d25dbeb1a5daa528423b85b8511566c71606ffbb90c3578ef0f66717d2e28b0d,commit
github:ppsreejith,ppsreejith,ppsreejith,,pr
github:prabakarviji,prabakarviji,Prabakar Marimuthu,5d3f78481a5f0dae103b9f3ee371a65eb254ab7d4c9ebe8a2ebfd1c82c34d2bb,"commit,pr,pr,pr"
github:pradeep250677,pradeep250677,pradeep250677,,pr
github:praduman1212,praduman1212,praduman1212,,pr
github:pranav-yadav,Pranav-yadav,Pranav Yadav,37d59f4d030fd78549d61c6e3bf5c1d009203ae8bb77907a66a7b779cdf691ee,"commit,pr,pr,pr,pr,pr,pr,pr,pr,pr,pr,pr,pr,pr,pr,pr,pr,pr,pr,pr,pr,pr,pr,pr,pr,pr,pr,pr,pr,pr"
github:pranaygp,pranaygp,Pranay Prakash,f2f4a0a935445d643409a756396d63b85e5a9416d262fb51ecb6370e794f9532,"commit,pr"
github:pranshuchittora,pranshuchittora,pranshuchittora,,pr
github:prasadpilla,prasadpilla,prasadpilla,,pr
github:prathamesh-sonpatki,prathamesh-sonpatki,Prathamesh Sonpatki,13fd75e853d4fcc8d007072ce8e4126f7ad1bfbb221afaa335bb65f4c2887ff1,"commit,pr,pr,pr,pr,pr"
github:pratthamarora,PratthamArora,PratthamArora,,pr
github:pratyush3124,pratyush3124,Pratyush Kongalla,e8690cc067186597f470343fbff0334576686c1e2d5b0aaa1e809e9d00ca637a,"commit,pr"
github:pratyuuush,pratyuuush,pratyuuush,,pr
github:premasagar,premasagar,Premasagar Rose,1dd3acdf32e2bfb353f00c0a6a87aa59b0a7161a77640b747f071f280258eb12,"commit,pr"
github:prenaux,prenaux,prenaux,,pr
github:prha,prha,prha,,pr
github:prinsun,prinsun,makee,d69ca1874eb599e17d37c7f32f567d4a8f94aca7de806218d109693786ee519a,"commit,pr"
github:priteshrnandgaonkar,priteshrnandgaonkar,Pritesh Nandgaonkar,efde3d7a1e1953df9c0cb025700d7cdba95bd54fa673991bca4b6830556148eb,"commit,pr,pr"
github:pritikum1994,pritikum1994,pritikum1994,,pr
github:priyanka26012,Priyanka26012,Priyanka26012,,pr
github:priyanka26201,PRiyanka26201,priyanka.raghuvanshi,37bb616e6b53f95c1f68098d11d9bf4780dd3cb0affcf200f75a0149fbbb858d,commit
github:priyanshu2001,Priyanshu2001,Priyanshu2001,31be1bf8bc64c22c746e1b0bc1a3a9484e93056b0e9614ac98f9ebc9222b69c1,"commit,pr"
github:prmntr,prmntr,prmntr,,pr
github:profdeva,profDevA,profDevA,,pr
github:prog1dev,prog1dev,Ivan Filenko,2e3c2af6ddaad17105066d320e6ffb17262e0c1cb06a2965fda1450ba5dc7479,"commit,pr,pr"
github:prototyperapp,prototyperapp,prototyperapp,,pr
github:prototypez,PrototypeZ,PrototypeZ,,pr
github:prsevero,prsevero,Paulo Ricardo Severo,0323b37da94c5effcb32f2f1fbc73238ff01b95469c4ac244d1384c0e45cd3c0,"commit,pr"
github:pruthvip,pruthvip,atp,640f126fd607e26b7ac3148350d744b2f1cf5aecb229512003ec5f16def47944,"commit,pr"
github:ps0305,ps0305,Pankaj Singh,52dc5f72b94dd0320014bd50a7a71160e25d1d408235304e1168cabd0ab2167c,"commit,pr"
github:psionic12,psionic12,psionic12,d9924ceafc160b09ce16270b78b55dd057dc11fcece74512d71bc195807f8d47,"commit,pr"
github:psivaram,psivaram,Sivaram Prasad Pulla,c4d4dce6d914de22eae933c5bd5aba7d3b58252cc051039ce6ecb6eaf57088e2,"commit,pr"
github:pthrasher,pthrasher,pthrasher,,pr
github:ptkach,ptkach,Pavlo Tkach,3430ac9147c72b99033bc705e72391be6f1a73b1d66c9e5ee54f61ba1e54db77,"commit,pr"
github:ptmt,ptmt,Dmitry,6feb6475466c0c82ed7d746166ba25ccf7b5eb0728d00f6256f9c3f3e49f2943,"commit,pr,pr,pr,pr,pr,pr,pr,pr,pr,pr,pr,pr,pr,pr,pr,pr"
github:ptomasroos,ptomasroos,Tomas Roos,d24265eb0937276e2c6c5ec532762b659284dde43e87f10162a1f753fa430d2a,"commit,pr,pr,pr,pr,pr,pr,pr,pr,pr,pr"
github:ptptsw,ptptsw,ptptsw,,pr
github:puercopop,PuercoPop,Javier Olaechea,8161821fd167fb72db3e3610bda09c739462a4a9dcd8dc4869d563cc4706bcd0,"commit,pr"
github:puf,puf,Frank van Puffelen,12d01b4205b747e739d6ae9fab2dafa1d20ae4198c903f89c55f73aa8787bb03,"commit,pr,pr"
github:punksta,punksta,punksta,,pr
github:pureklkl,pureklkl,pureklkl,,pr
github:puresprout,puresprout,SungHyun Park,78f5072282e3fc1c57dd87ea375525aa805f9abb50a172ef247aee2f6a9c956e,"commit,pr"
github:purii,Purii,Patrick Puritscher,5a5783f818a7289c1348d7b99040cc3ef830cf91fc90232b9060a86a312340d6,"commit,pr,pr,pr"
github:puttarajupm,PuttarajuPM,PuttarajuPM,,pr
github:pvinis,pvinis,Pavlos Vinieratos,94767d0ecd0574c8d501d9f10c781a0c15381d7ff7d07cb16e081d299c1a4e3c,"commit,pr,pr,pr,pr,pr,pr,pr,pr,pr,pr,pr,pr,pr,pr,pr,pr,pr,pr,pr,pr,pr,pr,pr,pr"
github:pwmckenna,pwmckenna,Patrick Williams,9a79975fa4f1d1e1c400aa95783edf89619a69bb3beedd33eab570e556f67f22,"commit,pr,pr,pr"
github:pxpeterxu,pxpeterxu,Peter Xu,6e608b388e137b7524bde5a62362b7df36dec4f3b7b0fbe79c6b7dbfa2850a14,"commit,pr,pr"
github:pylipala,Pylipala,Pylipala,06d390d7765059adfa945942ad9c9701c1c539ef41abb7dc16056f4817610aa3,"commit,pr"
github:pyrrha,Pyrrha,Pyrrha,,pr
github:pzich,pzich,Peter Zich,783303cb8d6ea1a5c9a663df6bcbc5e35f49149d69f73113c09f515c8106fdde,commit
github:q--,q--,q--,,pr
github:q1w1n,Q1w1N,Kewin Wereszczynski,5c897884e407b2d1137e226bfeee93ebb0b1a2a85a91602f029da4ac30f8ce84,"commit,pr"
github:qbig,qbig,Qiao Liang,099843650beb95c70dd8ee7fe68c52cae3f0e4b15c86c2b8f41420dcd9a4ed87,"commit,pr,pr,pr,pr,pr,pr,pr,pr,pr,pr,pr,pr,pr,pr,pr"
github:qichenzhu,QichenZhu,Qichen Zhu,1accf01b0ace7d84beca6f6b58ee36f33ed4fce13a2200a6c74b761c50e5434a,"commit,pr,pr"
github:qingfeng,qingfeng,qingfeng,23dd4f3d2be105a5994cfcc87cf3922b65fd54590f221e1b3ae236cce555998e,"commit,pr,pr,pr"
github:qmoya,qmoya,Quico Moya,fece8ee2b76ecbd4874486a45668e83db02bc66f67b9f740b6550032b850d231,"commit,pr"
github:qnnp-me,qnnp-me,qnnp,2793bcfd487edb05d389236609f6e8f02583a374224ea49ec8dba3587f62dbdf,"commit,pr,pr,pr,pr"
github:qpowell,qpowell,Quinten Powell,9e1c423de7a7d95ca7931bef81c1068cccaf5ddff3de067927ae2dd24858a171,"commit,pr"
github:qq502063237,QQ502063237,QQ502063237,,pr
github:quantizor,quantizor,quantizor,,pr
github:quantuminformation,quantuminformation,Nikos Katsikanis,225c383a1b50dca1338a51d6a0a6fd235d3f5f46288d3fc02ea52f893a06d3a4,"commit,pr"
github:quark-zju,quark-zju,Jun Wu,28dbdd256aed7eb6fb54edd821a75f5ad52891172c3e7e4d57a6e5b171fe7b92,commit
github:quentinadam,quentinadam,Quentin Adam,0cd18c9b4745db0ac6366af68c98c8b50bb5398fdb8799b112a1c54b304cefd7,"commit,pr"
github:quintis1212,Quintis1212,Quintis1212,,pr
github:qwertychouskie,qwertychouskie,qwertychouskie,,pr
github:r-barnes,r-barnes,Richard Barnes,e96c469da0dad0df3de604b891fbc12f0a1e17c747eb80602605920ebb9e4804,"commit,pr,pr,pr,pr,pr,pr,pr,pr,pr"
github:rabidaudio,rabidaudio,rabidaudio,,pr
github:rachellangfb,rachellangfb,Rachel Lang,726b390daa08291ef40ff23fee3c07565ad156e51157ee92a1b9804e48e3719d,commit
github:rachitmishra,rachitmishra,rachitmishra,,pr
github:radeno,radeno,Radovan Šmitala,c6a37663780a5aa446c792a0fd5937f921a531ed7bff406aff54a2e11dec2750,"commit,pr,pr,pr,pr,pr"
github:radex,radex,Radek Pietruszewski,2837bebe6866278c5dbf545f0d1a8d9c9114f1b76e8d6723f583f1ebaee13721,"commit,pr,pr,pr,pr,pr,pr,pr,pr,pr,pr"
github:radko93,radko93,Radek Czemerys,49467716519bf70a028e5298d82ce09cdffd2bafab96bbdc4696376364e64b61,"commit,pr,pr,pr,pr,pr,pr,pr,pr,pr,pr,pr,pr,pr,pr,pr,pr,pr,pr,pr"
github:rafaellincoln,rafaellincoln,Rafael Lincoln,6bc10c915031b3bf0717a6a74c1ffa3bcf73bd99e4c7b134ef1a9c6a18eb7341,"commit,pr,pr,pr,pr,pr"
github:rafaelmagalhaesn,RafaelMagalhaesN,Rafael Magalhães,a81cd97dba2c6e73c4d50e7cd76f2997b5371216cb02f6d728cac5a79aae4ebc,"commit,pr"
github:rafalmoneta,rafalmoneta,rafalmoneta,,pr
github:rafeca,rafeca,Rafael Oleza,3b3ea1757a62da7d43bad6af60af18bfb853a7b044de2a85c51a2f60e60ef4cc,commit
github:rahuljiresal,rahuljiresal,rahuljiresal,,pr
github:rahulkishanm,Rahulkishanm,Rahul kishan M,1df23aeaa0a70d81fa8379496f9054c98a490534d006813617a6c467eaf0e331,"commit,pr,pr"
github:raihan71,raihan71,raihan71,,pr
github:railbyteoebb,RailByteOEBB,Daniel Strebinger,cfcc969d5ce58bd50a4677edba8fc445eb68799a222f0ced374c10aaa60a8703,"commit,pr"
github:raincal,Raincal,Raincal,68c5e6c3173453b5d662ec909a298dd762a3c4d22579d73f4022e553443ef2fe,"commit,pr"
github:rainmaker490,rainmaker490,Varun Patel,738cebe6c005dbf0043b9ed1dac210d389f7bb44f1521c61563d22de58425aa6,commit
github:rainywan,rainywan,rainywan,,pr
github:raj0,raj0,raj0,,pr
github:rajivshah3,rajivshah3,Rajiv Shah,80cbaca6fbbf93c417b30355d6e61a8c85af39d9aba156824b21437b0cb30dbc,"commit,pr,pr,pr"
github:rajsuvariya,rajsuvariya,Raj Suvariya,170fd0aed7cf9ec6ac37008e99f5e85ded16e1465b492ff5265b6c75c4d01afb,"commit,pr,pr,pr,pr"
github:rakadoank,RakaDoank,RakaDoank,be78a5a67240b4e6c114fd27b4a1956daa74f9f31a095d851a622a3c0ab357ee,"commit,pr"
github:rakannimer,rakannimer,Rakan Nimer,b4e09beb9bdec676b4c10db63624e465b15ab3ce78a86a57cb4a7248695936d1,"commit,pr"
github:rakeshiitd,rakeshiitd,rakeshiitd,,pr
github:ramanverse,ramanverse,=Raman,d60ba5605e2e8a2b0fc914fffcf3f3b1cfc729f415b749848def1e3cda684c13,"commit,pr"
github:ramirogm,ramirogm,ramirogm,,pr
github:ramonmedel,ramonmedel,ramonmedel,,pr
github:ramsundark5,ramsundark5,ramsundark5,,pr
github:randall71,Randall71,Randall71,41c8558cb168d2750a65a49f2bf63f82507a4eb529fa71fdc9b4e871e0903717,"commit,pr"
github:rande,rande,rande,,pr
github:randomengy,RandomEngy,RandomEngy,,pr
github:randy-miller,randy-miller,randy-miller,,pr
github:ranjithnori,ranjithnori,ranjithnori,,pr
github:ransj,ransj,ransj,e27622ef99a5093cbfac6bb0f6b4c70707b326cc15d5d976ebb927e53f2b41c3,"commit,pr,pr,pr,pr,pr,pr,pr,pr,pr,pr"
github:raphael-liu,raphael-liu,raphael-liu,,pr
github:raphaeleidus,raphaeleidus,raphaeleidus,,pr
github:raphaelkohn,raphaelkohn,raphaelkohn,,pr
github:raphaelpor,raphaelpor,Raphael Porto,ba0b1d12494c95afa1864ec7d11e858437fb8affcdccbf59829737ac7315e533,"commit,pr"
github:raphamorim,raphamorim,Raphael Amorim,7bba48efa6c688ca1b2622bda7d38fc75b33203138837a2d394b4af1e46664aa,"commit,pr"
github:rapharbuz,RaphArbuz,RaphArbuz,,pr
github:raresecond,RareSecond,RareSecond,,pr
github:rauchy,rauchy,rauchy,,pr
github:raul132435,raul132435,raul132435,,pr
github:ravanzakaryali,ravanzakaryali,ravanzakaryali,,pr
github:ravi1718,ravi1718,ravi1718,,pr
github:ravirajn22,ravirajn22,ravirajn22,,pr
github:ravirdv,ravirdv,Ravi Vagadia,9bbe05fea8cd67426d77d5fc9bfd1b34718716abd7fbbf9e1d0f08c051b15498,"commit,pr"
github:rawrmaan,rawrmaan,Arman Dezfuli-Arjomandi,b6018f837a4d98662c46e51ce7efb87977ddf6ae5bedcd86be0b9f6dbe26df08,"commit,pr,pr"
github:raycohen,raycohen,raycohen,,pr
github:raykle,raykle,Ray,bc2312ef2321bb1928e8bfab6e92ca1dbd5435204928a7caa4170f0e8767e592,"commit,pr,pr"
github:raylillywhite,raylillywhite,raylillywhite,,pr
github:raymondchooi,raymondchooi,raymondchooi,,pr
github:raynerkristanto,RaynerKristanto,RaynerKristanto,,pr
github:rayraydejesus,rayraydejesus,rayraydejesus,,pr
github:rayshih,rayshih,Ray Shih,7246943d5d57773dce66d55e4a7b964c032d8aba3304c48339e01e2188d5583f,commit
github:razzeee,razzeee,razzeee,,pr
github:rbalicki2,rbalicki2,Robert Balicki,7ed7f000dcb01520e62d2ed151b0ee0e26fdb4c327259f556c9db2bea69e5396,"commit,pr,pr,pr,pr,pr,pr"
github:rbaron,rbaron,rbaron,,pr
github:rbergerjr,rbergerjr,Roy Berger,c3a232cba265b31a1f4192169d43fdfc76f83abe18227374c4ddf6ffdce4e705,"commit,pr"
github:rbnquintero,rbnquintero,rbnquintero,,pr
github:rbrosboel,rbrosboel,Rasmus K. Brosbøl,5ef9e9d8ba085eb351473db8af4d38ee283f090e941e33bdfdaedc92b50a4e31,"commit,pr,pr"
github:rcacheaux,RCacheaux,RCacheaux,,pr
github:rcaferati,rcaferati,rcaferati,4ef9f54d45546d6f754b0711b0d193a69b6503b2e580176309e5989ed0f7101a,"commit,pr"
github:rclai,rclai,Richard Lai,99342e8fa39a157595d425c9f3b838fb3c08678bd6e121424afb8a99dc0c0af6,"commit,pr,pr,pr,pr"
github:rd1991,RD1991,RD1991,,pr
github:rdixonbhw,rdixonbhw,rdixonbhw,,pr
github:rdonnelly,rdonnelly,Ryan Donnelly,e4efb402e24c0ab8baff217537b77d6f1360d6070fb80c9028109e660a98cc47,"commit,pr"
github:rdy,rdy,Ryan Dy,693583c9c0bff417487724d492478d0ad6d03d3c7abd14583c8de6920ebc3d3d,"commit,pr,pr,pr"
github:react-native-bot,react-native-bot,React Native Bot,2667f678c5c5030696755f86f7c68598c3491c6a5fe3666c0e01fde959f488a1,"commit,pr,pr,pr,pr,pr,pr,pr,pr,pr,pr,pr,pr,pr,pr,pr,pr,pr,pr,pr,pr,pr,pr,pr,pr,pr,pr,pr,pr,pr,pr,pr,pr,pr,pr,pr,pr"
github:realaboo,realaboo,realaboo,10cc29a092a27fd2ac59c0cb215eb2e2cd9b2254b74a87b9e018698558c70206,"commit,pr,pr,pr,pr,pr"
github:realsoelynn,realsoelynn,Soe Lynn,ffc436634960d7b45fbffab1513b8819a6dcc88b8ba5af312009f4b79ce88402,"commit,pr,pr,pr,pr,pr,pr,pr,pr,pr,pr,pr,pr,pr,pr,pr,pr,pr,pr,pr,pr,pr,pr,pr,pr,pr,pr,pr,pr,pr,pr,pr"
github:rectified95,rectified95,rectified95,,pr
github:redbeard0531,RedBeard0531,Mathias Stearn,e5eddd46e4f0121f0996f8e0529a251c2e1db1a35fc96ddd8b4af10e7df7cf71,commit
github:redmar,redmar,Redmar Kerkhoff,1a87fa1084337367912400f8a48e1f193f1a1b96808a872b19cd64f5e32f70b0,"commit,pr,pr"
github:redreceipt,redreceipt,Michael Neeley,a636c212e2fdc751927d7fff7baa022833ecb3c3f0710e10e3bbb11986863cd0,"commit,pr"
github:redstar504,redstar504,redstar504,,pr
github:reedyrm,reedyrm,reedyrm,,pr
github:reepush,reepush,Grisha Pushkov,38fe6f326dc4519a05f82519ea48a0f842a6f28bf6d444053a8ffbfce7d48567,"commit,pr"
github:reflog,reflog,reflog,,pr
github:regalstreak,regalstreak,Neil Agarwal,87e73a12765657cc75bfad7ae2944692f3978213e2e3f4fe25aad36269f442f4,"commit,pr"
github:regaron,Regaron,Regaron,,pr
github:regeda,regeda,regeda,,pr
github:regina2k,regina2k,regina2k,,pr
github:reime005,reime005,Marius Reimer,78fe0c432131e23bbbce867d06805c947e5e3d970ad4dc6469861b779809e63c,"commit,pr"
github:reimertz,reimertz,reimertz,,pr
github:remstos,remstos,remstos,,pr
github:renatoagds,renatoagds,renatoagds,,pr
github:renbaoshuo,renbaoshuo,Baoshuo Ren,cf56e274e8c224e4cafa65e32b10c27a65c1edf2655d7bc0a28a778bbdf3de2a,"commit,pr"
github:renchap,renchap,Renaud Chaput,5fd600e723ad482b928b0275b233e266c16f829b51f31f6b31aba4d0b00aeb4a,"commit,pr,pr"
github:reneweb,reneweb,Rene Weber,a5bb5f9b6989bc1aaf69771c0d5d612291a31a974e132eddda4fb927ead0414d,"commit,pr,pr,pr,pr,pr,pr"
github:renopp,renopp,renopp,,pr
github:renyu-io,renyu-io,Renyu Liu,61494a1928959445bf59b0727ee3f3fa17c5a2957b7c86e83d4aae7a9550a8f6,commit
github:reparadocs,reparadocs,reparadocs,,pr
github:respectthecode,respectTheCode,Kevin Smith,ab0be2261b73d9982aee940c52dc98b36f64f278ac0e94203f2358a8ca961b51,"commit,pr,pr"
github:retdop,retdop,gabriel,3f46939745f78f07b188a0f93cab423043ecd47cf61f787af9140885c8551a7d,"commit,pr"
github:retrymp3,retrymp3,retrymp3,,pr
github:retyui,retyui,D N,dbd65affa840df223acdba5b1dee3f9c03f7d5e90f621c067a1ae514a9cc4aae,"commit,pr,pr,pr,pr,pr,pr,pr,pr,pr,pr,pr,pr,pr,pr,pr,pr,pr,pr,pr,pr,pr,pr,pr,pr,pr,pr,pr,pr,pr,pr"
github:revskill10,revskill10,revskill10,,pr
github:rexogamer,Rexogamer,Sophie L,0506c9e56d1b1522f3d341a8b64df4d82ae26957910d94144749e92e2a64fa9d,"commit,pr,pr,pr,pr"
github:rexxars,rexxars,Espen Hovlandsdal,a8269064e9d496cd18c8bfa1564a1373620efc6e0577a6abc57ca005720d82b6,"commit,pr"
github:reyalpsirc,reyalpsirc,Cristiano Santos,88498c89af2507ef737b00b652e42a1185c49fcb8f1ad4cb9d8ce02634e57f36,"commit,pr,pr"
github:reyn-nova,reyn-nova,reyn-nova,,pr
github:rezkiy37,rezkiy37,Mykhailo Kravchenko,2822a5192d0acbde626f32c77d78ea9bbadbf996a0c677296f6b231816512b88,"commit,pr,pr"
github:rghorbani,rghorbani,rghorbani,,pr
github:rgngl,rgngl,rgngl,,pr
github:rgommezz,rgommezz,Raul Gomez Acuna,e4dbeb27b2f89ece08b3fbb91bbb6b46334e210c7b6817434c271bf7cb8e64a7,"commit,pr"
github:rh389,rh389,Rob Hogan,09f84a5fbdb8232915f152f8c0411818d205d25b6ee809e6f886aa84997c971a,commit
github:rhagigi,rhagigi,Royi Hagigi,4ea2d620364bb312c8b07454b8bb262c6ec74b12068a8c7f89954860d6a3c072,"commit,pr"
github:ricardopacheco,ricardopacheco,ricardopacheco,,pr
github:rice-m,Rice-M,Rice-M,,pr
github:richard-cao,Richard-Cao,Richard-Cao,,pr
github:richardcann,richardcann,Richard Cann,52fa4bc8aef578a05d130c550b3a3f150ca3f3336ef2174be7c6bc8d7366fe80,"commit,pr,pr"
github:richardfevrier,RichardFevrier,RichardFevrier,,pr
github:richardgroves,richardgroves,Richard Groves,e52a7cf470200183fbb5ce719206c2d0f78d879dcfa1d6ef7880e1d70eaed704,"commit,pr"
github:richardhyatt,richardhyatt,Richard Hyatt,a98a024f66a8514502e2852fdac44678e8477ea8c5332955de7c5322127762d3,"commit,pr"
github:rick-ame,rick-ame,rick-ame,,pr
github:rickafds,rickafds,rickafds,,pr
github:rickardzrinski,RickardZrinski,Rickard Zrinski,b8d6389d62d7680dd895bb6f7654a75a64d4a9832a155f07df9d8f423eaf32d4,"commit,pr"
github:rickhanlonii,rickhanlonii,Rick Hanlon,b8bd96e10aca22d29015c0b1ce55c11591d28d0843239d1c41709ac3e30fd3cd,"commit,pr,pr,pr,pr,pr,pr,pr,pr,pr,pr,pr,pr,pr,pr,pr,pr,pr,pr,pr,pr,pr,pr,pr,pr,pr,pr,pr,pr,pr,pr,pr,pr,pr,pr,pr,pr"
github:ricku44,ricku44,Shivam Shashank,27ac6cef10faf4edc53acac2a116a0768c340fb46948df31b025e41c71d4f283,"commit,pr,pr,pr,pr,pr"
github:rickyc,rickyc,rickyc,9091441da172b54bfc325558218000ce791a5ba09d51f654c3e9608cfa616a19,"commit,pr"
github:rickycodes,rickycodes,rickycodes,,pr
github:rickycpadilla,rickycpadilla,rickycpadilla,,pr
github:rickydam,rickydam,Ricky Dam,ce90ebb7903b9f26a777e7a06c2696ade6d2186e2359ee8c3122d63169bac430,"commit,pr"
github:ricsam,ricsam,ricsam,,pr
github:rigdern,rigdern,Adam Comella,1dc9569c97c64fb7c98d8eca77bb5f6137979269260e5c45f3cd3f139f871984,"commit,pr,pr,pr,pr,pr,pr,pr,pr,pr,pr,pr,pr,pr,pr,pr,pr,pr,pr,pr,pr,pr,pr,pr,pr,pr,pr,pr,pr,pr,pr,pr,pr,pr,pr,pr,pr,pr,pr,pr,pr,pr,pr,pr,pr,pr,pr,pr,pr,pr,pr,pr,pr,pr,pr,pr,pr,pr,pr,pr,pr,pr,pr,pr,pr,pr,pr,pr,pr,pr,pr,pr,pr,pr,pr,pr,pr,pr,pr,pr,pr,pr,pr,pr,pr,pr,pr,pr,pr,pr,pr,pr,pr,pr,pr,pr"
github:rijn,rijn,Yuanzhe Bian,81ea4c235aa8d12b2e10ff9dafc6fd99633eea02afd2cf336f29c7b02979506c,commit
github:rileyberton,rileyberton,rileyberton,,pr
github:rinaldovittorio,rinaldovittorio,rinaldovittorio,,pr
github:rishad-mhd,rishad-mhd,rishad-mhd,,pr
github:rishimukherjee,rishimukherjee,rishimukherjee,,pr
github:riso,riso,riso,,pr
github:riteshshukla04,riteshshukla04,riteshshukla04,88cd21306605045045656078d3b559ce891000cfc6414734128326913bbef006,"commit,pr,pr,pr,pr,pr,pr,pr,pr,pr,pr,pr,pr,pr,pr,pr,pr,pr,pr,pr,pr,pr,pr,pr,pr,pr,pr,pr,pr,pr,pr,pr,pr,pr,pr"
github:riwu,riwu,riwu,,pr
github:rj1,rj1,rj1,42930611e23f859cf9a258004ee83a2b43d2032e668674a0ef51382a7b009a0c,"commit,pr"
github:rjpower,rjpower,rjpower,,pr
github:rkang,rkang,rkang,d0aa34535358ccd71724007e9308faba606e86ca1a0149004d9fd990505de8db,"commit,pr"
github:rkostrab,rkostrab,rkostrab,,pr
github:rlog,rlog,rlog,,pr
github:rmaz,rmaz,Richard Howell,12567a85bd765a4666761030ca71572e158b88d90405eb8a2bb479ca16d5f520,"commit,pr,pr,pr,pr,pr,pr"
github:rmcvey,rmcvey,rmcvey,,pr
github:rmevans9,rmevans9,Richard Evans,db28a94529e357e7b642d05ddc930d64e46d6159ea3aa664ccbffe70f34515b5,"commit,pr,pr,pr,pr"
github:rmi22186,rmi22186,Robert Ing,d2d9ccfc91d53c79571430c6a90391ebd9b3df091ff83d45abcb45fba7946772,"commit,pr,pr"
github:rnike,rnike,Mike,536fe828671b1dc1b3ca522b9e8d3ea76701acd27620e24acdba5dc0a1023f93,"commit,pr,pr,pr,pr,pr"
github:robandpdx,robandpdx,Rob Anderson,5739143826ec4f6b6a6b356c38e44fc3005a350e4e0501cad11e0b06f17a8510,"commit,pr,pr,pr,pr"
github:robarnold,robarnold,robarnold,,pr
github:robbestad,robbestad,robbestad,,pr
github:robbie-c,robbie-c,Robbie Coomber,276fb5aa3f1bbc5b5b254391dab2a70f4dd4590dd91c9292bbaf4995822c1da6,"commit,pr"
github:robbiemccorkell,robbiemccorkell,Robbie McCorkell,a5bed0e92fdff7a719d4a8af9c90a48dd9319d21d15d5b0de7f6994b5fa08912,"commit,pr"
github:robclouth,robclouth,Rob Clouth,f88bacea224f6f77fc2782e449f4fc9455548a594b76b5017660dd2d9399fefb,"commit,pr,pr"
github:robertherber,robertherber,robertherber,,pr
github:roberthoenig,roberthoenig,Robert Hönig,7afb7b50488579b83dc5988a19fc0937c0bfe4a3a1db42f2e507ed71ca05a92b,"commit,pr"
github:robertjcolley,robertjcolley,robertjcolley,,pr
github:robertjpayne,robertjpayne,Robert Payne,5a560c7cfd02f2a91cf42f9820be008364bfc70a01450cc276da2548538b51c4,"commit,pr,pr,pr,pr"
github:robertpaul01,robertpaul01,Robert Paul,f243c91fb7c3d1020a1a79cf42937f7609ef55ac16209ba86dd13e3ed6f40b3f,"commit,pr"
github:robertying,robertying,Rui Ying,836869be9f6e6d72958ff5ca30599fe7130ece1e292703e9d6794873a2c40dd0,"commit,pr,pr,pr,pr,pr,pr"
github:robglnn,robglnn,robglnn,,pr
github:robhogan,robhogan,Rob Hogan,d65b28de4ebf474eed58f92101f4e2777a2c0d0bc2c7b31b89a72978485b5f1c,"commit,pr,pr,pr,pr,pr,pr,pr,pr,pr,pr,pr,pr,pr,pr,pr,pr,pr,pr,pr,pr,pr,pr,pr,pr,pr,pr,pr,pr,pr,pr,pr,pr,pr,pr,pr,pr,pr,pr,pr,pr,pr,pr,pr,pr,pr,pr,pr,pr,pr,pr,pr,pr,pr,pr,pr,pr,pr,pr,pr,pr,pr,pr,pr,pr,pr,pr,pr,pr,pr,pr,pr,pr,pr,pr,pr,pr,pr,pr,pr,pr,pr,pr,pr,pr,pr,pr,pr,pr,pr,pr,pr,pr,pr,pr,pr,pr,pr,pr,pr,pr,pr,pr,pr,pr,pr,pr,pr,pr,pr,pr,pr,pr,pr,pr,pr,pr,pr,pr,pr,pr,pr,pr,pr,pr,pr,pr,pr,pr,pr,pr,pr,pr,pr,pr,pr,pr,pr,pr,pr,pr,pr,pr,pr,pr,pr,pr,pr,pr,pr,pr,pr,pr,pr,pr,pr,pr,pr,pr,pr,pr,pr,pr,pr,pr,pr,pr,pr,pr,pr,pr,pr,pr,pr,pr,pr,pr,pr,pr,pr,pr,pr,pr,pr,pr,pr,pr,pr,pr,pr,pr,pr,pr,pr,pr,pr,pr,pr,pr,pr,pr,pr,pr,pr,pr,pr,pr,pr,pr,pr,pr,pr,pr,pr,pr,pr,pr,pr"
github:robik,robik,Robert Pasiński,b0407c1eec6830d78a3bb0ccbf3f222879d5f731434fd5098823ee8c499b67e8,"commit,pr,pr,pr,pr,pr,pr,pr"
github:robin-sqills,robin-sqills,Robin Breuker,f7268ace6b704c4c3dd08df3bf2b48b027fabb1ed35f8a269e3f29fe26d8e986,commit
github:robincsl,RobinCsl,RobinCsl,,pr
github:robinshin,robinshin,Robin Shin,45327626243463c27409eb457bd8715084d4e91ffe2255f34fa0a2e2b225992b,"commit,pr"
github:roboteddy,RoboTeddy,Ted Suzman,335eecff9ee823c0fc2212727e1e1388ca89af2299a756aa81e635fdc77a4dd2,"commit,pr"
github:robroseknows,RobRoseKnows,Robert Rose,26bac1f7893a0f34ea858c2944fafd9d6cea14f76782de987c1d9db8623eba27,"commit,pr"
github:robwalkerco,robwalkerco,Rob Walker,68fb082ed5935519cf7448cc1557f9068aba2c9062ad2cf460dde097bfb2a323,"commit,pr,pr,pr"
github:robz,robz,robz,,pr
github:rocketraman,rocketraman,Raman Gupta,545828475c2f36e2659652e0f7e57db74d2966edc62b1b476bd59d4b846a09b7,"commit,pr"
github:rockiestar-com,rockiestar-com,imWildCat,21ea0e78c23a5de56843d7cfbdafe3ee2e4dadad5efa25866f7270b2c61e67cc,commit
github:rockvic,rockvic,rockvic,,pr
github:rockwotj,rockwotj,rockwotj,,pr
github:rocman,rocman,rocman,bdd94cc1f9c6c91341ff56a20d95715643d42590143e0f64e61e3105fd696183,"commit,pr,pr,pr,pr,pr,pr,pr,pr,pr,pr,pr,pr,pr,pr"
github:rodineijf,rodineijf,Rodinei Fagundes,6ec7f7cc446474b5bf9a7bca16a2b359efb1a6bcaa88a6b2644ed1eef1dcb939,"commit,pr"
github:rodolfogs,RodolfoGS,Rodolfo Gomez Sirimarco,735cf15e64dbfc04d2f04802ee738d81f95f20243305b0c64378467c669fbb5d,"commit,pr,pr,pr"
github:rodriguescarson,rodriguescarson,rodriguescarson,,pr
github:rogchap,rogchap,Roger Chapman,e36d3084c4e7ed59ce9c3dc98f104ae0c5ead4838dd2a9344cddb76b768562ec,"commit,pr"
github:rogerkerse,rogerkerse,rogerkerse,094c78a1c5a654a886b2301f4f44ed63acde9602914aa678237aff37c0982f03,"commit,pr"
github:rohanvb,RohanVB,RohanVB,,pr
github:rohitjain85,rohitjain85,rohitjain85,,pr
github:rohitverma-d11,rohitverma-d11,rohitverma-d11,a09a80cfbe66e4106bf18a1e599fbc06b77ec918122009b1f975df3d598e74a3,"commit,pr"
github:rohmanhm,rohmanhm,Muhammad Habib Rohman,c63f5dd8ecf72e90498c177ef88d85191f172f82462d746414a7b51b4aa62209,"commit,pr,pr"
github:rohozhnikoff,rohozhnikoff,rohozhnikoff,,pr
github:rojohub,RoJoHub,Jerry.Luo,bbe5c82f96ab7ca9fd6bd7d5dd0ad1e167549978b6591614be06653ca661a553,"commit,pr,pr"
github:rojuinex,Rojuinex,Caleb (Rojuinex) Bartholomew,c0f94bdc87cd5d83e2bc1834ca2e8a7f1bb60ffbd921235c376c0c817b8df95e,"commit,pr"
github:roka20012,Roka20012,Roka20012,,pr
github:rolandnagy,rolandnagy,rolandnagy,,pr
github:romerodiver,RomeroDiver,RomeroDiver,,pr
github:romick2005,Romick2005,Roman Melnyk,3081704cd8c664966d43768df3e3038652164629a53e2fc5c8fa6749f1bdf9ca,"commit,pr,pr,pr"
github:romidane,romidane,romidane,,pr
github:ronal2do,ronal2do,Ronaldo Lima,64335123978da0f8410a41aecbe24f35c8057eb86fcf35ebcf0ad29ef17de60a,"commit,pr,pr,pr,pr"
github:ronaldheft,ronaldheft,ronaldheft,,pr
github:ronhe,ronhe,ronhe,06858cc29b8748be1b9babb981922c1820f3e9ce74fc066840df2affde2de6de,"commit,pr"
github:ronnieren,RonnieRen,RonnieRen,,pr
github:ronocod,ronocod,ronocod,,pr
github:roopesht,Roopesht,Roopesht,,pr
github:rops,rops,rops,,pr
github:roryabraham,roryabraham,roryabraham,,pr
github:roryqueue,roryqueue,roryquinlan,5802640da3228faa528a62979a7ac55e0dd3f95ebbbb8594b26c383a213a0e49,"commit,pr"
github:roseteromeo56,roseteromeo56,roseteromeo56,,pr
github:rosexi,rosexi,thejessma,92b5ff6b5dd08250460c4c6e1516e70bc3e96d1f6b35fa4ba3becb6586210ae9,"commit,pr"
github:roshangm1,roshangm1,Roshan Gautam,4e8cfd2b51bd6ad5fadb10686a7890666c0403171b6d754ef27746b56bec856c,"commit,pr"
github:roshanjossey,Roshanjossey,Roshanjossey,,pr
github:rostislav-simonik,rostislav-simonik,Rostislav Simonik,bc86b50bd5da5f9a4cfb0cfbf0b68667b3be5f717c4aa4f85ce9b8c9e67a7596,"commit,pr"
github:rota-rossi,rota-rossi,Leonardo Rota-Rossi,9a98d2afe4af47b466ff6242e77b2d33ce80a6d7466f55145b91641b54c25ad3,"commit,pr"
github:rotemmiz,rotemmiz,Rotem M,9ef24a6f7f6439380f506dc2ee7fe2e151a7161e0642761b7e3aa8b81978cc12,"commit,pr,pr"
github:rovel,Rovel,Rovel,,pr
github:rozele,rozele,Eric Rozell,d5959f731ef1ef7c1f896fe7b91f98589c74eef6f31f6bcf1dabf6de572a755b,"commit,pr,pr,pr,pr,pr,pr,pr,pr,pr,pr,pr,pr,pr,pr,pr,pr,pr,pr,pr,pr,pr,pr,pr,pr,pr,pr,pr,pr,pr,pr,pr,pr,pr,pr,pr,pr,pr,pr,pr,pr,pr,pr,pr,pr,pr,pr,pr,pr,pr,pr,pr,pr,pr,pr,pr,pr,pr,pr,pr,pr,pr,pr,pr,pr,pr,pr,pr,pr,pr,pr,pr,pr,pr,pr,pr,pr,pr,pr,pr,pr,pr,pr,pr,pr,pr,pr,pr,pr,pr,pr,pr,pr,pr,pr,pr,pr,pr,pr,pr,pr,pr,pr,pr,pr,pr,pr,pr,pr,pr,pr,pr,pr,pr,pr,pr,pr,pr,pr,pr,pr,pr,pr,pr,pr,pr,pr,pr,pr,pr,pr,pr,pr,pr,pr,pr,pr,pr,pr,pr,pr,pr,pr,pr,pr,pr,pr,pr,pr"
github:rozkminiacz,rozkminiacz,jaroslawmichalik,708d1b2199cff06b8ce08b0b1acfaae2da833fe1b1e6c4ae84b8f73544c1b8d8,"commit,pr"
github:rpastorelle,rpastorelle,Pasto,90ae403d97d5700cb9eea74663e1905b5c5685e847cc6f619e2c18f4663b5776,"commit,pr,pr"
github:rplankenhorn,rplankenhorn,rplankenhorn,,pr
github:rratmansky,rratmansky,Rick Ratmansky,31eaf3fb167730ca8a91ac2ef77aa65dffc38ac50277827e4e5b859abe0202ce,commit
github:rreusser,rreusser,Ricky Reusser,689c5a3875b53489f6455939955176260023dfcd3288c05c219536d8db67bd7f,"commit,pr,pr,pr,pr"
github:rricard,rricard,rricard,,pr
github:rscnt,rscnt,Raul Ascencio,26f845372b2932b76bf34cdff61ccd136ee18f6ae5d057fc75846693d660bf78,"commit,pr"
github:rseemann,rseemann,rseemann,,pr
github:rseymour,rseymour,rseymour,,pr
github:rshest,rshest,Ruslan Shestopalyuk,4c686041acf2c4493ab8c4618622c3d6140bea388394f873ec57787bc060e0f5,"commit,pr,pr,pr,pr,pr,pr,pr,pr,pr,pr,pr,pr,pr,pr,pr,pr,pr,pr,pr,pr,pr,pr,pr,pr,pr,pr,pr,pr,pr,pr,pr,pr,pr,pr,pr,pr,pr,pr,pr,pr,pr,pr,pr,pr,pr,pr,pr,pr,pr,pr,pr,pr,pr,pr,pr,pr,pr,pr,pr,pr,pr,pr,pr,pr,pr,pr,pr,pr,pr,pr,pr,pr,pr,pr,pr,pr,pr,pr,pr,pr,pr,pr,pr,pr,pr,pr,pr,pr,pr,pr,pr,pr,pr,pr,pr,pr,pr,pr,pr,pr,pr,pr,pr,pr,pr,pr,pr,pr,pr,pr,pr,pr,pr,pr,pr,pr,pr,pr,pr,pr,pr,pr,pr,pr,pr,pr,pr,pr,pr,pr,pr,pr,pr,pr,pr,pr,pr,pr,pr,pr,pr,pr,pr,pr,pr,pr,pr,pr,pr,pr,pr,pr,pr,pr,pr,pr,pr,pr,pr,pr,pr,pr,pr,pr,pr,pr,pr,pr,pr,pr,pr,pr,pr,pr,pr,pr,pr,pr,pr,pr,pr,pr,pr,pr,pr,pr,pr,pr,pr,pr,pr,pr,pr,pr,pr,pr,pr,pr,pr,pr,pr,pr,pr,pr,pr,pr,pr,pr,pr,pr,pr,pr,pr,pr,pr,pr,pr,pr,pr,pr,pr,pr,pr,pr,pr,pr,pr,pr,pr,pr,pr,pr,pr,pr,pr,pr,pr,pr,pr,pr,pr,pr,pr,pr,pr,pr,pr,pr,pr,pr,pr,pr,pr,pr,pr,pr,pr,pr,pr,pr,pr,pr,pr,pr,pr,pr,pr,pr"
github:rsmelo92,rsmelo92,Rafael Melo,05b9c3a4d563bbb75a74825237173278978169b965ed3c70ee207c9760231d61,"commit,pr"
github:rsml,rsml,rsml,,pr
github:rsnara,RSNara,Ramanpreet Nara,ef6e2adcc14f5faa349ae36bb8074d47bcccbb7d7d1600726d811be1331d5537,"commit,pr,pr,pr,pr,pr,pr,pr,pr,pr,pr,pr,pr,pr,pr,pr,pr,pr,pr,pr,pr,pr,pr,pr,pr,pr,pr,pr,pr,pr,pr,pr,pr,pr,pr,pr,pr,pr,pr,pr,pr,pr,pr,pr,pr,pr,pr,pr,pr,pr,pr,pr,pr,pr,pr,pr,pr,pr,pr,pr,pr,pr,pr,pr,pr,pr,pr,pr,pr,pr,pr,pr,pr,pr,pr,pr,pr,pr,pr,pr,pr,pr,pr,pr,pr,pr,pr,pr,pr,pr,pr,pr,pr,pr,pr,pr,pr,pr,pr,pr,pr,pr,pr,pr,pr,pr,pr,pr,pr,pr,pr,pr,pr,pr,pr,pr,pr,pr,pr,pr,pr,pr,pr,pr,pr,pr,pr,pr,pr,pr,pr,pr,pr,pr,pr,pr,pr,pr,pr,pr,pr,pr,pr,pr,pr,pr,pr,pr,pr,pr,pr,pr,pr,pr,pr,pr,pr,pr,pr,pr,pr,pr,pr,pr,pr,pr,pr,pr,pr,pr,pr,pr,pr,pr,pr,pr,pr,pr,pr,pr,pr,pr,pr,pr,pr,pr,pr,pr,pr,pr,pr,pr,pr,pr,pr,pr,pr,pr,pr,pr,pr,pr,pr,pr,pr,pr,pr,pr,pr,pr,pr,pr,pr,pr,pr,pr,pr,pr,pr,pr,pr,pr,pr,pr,pr,pr,pr,pr,pr,pr,pr,pr,pr,pr,pr,pr,pr,pr,pr,pr,pr,pr,pr,pr,pr,pr,pr,pr,pr,pr,pr,pr,pr,pr,pr,pr,pr,pr,pr,pr,pr,pr,pr,pr,pr,pr,pr,pr,pr,pr,pr,pr,pr,pr,pr,pr,pr,pr,pr,pr,pr,pr,pr,pr,pr,pr,pr,pr,pr,pr,pr,pr,pr,pr,pr,pr,pr,pr,pr,pr"
github:rsreejithkrishnan,rsreejithkrishnan,Sreejith Krishnan R,ade832429644c1f37550609075dc03c8ae3cd28b04fdca0b47d70c25a1524860,"commit,pr"
github:rt2zz,rt2zz,rt2zz,,pr
github:rtelicak,rtelicak,Roman Telicak,fd5db06330e5adc083fd4dd7938fdeb66676873cd2f53601dc6186429ca0277d,"commit,pr"
github:rubennorte,rubennorte,Rubén Norte,2c3f604e0055c055486497fc46f5d84e3b4494cdb3454492afc3b70ebc972b86,"commit,pr,pr,pr,pr,pr,pr,pr,pr,pr,pr,pr,pr,pr,pr,pr,pr,pr,pr,pr,pr,pr,pr,pr,pr,pr,pr,pr,pr,pr,pr,pr,pr,pr,pr,pr,pr,pr,pr,pr,pr,pr,pr,pr,pr,pr,pr,pr,pr,pr,pr,pr,pr,pr,pr,pr,pr,pr,pr,pr,pr,pr,pr,pr,pr,pr,pr,pr,pr,pr,pr,pr,pr,pr,pr,pr,pr,pr,pr,pr,pr,pr,pr,pr,pr,pr,pr,pr,pr,pr,pr,pr,pr,pr,pr,pr,pr,pr,pr,pr,pr,pr,pr,pr,pr,pr,pr,pr,pr,pr,pr,pr,pr,pr,pr,pr,pr,pr,pr,pr,pr,pr,pr,pr,pr,pr,pr,pr,pr,pr,pr,pr,pr,pr,pr,pr,pr,pr,pr,pr,pr,pr,pr,pr,pr,pr,pr,pr,pr,pr,pr,pr,pr,pr,pr,pr,pr,pr,pr,pr,pr,pr,pr,pr,pr,pr,pr,pr,pr,pr,pr,pr,pr,pr,pr,pr,pr,pr,pr,pr,pr,pr,pr,pr,pr,pr,pr,pr,pr,pr,pr,pr,pr,pr,pr,pr,pr,pr,pr,pr,pr,pr,pr,pr,pr,pr,pr,pr,pr,pr,pr,pr,pr,pr,pr,pr,pr,pr,pr,pr,pr,pr,pr,pr,pr,pr,pr,pr,pr,pr,pr,pr,pr,pr,pr,pr,pr,pr,pr,pr,pr,pr,pr,pr,pr,pr,pr,pr,pr,pr,pr,pr,pr,pr,pr,pr,pr,pr,pr,pr,pr,pr,pr,pr,pr,pr,pr,pr,pr,pr,pr,pr,pr,pr,pr,pr,pr,pr,pr,pr,pr,pr,pr,pr,pr,pr,pr,pr,pr,pr,pr,pr,pr,pr,pr,pr,pr,pr,pr,pr,pr,pr,pr,pr,pr,pr,pr,pr,pr,pr,pr,pr,pr,pr,pr,pr,pr,pr,pr,pr,pr,pr,pr,pr,pr,pr,pr,pr,pr,pr,pr,pr,pr,pr,pr,pr,pr,pr,pr,pr,pr,pr,pr,pr,pr,pr,pr,pr,pr,pr,pr,pr,pr,pr,pr,pr,pr,pr,pr,pr,pr,pr,pr,pr,pr,pr,pr,pr,pr,pr,pr,pr,pr,pr,pr,pr,pr,pr,pr,pr,pr,pr,pr,pr,pr,pr,pr,pr,pr,pr,pr,pr,pr,pr,pr,pr,pr,pr,pr,pr,pr,pr,pr,pr,pr,pr,pr,pr,pr,pr,pr,pr,pr,pr,pr,pr,pr,pr,pr,pr,pr,pr,pr,pr,pr,pr,pr,pr,pr,pr,pr,pr,pr,pr,pr,pr,pr,pr,pr,pr,pr,pr,pr,pr,pr,pr,pr,pr,pr,pr,pr,pr,pr,pr,pr,pr,pr,pr,pr,pr,pr,pr,pr,pr,pr,pr,pr,pr,pr,pr,pr,pr,pr,pr,pr,pr,pr,pr,pr,pr,pr,pr,pr,pr,pr,pr,pr,pr,pr,pr,pr,pr,pr,pr,pr,pr,pr,pr,pr,pr,pr,pr,pr,pr,pr,pr,pr,pr,pr,pr,pr,pr,pr,pr,pr,pr,pr,pr,pr,pr,pr,pr,pr,pr,pr,pr,pr,pr,pr,pr,pr,pr,pr,pr,pr,pr,pr,pr,pr,pr,pr,pr,pr,pr,pr,pr,pr,pr,pr,pr,pr,pr,pr,pr,pr,pr,pr,pr,pr,pr,pr,pr,pr,pr,pr,pr,pr,pr,pr,pr,pr,pr,pr,pr,pr,pr,pr,pr,pr,pr,pr,pr,pr,pr,pr,pr,pr,pr,pr,pr,pr,pr,pr,pr,pr,pr,pr,pr,pr,pr,pr,pr,pr,pr,pr,pr,pr,pr,pr,pr,pr,pr,pr,pr,pr,pr,pr,pr,pr,pr,pr,pr,pr,pr,pr,pr,pr,pr,pr,pr,pr,pr,pr,pr,pr,pr,pr,pr,pr,pr,pr,pr,pr,pr,pr,pr,pr,pr,pr,pr,pr,pr,pr,pr,pr,pr,pr,pr,pr,pr,pr,pr,pr,pr,pr,pr,pr,pr,pr,pr,pr,pr,pr,pr,pr,pr,pr,pr,pr,pr,pr,pr,pr,pr,pr,pr,pr,pr,pr,pr,pr,pr,pr,pr,pr,pr,pr,pr,pr,pr,pr,pr,pr,pr,pr,pr,pr,pr,pr,pr,pr,pr,pr,pr,pr,pr,pr,pr,pr,pr,pr,pr,pr,pr,pr,pr,pr,pr,pr,pr"
github:rubensandwich,RubenSandwich,Ruben Niculcea,7491ed6eba493f24ec5489b965e6eeae13f42be03ef6077c8bebba0088c385b9,"commit,pr"
github:rudimental,Rudimental,David Rabkin,9041226a0233a63abdfa8985cade2bb5b4958736cbf26dfa3ba9dcd72cb9c57e,"commit,pr,pr,pr,pr,pr,pr,pr,pr,pr,pr"
github:rudolf-adamkovic,rudolf-adamkovic,rudolf-adamkovic,,pr
github:rudybear,rudybear,Alexey Medvedev,893666a43bc2cfa09de040f40e39e2b400f2a4c3e86f32254e09d23d286f6c57,"commit,pr"
github:ruiaraujo,ruiaraujo,Rui Araújo,442c62bc4f403e8949a44d31230145ee26bb1c4e3b6d549565632142a0a9d243,"commit,pr"
github:rumax,rumax,Maksym Rusynyk,810c43a2cf4a785f3fa292caf2b8bea603200daf985af77d22b0adc352e5054a,"commit,pr,pr"
github:rumeysabulut,rumeysabulut,rumeysabulut,,pr
github:runar-rkmedia,runar-rkmedia,runar-rkmedia,,pr
github:rurikoaraki,rurikoaraki,Ruriko Araki,158814772371a3b8f665c71448b0d9a71cf99ab8249c247b3f2c007538a20cf1,"commit,pr"
github:rush1506,rush1506,rush1506,,pr
github:ruslanla,RuslanLa,Ruslan Latypov,3ea375a115f2bbc1fdcf47797dc0b13212ae2990e3b8b02b0fe82d4cbcca2809,commit
github:russmax783,RussMax783,RussMax783,,pr
github:rustle,rustle,Doug Russell,4ced4fa4ffd8fd3aebaa7cf88961c71e4be4e45e97d92f0859776aaae5281bbf,"commit,pr"
github:rusty1975,Rusty1975,Rusty1975,,pr
github:rustyconover,rustyconover,Rusty Conover,28b108234fabd1c98e16381b0d5d0feb4351d714f1358eae9bf529826b6c86e4,"commit,pr"
github:rvieceli,rvieceli,rvieceli,,pr
github:rwwarren,rwwarren,Ryan Warren,e08812ba77b91522babd099d553e709ad766af31639efa2f30da653ad6007b92,"commit,pr"
github:rxb,rxb,rxb,69748a8c85646209714de76182d8d45aa577f83cc7adfa110f9cf8d433844244,"commit,pr"
github:ryan0822,ryan0822,ryan0822,,pr
github:ryancat,ryancat,Xin Chen,097cd622ca2d1120dad1dd6d01edae218112d001f923179ce53c45327492a89e,"commit,pr,pr,pr,pr,pr,pr,pr,pr,pr,pr,pr,pr,pr,pr,pr,pr,pr,pr,pr,pr,pr,pr,pr,pr,pr,pr,pr,pr,pr,pr,pr,pr"
github:ryanelliott10,RyanElliott10,RyanElliott10,,pr
github:ryanflorence,ryanflorence,Ryan Florence,c9dc03fcd527ea84b234bd632f8e07433541d6d02584bd250cea30502a255b1a,"commit,pr,pr,pr"
github:ryanfrawley,ryanfrawley,ryanfrawley,,pr
github:ryangomba,ryangomba,Ryan Gomba,6dcddb5b443b24b3fb53ea38090d2bd62f87f7caf904e9e056bd59ddbab2afe5,"commit,pr,pr,pr,pr,pr,pr,pr,pr,pr,pr,pr,pr,pr,pr,pr,pr,pr,pr,pr"
github:ryangst,RyanGst,RyanGst,,pr
github:ryankask,ryankask,Ryan Kaskel,8a4af5a00589f1005223c5277f156cf232bfab874270f2c1dd5906bcaf147e6d,"commit,pr"
github:ryanlntn,ryanlntn,Ryan Linton,8c1e397b3e107fa0cbae5b24a4c0b3eb8709e05c978c66f64fd37fac2ad36f6e,"commit,pr,pr,pr,pr,pr,pr,pr,pr,pr,pr,pr,pr,pr,pr,pr,pr,pr"
github:ryanml,ryanml,ryanml,5f74a2950461a78f83c375dcd75cb30b1c5004fa3db434a137afe1a15297d8b7,"commit,pr"
github:ryanolsonk,ryanolsonk,Ryan Olson,b8c644c103d65be2ebe0561b4369ddf0ddab21bda91a80db7401c5e4c9fd1de8,commit
github:ryanrhee,ryanrhee,Ryan Rhee,3af51cc1452b74d7a01e2363d761571842f94dde7b7e5e7f0465a256abfa72fe,"commit,pr"
github:ryantrem,ryantrem,Ryan Tremblay,0b5cc1ad2b5f00a268a22fd15397e933e18af8ff036a39c5133058dfd5635f89,"commit,pr"
github:rybalkinsd,rybalkinsd,Sergei Rybalkin,9e772f5c87c51767bee46e587c7699a0fbd3de9f7c6b156c96809807f0e205d6,commit
github:ryu2,ryu2,Mark Wang,3878276959960292f8f3e04889e0a1f744f1c22a69f1b78c1cba876a734e4353,commit
github:s-deep3k,s-deep3k,s-deep3k,,pr
github:s77rt,s77rt,Abdelhafidh Belalia,9d42c6f1b2e6e6a7c45161e5b88094538e9f02422974fcf15586fe5e0f107dc5,"commit,pr,pr,pr,pr,pr,pr"
github:saadahmadsaddiqui,SaadAhmadSaddiqui,SaadAhmadSaddiqui,,pr
github:saadnajmi,Saadnajmi,Saad Najmi,466d57b1a6126fdfed35abea3163b8f76ef4057cd23f6210cfb14f9a56447120,"commit,pr,pr,pr,pr,pr,pr,pr,pr,pr,pr,pr,pr,pr,pr,pr,pr,pr,pr,pr,pr,pr,pr,pr,pr,pr,pr,pr,pr,pr,pr,pr,pr,pr,pr,pr,pr,pr,pr,pr,pr,pr,pr,pr,pr,pr,pr,pr,pr,pr,pr,pr,pr,pr,pr,pr,pr,pr,pr,pr,pr,pr,pr,pr,pr,pr,pr,pr,pr,pr,pr,pr,pr,pr,pr,pr,pr,pr,pr,pr"
github:sachinrekhi,sachinrekhi,Sachin Rekhi,6499c8c7412a34429c3ef928d8d6dade3e1f84dad7f713b1b5df2b07c031b33c,"commit,pr"
github:sachinservicemax,sachinservicemax,SachinTotale,89f67eceada2ab4cf2874cde7355cee9b0ebd12eb207332d4e73f504c1102b23,"commit,pr"
github:sadick254,sadick254,Isaac Odhiambo,1b22bc280ae038bd7c8c1d24dce4719be541ee09f24f21c48e0a5e4a9c9b508a,"commit,pr"
github:sadika9,sadika9,Sadika Sumanapala,81ba687e64288c61e8cb4d0be805a3e5cd02977a69cfa12dd5b3fcd60f23fea3,"commit,pr"
github:saeedzhiany,SaeedZhiany,SAEED,b2ee7bad84309d0a948bd56c7c0be5e3cf04b9f133ffd9c38a464acac5c37613,"commit,pr,pr,pr,pr,pr"
github:saengphetkevin,saengphetkevin,saengphetkevin,,pr
github:saevarb,saevarb,Sævar Berg,2ffecfa4003f4543003876d5fc5acdb3251412362851e10d057adc26be5b96df,"commit,pr"
github:safaiyeh,safaiyeh,Jason Safaiyeh,16531068460aa4f9c0b21d325223460b806516b850910bda59dd84a74289b321,"commit,pr,pr,pr,pr,pr,pr,pr,pr,pr,pr,pr,pr,pr,pr,pr,pr,pr,pr,pr,pr,pr,pr,pr,pr,pr,pr,pr,pr,pr,pr,pr,pr,pr,pr,pr,pr"
github:saferidehealth,SafeRideHealth,SafeRideHealth,,pr
github:sagar-singh-airee,Sagar-Singh-Airee,Sagar-Singh-Airee,,pr
github:saghul,saghul,Saúl Ibarra Corretgé,6624f280328d9a1c3ce2b151b32b522603b5359db1c6cf5f63de415f998b6ada,"commit,pr,pr"
github:sagivo,sagivo,Sagiv Ofek,7c00822ccff6843b4a20a5cb5b419b784d96364de603bca102dc589e4bbdc9e0,"commit,pr"
github:sagokhal,sagokhal,sagokhal,,pr
github:sahar042,sahar042,sahar042,,pr
github:sahat,sahat,Sahat Yalkabov,677eb7bcd08780ff9f8796cc0e58ed37cc1c267900c633c49cedef093705ffd8,"commit,pr"
github:sahrens,sahrens,Spencer Ahrens,69a7f2f5ccbc55f190f279ecf1f1e778e657092680b4c4f7f0b99cc346c171b4,"commit,pr,pr,pr,pr,pr,pr,pr,pr,pr,pr,pr,pr,pr,pr,pr,pr,pr,pr,pr,pr,pr,pr,pr,pr,pr,pr,pr,pr,pr,pr,pr,pr,pr,pr,pr,pr,pr,pr,pr,pr,pr"
github:saigrandhi,saigrandhi,Sai Grandhi,83494bd9e481c250521546c9bd9ac2be0a5e51bf0106dea8b9127f12765b75ec,"commit,pr,pr"
github:saiprasad1996,saiprasad1996,saiprasad1996,,pr
github:saitoxu,saitoxu,Yosuke Saito,b2d3e96d6c8bae4de1b196eb62a3bfd97eaa547a81c2a9497993d7d92b3d1e8b,"commit,pr,pr"
github:sajalg-bstack,sajalg-bstack,sajalg-bstack,,pr
github:sakarit-zz,sakarit-zz,sakarit-zz,,pr
github:saketkumar,saketkumar,saketkumar,,pr
github:salakar,Salakar,Salakar,3f2148849aac214cc5e56e4b4bab7d4f3f9704ee13fcca2f2e93ad1e40671c24,"commit,pr,pr,pr,pr,pr,pr,pr,pr,pr,pr"
github:salanki,salanki,Peter Salanki,4819096bbb897e27d51b8dfb738b4cca0ec8c4aeb0fa89acad77e619e8a98570,"commit,pr"
github:saleehk,saleehk,Saleeh,c42f71aaf527828344c638f8956b083fc5d8a568b7cfa96a49549ac8a1499c4c,"commit,pr"
github:saleel,saleel,saleel,,pr
github:salil999,Salil999,Shashank Saxena,d89348bc6b2bf28cd47d3fe49b08c5e6a5d543feef0e5fad3c437840cdd2ff9b,"commit,pr"
github:salmanmkc,salmanmkc,Salman Muin Kayser Chishti,c042e5e549fc2d0e0bcc705a15bfeaa377502ee8d50101d0f848099ab19cb403,"commit,pr"
github:sam-swarr,sam-swarr,Sam Swarr,7aabdc13836b37d6f9dee24f1223b664d21c476c42f3394efaf5528623913333,commit
github:sam-vdp,sam-vdp,sAm_vdP,66c6ee814f14a4781ef855217c55603f96e32cb084313f9d697fc8612dc64adb,"commit,pr"
github:samchan0221,samchan0221,Sam Chan,c5e14d970df4edf422bf3575105c83f66a591c8f35de9d140aa4da876f0f5a14,"commit,pr"
github:samchou19815,SamChou19815,Sam Zhou,beef48d057943c7c1221c905b14223663c632865730033d17aaaa0a7314ac6b5,"commit,pr,pr,pr,pr,pr,pr,pr,pr,pr,pr,pr,pr,pr,pr,pr,pr,pr,pr,pr,pr,pr,pr,pr,pr,pr,pr,pr,pr,pr,pr,pr,pr,pr,pr,pr,pr,pr,pr,pr,pr,pr,pr,pr,pr,pr,pr,pr,pr,pr,pr,pr,pr,pr,pr,pr,pr,pr,pr,pr,pr,pr,pr,pr,pr,pr,pr,pr,pr,pr,pr,pr,pr,pr,pr,pr,pr,pr,pr,pr,pr,pr,pr,pr,pr,pr,pr,pr,pr,pr,pr,pr,pr,pr,pr,pr,pr,pr,pr,pr,pr,pr,pr,pr,pr,pr,pr,pr,pr,pr,pr,pr,pr,pr,pr,pr,pr,pr,pr,pr,pr,pr,pr,pr,pr,pr,pr,pr,pr,pr,pr,pr,pr,pr,pr,pr,pr,pr,pr,pr,pr,pr,pr,pr,pr,pr,pr,pr,pr,pr,pr,pr,pr,pr,pr,pr,pr,pr,pr,pr,pr,pr,pr,pr,pr,pr,pr,pr,pr,pr,pr,pr,pr,pr,pr,pr"
github:samcorcos,samcorcos,Sam Corcos,eee189f213c1243e1c5908adbec99ad5687d60341795d42429f24f1f49c0ad04,"commit,pr"
github:sameesiddiqui,sameesiddiqui,sameesiddiqui,,pr
github:samermurad,samermurad,samermurad,,pr
github:samitha9125,samitha9125,samitha9125,,pr
github:samkline,samkline,Sam Kline,fd1239b8c7d53d0a4031212307aa653eea8604722b38cd9b850b93379a753caf,"commit,pr"
github:sammy-sc,sammy-SC,Samuel Susla,1cbd77b8818884ee27db3ef5cd3331603802503318a9547867a11d1687589de2,"commit,pr,pr,pr,pr,pr,pr,pr,pr,pr,pr,pr,pr,pr,pr,pr,pr,pr,pr,pr,pr,pr,pr,pr,pr,pr,pr,pr,pr,pr,pr,pr,pr,pr,pr,pr,pr,pr,pr,pr,pr,pr,pr,pr,pr,pr,pr,pr,pr,pr,pr,pr,pr,pr,pr,pr,pr,pr,pr,pr,pr,pr,pr,pr,pr,pr,pr,pr,pr,pr,pr,pr,pr,pr,pr,pr,pr,pr,pr,pr,pr,pr,pr,pr,pr,pr,pr,pr,pr,pr,pr,pr,pr,pr,pr,pr,pr,pr,pr,pr,pr,pr,pr,pr,pr,pr,pr,pr,pr,pr,pr,pr,pr,pr,pr,pr,pr,pr,pr,pr,pr,pr,pr,pr,pr,pr,pr,pr,pr,pr,pr,pr,pr,pr,pr,pr,pr,pr,pr,pr,pr,pr,pr,pr,pr,pr,pr,pr,pr,pr,pr,pr,pr,pr,pr,pr,pr,pr,pr,pr,pr,pr,pr,pr,pr,pr,pr,pr,pr,pr,pr,pr,pr,pr,pr,pr,pr,pr,pr,pr,pr,pr,pr,pr,pr,pr,pr,pr,pr,pr,pr,pr,pr,pr,pr,pr,pr,pr,pr,pr,pr,pr,pr,pr,pr,pr,pr,pr,pr,pr,pr,pr,pr,pr,pr,pr,pr,pr,pr,pr,pr,pr,pr,pr,pr,pr,pr,pr,pr,pr,pr,pr,pr,pr,pr,pr,pr,pr,pr,pr,pr,pr,pr,pr,pr,pr,pr,pr,pr,pr,pr,pr,pr,pr,pr,pr,pr,pr,pr,pr,pr,pr,pr,pr,pr,pr,pr,pr,pr,pr,pr,pr,pr,pr,pr,pr,pr,pr,pr,pr,pr,pr,pr,pr,pr,pr,pr,pr,pr,pr,pr,pr,pr,pr,pr,pr,pr,pr,pr,pr,pr,pr,pr,pr,pr,pr,pr,pr,pr,pr,pr,pr,pr,pr,pr,pr,pr,pr,pr,pr,pr,pr,pr,pr,pr,pr,pr,pr,pr,pr,pr,pr,pr,pr,pr,pr,pr,pr,pr,pr,pr,pr,pr,pr,pr,pr,pr,pr,pr,pr,pr,pr,pr,pr,pr,pr,pr,pr,pr,pr,pr,pr,pr,pr,pr,pr,pr,pr,pr,pr,pr,pr,pr,pr,pr,pr,pr,pr,pr,pr,pr,pr,pr,pr,pr,pr,pr,pr,pr,pr,pr,pr,pr,pr,pr,pr,pr,pr,pr,pr,pr,pr,pr,pr,pr,pr,pr,pr,pr,pr,pr,pr,pr,pr,pr,pr,pr,pr,pr,pr,pr,pr,pr,pr,pr,pr,pr,pr,pr,pr,pr,pr,pr,pr,pr,pr,pr,pr,pr,pr,pr,pr,pr,pr,pr,pr,pr,pr,pr,pr,pr,pr,pr,pr,pr,pr,pr,pr,pr,pr,pr,pr,pr,pr,pr,pr,pr,pr,pr,pr,pr,pr,pr,pr,pr,pr,pr,pr,pr,pr,pr,pr,pr,pr,pr,pr,pr,pr,pr,pr,pr,pr,pr,pr,pr,pr,pr,pr,pr,pr,pr,pr,pr,pr,pr,pr,pr,pr,pr,pr,pr,pr,pr,pr,pr,pr,pr,pr,pr,pr,pr,pr,pr,pr,pr,pr,pr,pr,pr,pr,pr,pr,pr,pr,pr,pr,pr,pr,pr,pr,pr,pr,pr,pr,pr"
github:samn,samn,Sam Neubardt,187540dba0e0f97ac7dc30c6fc3df27e6f3a5a21f78200838005e6efec1266d5,"commit,pr"
github:sampepose,sampepose,Sam Pepose,5cfb5bd67a5a1ef2d9fe8096add0a725a5c6c722bdd05a822db90fb7f7b3c3fb,commit
github:samsafay,samsafay,samsafay,a8df359b2beacb50a9f27922348b4986f404061682cd5833b632515b62926389,"commit,pr,pr"
github:samuela,samuela,samuela,,pr
github:samuelfreiberg,samuelfreiberg,samuelfreiberg,,pr
github:samuelkraft,samuelkraft,samuelkraft,,pr
github:samuelltk,samuelltk,samuelltk,,pr
github:samuelscheit,samuelscheit,samuelscheit,,pr
github:samwell1996,Samwell1996,Samwell1996,,pr
github:samwgoldman,samwgoldman,Sam Goldman,5fa59c0860990c9542cfd6c5d1c54efbacaa5ea61c348d7ab8410aec4732e00b,"commit,pr,pr"
github:sandeee1928,sandeee1928,Sandeep Kumar,98b9e70b30e42b3968781b28e45509ec24bffae2df8ec50789dd692ac0c4866c,commit
github:sandeepputta2001,sandeepputta2001,sandeepputta2001,,pr
github:sandeepsh3090,sandeepsh3090,sandeepsh3090,,pr
github:sandfox,sandfox,sandfox,,pr
github:sandromachado,SandroMachado,Sandro Machado,56a697957e50e5431cd746e1143e552579e0c91a1b79055cfa62830153215655,"commit,pr,pr,pr,pr,pr,pr,pr,pr,pr,pr,pr,pr,pr,pr,pr"
github:sangeethakp,sangeethaKP,sangeethaKP,2d1a0c3a0acca21b3f285e2a45b0158c938f5638196b5f977fad95ae4728cc6c,"commit,pr"
github:sangheraio,sangheraio,sangheraio,,pr
github:sangonz193,sangonz193,Santiago,23f4ba6bc3c0cd03f486e7eb77f1af0d245f87a98f527c6ffda9806e6a2ad4aa,"commit,pr"
github:sanjaiyan-dev,sanjaiyan-dev,Sanjaiyan Parthipan,903561f70f726a2240ba1f532d9e38e4f2632bfaae7ed53dabbd0a2e347eed73,"commit,pr"
github:sanjay-io,sanjay-io,sanjay-io,,pr
github:sanjaytwisk,sanjaytwisk,sanjaytwisk,,pr
github:sansyrox,sansyrox,stealthanthrax,2edbdc58513f71fa0c9c0776b8836d550b6dbf9746d365692ab1e1d4ba8ec16d,"commit,pr,pr,pr,pr,pr"
github:santiagofm,santiagofm,pera,587637329a0ff861a3f2217a6c5caf962b1744abd90e5c15e22637ba2d9301a0,"commit,pr"
github:santiagomunoz,SantiagoMunoz,Santiago Alfonso Muñoz Rodriguez,52a9935da9d6937125d8b934ec39459985c403fc25628375bc1f5a6d8d6b721f,commit
github:santiph,santiph,santiph,,pr
github:saopayne,saopayne,Oyewale Ademola,a2e395124ee23faf586c7e6ecb0e1955f00f9f5e6d605a521f3a5f123e350547,"commit,pr,pr"
github:sapkotamadhusudan,sapkotamadhusudan,Madhusudan Sapkota,96f1923d6e21eff9eb2907b6f75eb62360c02a0dc8d2061c8793d925203cc357,"commit,pr"
github:sapphirezzz,sapphirezzz,sapphirezzz,,pr
github:sarath-rp,sarath-rp,sarath-rp,,pr
github:sarhaneghribi,SarhaneGhribi,SarhaneGhribi,,pr
github:sarthak-d11,sarthak-d11,sarthak-d11,67b98d2eaf42475f36b6f7fe4a007a35a63a0ad6815aaf0e34fa716c822330d3,"commit,pr,pr"
github:sashashura,sashashura,Alex,88d36646ecb75e923d035ac6aedc2c14e5f8082717845a58b623f33424960e38,"commit,pr"
github:sashkostashuk,sashkostashuk,Oleksandr Stashuk,ba662c477ac8c0f96effd3cc8f19de3f1c14daad384a1ff8654363593566de72,commit
github:sasurau4,sasurau4,Daiki Ihara,c14cddb64e0248acaa8b7817d438f250e78852be2adad768e3f19acebdf554f0,"commit,pr,pr,pr,pr,pr,pr"
github:satheeshwaran,satheeshwaran,satheeshwaran,,pr
github:sathyapriya-31,sathyapriya-31,sathya,9aad14b4933a054b839072b1e10bce351ebf5e64d0be898c02362fb3a08e6e6d,commit
github:sathyapriya31,sathyapriya31,sathyapriya31,,pr
github:sattaman,sattaman,Tom Sanderson,2e27808b11042d5546f61b7675bc983d94cdd2dc3e8a50ee42162b8675527ca0,"commit,pr"
github:satvikmaker,satvikmaker,Satvik Jagannath,d75887debdb7da437175ca80b5bc25e47bbeb44f54da2ad5ad91ec693da76777,"commit,pr,pr,pr"
github:satya164,satya164,Satyajit Sahoo,22ad80b5a605c701874287a41f36f196891bb59150371e468a3260d9eca06d0a,"commit,pr,pr,pr,pr,pr,pr,pr,pr,pr,pr,pr,pr,pr,pr,pr,pr,pr,pr,pr,pr,pr,pr,pr,pr,pr,pr,pr,pr,pr,pr,pr,pr,pr,pr,pr,pr,pr,pr,pr,pr,pr,pr,pr,pr,pr,pr,pr,pr,pr,pr,pr,pr,pr,pr,pr,pr,pr,pr,pr,pr,pr,pr,pr,pr,pr,pr,pr,pr,pr,pr,pr,pr,pr,pr,pr,pr,pr,pr,pr,pr,pr,pr"
github:saumyamukul,saumyamukul,Saumya Mukul,bdd65dcad6d5838d9e3c614671c57d3a1e2e52e31783ac031ce4185892338783,commit
github:savelichalex,savelichalex,savelichalex,,pr
github:savv,savv,savv,,pr
github:sawyerhood,SawyerHood,Sawyer Hood,7e8b8b167647156226ce30138e4ca7f1188dc01a8e5b9dbcaa1264df0d00d1ca,"commit,pr"
github:saxenanickk,saxenanickk,Nikhil Saxena,252eb648d570b8f42463f61be4a5f5ca6d0782b371e880b5387550a6d060c9c5,"commit,pr"
github:sayrer,sayrer,Robert Sayre,c8888d0e5b4b7d37081bb7333b7b4be7c512a5bed8dda3c282dc47f6a3c218d3,"commit,pr"
github:sballew,sballew,Sean Ballew,e1c67b0e092d04f3b65ac6c9d8fb785fccfaa80d7fc1d17897401ab4a716f7e7,"commit,pr"
github:sbmthakur,sbmthakur,sbmthakur,,pr
github:sbuggay,sbuggay,Devan Buggay,8022bf6be69b20cc0487c714bdc2406f09145b087030104eb77dbf5f49e66e19,"commit,pr,pr,pr,pr,pr,pr,pr,pr,pr,pr,pr,pr,pr,pr,pr,pr,pr,pr,pr,pr,pr,pr,pr,pr,pr,pr,pr,pr,pr,pr,pr,pr,pr,pr,pr,pr,pr,pr,pr,pr,pr,pr,pr,pr,pr,pr,pr,pr,pr,pr,pr,pr,pr,pr,pr,pr,pr,pr,pr,pr,pr,pr,pr,pr,pr,pr,pr,pr,pr,pr,pr,pr,pr,pr,pr,pr,pr,pr,pr,pr,pr,pr"
github:scally,scally,scally,,pr
github:scarlac,scarlac,Seph Soliman,083c6c10706cdda560dc1e7d2b7610b709b7a76280c99a68347b3b6c5b4f9029,"commit,pr,pr,pr,pr,pr,pr,pr,pr,pr,pr,pr,pr,pr,pr,pr"
github:scazzy,scazzy,scazzy,,pr
github:schwolf,schwolf,schwolf,,pr
github:scisci,scisci,scisci,f52ac92bf8000ebd46344fa9060eeebac55d01969d92df988459e1ca7aa9998a,"commit,pr,pr"
github:sconaway,SConaway,Steven Conaway,01566a63f83d72b41713afa88ae3375f851c98a8c06dcc9ea343bad194b91ac4,"commit,pr"
github:scorpion1201,scorpion1201,scorpion1201,,pr
github:scottdixon,scottdixon,Scott Dixon,625e4c955efa5f784d83a1c5fe298d5cbe0d860258fce45647f431d2dd2beefc,commit
github:scottdixon-zz,scottdixon-zz,scottdixon-zz,,pr
github:scottfoster,scottfoster,scottfoster,,pr
github:scotthovestadt,scotthovestadt,Scott Hovestadt,dbd9d00335d446f113e70cd500f170c0b461753191251f0b5b2014577681db8d,commit
github:scottmmjackson,scottmmjackson,scottmmjackson,,pr
github:scottrice,scottrice,Scott Rice,5a8d90d64277d706b2c0669c7ea2d9eee4acbb889f769fe17b4e5d72202ee885,"commit,pr"
github:scubapup,scubapup,Lenny Karunungan,791de022516596218d553693726f0f75b46aeea089849f43ce4739cb710911eb,"commit,pr"
github:scypyonx,ScypyonX,ScypyonX,,pr
github:sdd330,sdd330,sdd330,,pr
github:sdg9,sdg9,sdg9,,pr
github:sdimmick,sdimmick,sdimmick,,pr
github:sduddikunta,sduddikunta,Siddu Duddikunta,c5951c7553eb332435e8d0454fb356de90dc4c72d8b4dae637b1185efd318515,"commit,pr,pr"
github:sdwilsh,sdwilsh,Shawn Wilsher,a5b8a49e236459df79fea837a92ab4771d560c1061de4e2b6978bc6739b9c7af,commit
github:se-bastiaan,se-bastiaan,Sébastiaan Versteeg,cc319de6bc0fc2f1584e0b8503ab78b3c1d98a63396594472aa193ee313dbf66,"commit,pr"
github:sean-roberts,sean-roberts,sean-roberts,,pr
github:sean-snow,Sean-Snow,Sean-Snow,,pr
github:seancheung,seancheung,seancheung,,pr
github:seansfkelley,seansfkelley,seansfkelley,,pr
github:seantarzy,seantarzy,Sean Tarzy,0675b9a2532a82249cef5a1ee3e50535540370af5d74a2f856a791aeccfc34ed,"commit,pr,pr"
github:seantimm,seantimm,seantimm,,pr
github:seanyusa,seanyusa,Sean Wang,4d231bd6ba0afca4a4673139de20d6c1ba657374fb7cfb512b23210429a81bbd,"commit,pr"
github:seaotocinclus,SeaOtocinclus,Pierre Moulon,47b87f2979eaaf29db54f0400072c5727ee2ccb157f286048395cedc87f0e165,"commit,pr"
github:seavan,seavan,seavan,,pr
github:sebasbad,sebasbad,sebasbad,f385144835df5351c5e3bf0d559bdfa100036d604fd4ec58475c92217d99b528,"commit,pr,pr,pr"
github:sebastiancarlos,sebastiancarlos,sebastiancarlos,,pr
github:sebbarg,sebbarg,Sebastian Bargmann,012473f4c5086c154145a5ea13f414b93e17f139bd39c088d9e0a2987195c265,"commit,pr"
github:sebirdman,sebirdman,Stephen Bird,12b62108363269abf74268443be8063f63c6579044189c8d83a599a434d642a5,"commit,pr,pr"
github:sebmarkbage,sebmarkbage,sebmarkbage,76a9682c4812408d87a8358060bbae72682b6fa29037cdef2cbf82ba4ef1c495,"commit,pr,pr,pr,pr,pr,pr"
github:sebmck,sebmck,Sebastian McKenzie,a8b704063ffa39b45e8743d61f3815b6aadea982695638532a63395eb0bd088e,"commit,pr,pr"
github:seco35,seco35,seco35,,pr
github:secretfader,secretfader,secretfader,,pr
github:seekinglight233,SeekingLight233,SeekingLight233,,pr
github:seekshiva,seekshiva,seekshiva,,pr
github:seflless,seflless,seflless,,pr
github:seidtgeist,seidtgeist,seidtgeist,,pr
github:seifgh,seifgh,seifgh,,pr
github:selat,selat,selat,,pr
github:sellarafaeli,SellaRafaeli,SellaRafaeli,,pr
github:semekh,semekh,semekh,,pr
github:semihgk,SemihGk,SemihGk,,pr
github:senthilsivanath,senthilsivanath,senthilsivanath,,pr
github:seraj-ahmad,seraj-ahmad,Seraj Ahmad,44bcf3d3b7b98fee280f6e5b94fb49bbcdb0e0a4380fac3aeb1f67d6a11f5f9e,commit
github:sercanov,sercanov,Sercan Demircan,9f7f1cee6cdd6ea308a1417848a0ae0046d6429596bc8afd1313e41b7d3241ae,"commit,pr,pr"
github:sergeich,sergeich,Sergei Glotov,c027edd3608ccc407b0cde12e23730f02342c611b196006f03a50573ed60783b,"commit,pr"
github:sergeykorochansky,SergeyKorochansky,Serhij Korochanskyj,9a79812ac1a79ee74c4b234896cda51f97f0ab67f29c94ec88a1dad1ceef5147,"commit,pr,pr"
github:sergioestevao,SergioEstevao,Sergio Estevao,da5e297f5b60622f8ade192a986db82d858aa6424d5c8ed144f88a60aea8ca42,"commit,pr"
github:sergioramos,sergioramos,sergioramos,,pr
github:serhiipalash,serhiipalash,serhiipalash,,pr
github:sethladd,sethladd,Seth Ladd,79dbf28e6d69e00d7070ef2023fed46ff5a6305782853cb70fc606d24ea944bd,"commit,pr"
github:setito,Setito,Setito,,pr
github:sgamrekelashvili,SGamrekelashvili,SGamrekelashvili,,pr
github:sghiassy,sghiassy,sghiassy,,pr
github:sh-iv-am,sh-iv-am,Shivam Shashank,67232dac4f49ed36473875a4727ef67824b012ac32a6074b39a400ef6a7ff112,commit
github:sh-pq,sh-pq,sh-pq,,pr
github:shadowm2,shadowm2,shadowm2,,pr
github:shaharz,shaharz,shaharz,,pr
github:shahen94,shahen94,shahen94,,pr
github:shakyshane,shakyShane,Shane Osbourne,c5e549b21165cf247fb77ceae957305ff35d539074dcb46e3cc2e24abf03addf,"commit,pr"
github:shaman123,ShaMan123,ShaMan123,,pr
github:shameemkpofficial-git,shameemkpofficial-git,shameemkpofficial-git,,pr
github:shamilovtim,shamilovtim,Tim Shamilov,1ddc9aa69d35add90be52bcb133cf35a52914710dbc66ff8887f3ae4e54e92f2,"commit,pr"
github:shaneosullivan,shaneosullivan,Shane O'Sullivan,9b6326a643e3c80cc172420aafbd5222a168b4657275c08cb7def287702bec3b,"commit,pr"
github:shaninnik,Shaninnik,Nikita Shanin,73a3ac5589ee7263abf7f9f52fe5be534964abdeafb324b2282a52e138e57a92,"commit,pr"
github:shanksguo,shanksGuo,shanksGuo,,pr
github:shanmbic,shanmbic,shanmbic,,pr
github:sharathprabhal,sharathprabhal,Sharath Prabhal,7a692569202f12981ce2b35e48aae0381ba56fa50c3eee66ed94b23c523e3a08,"commit,pr,pr"
github:sharcoux,Sharcoux,Sharcoux,,pr
github:sharifhh,sharifhh,Sharif Mahmoud,ac7810b631fc7b4721ec1691230a1182098a1c8b3601ece9d0d15f901240d251,"commit,pr,pr,pr"
github:sharnik,sharnik,Wojciech Ogrodowczyk,1dd9a60a0839ded9f3cd8c8f3cce92b70b523b4c5f4ba8946848f2c8a8eae679,"commit,pr,pr,pr,pr,pr"
github:shaundon,shaundon,shaundon,,pr
github:shauns,shauns,shauns,,pr
github:shayanjavadi,ShayanJavadi,ShayanJavadi,,pr
github:shayne,shayne,Shayne Sweeney,3e95fda93cf6da245b435c3b0f5e70e87b27e3bf2d3c23c800c1aba8d53c1e70,"commit,pr,pr,pr"
github:sheepsteak,sheepsteak,Chris Shepherd,6d29753acba3a20ffc25b9a4b0b36c30b2d1adeaecf443d4d76b9e24d4a86640,"commit,pr"
github:sheetjsdev,SheetJSDev,SheetJS,21ad21b2080b33811482784324c07e0c494312968fe00f193a912bdb429d399f,"commit,pr,pr"
github:sheikh-jamiralam,Sheikh-JamirAlam,Sheikh Jamir Alam,e5bcb4b3ddd750de8715c9bd624903a39991877fc0db02391f58cf364407e031,"commit,pr"
github:shengmin,shengmin,ShengMin Zhang,94bb48d5db74aaeb19712ae3e2084507ff4ff4f35bfc9b5c584a2da54a148e70,commit
github:shenjunru,shenjunru,Shen Junru,8572424e58814098b499882fd0a522dc91026a8cff7f9e9fb47ffc4b00c7ce97,"commit,pr"
github:shenyute,shenyute,shenyute,,pr
github:shenzhenjinma,shenzhenjinma,shenzhenjinma,,pr
github:sheparddw,sheparddw,sheparddw,d907a7ec1269c1635839981d1eb603fb9cc0ec09a522d89584216c7b51c20da4,"commit,pr,pr"
github:shergin,shergin,Valentin Shergin,5bbcb7d2c92831efa4b4b41b83a482ba55cbec5e37b6ebcbece53f544b7c5427,"commit,pr,pr,pr,pr,pr,pr"
github:shergin-cb,shergin-cb,Valentin Shergin,b1632cfa34d64b163526809cdad09016ec46a78076d0d8f737a8b9d24b3ce0d0,commit
github:sherlock92,Sherlock92,Sherlock92,,pr
github:shevo27,ShevO27,Oleksii,873c0366e226258034b48c30e9a8cccedaac1092891119ee636eb496cfac6954,"commit,pr"
github:shexiaoheng,shexiaoheng,shexiaoheng,,pr
github:shiba4life,shiba4life,shiba4life,,pr
github:shichongrui,shichongrui,shichongrui,,pr
github:shidoro,shidoro,Donald Roshi,4f8b38a9220c21b4983498bd3b415bd86c2194f051298ae3c283bb618262cf69,"commit,pr"
github:shikasd,ShikaSD,Andrei Shikov,586ca38746483eabc9e0b762a7d3a5f9f9f85d9003c752957cd3e76f89c7c9ee,"commit,pr,pr,pr,pr,pr,pr,pr,pr,pr,pr,pr,pr,pr,pr,pr,pr,pr,pr,pr,pr,pr,pr"
github:shinyleee,ShinyLeee,ShinyLeee,,pr
github:shirakaba,shirakaba,Jamie Birch,7f1e7fe6d35148d6daa9cc6fe9401e01528fcdb401702e6c4ed01f676e673898,"commit,pr"
github:shiranginige,shiranGinige,Shiran Ginige,6e97ee3210fec85b98fc3cc00b812e7ec3ba331443240cddaa2c18af8037e29a,"commit,pr,pr"
github:shivashp,shivashp,Shiva Pandey,e9ed5927494cd49e290f15ad04d5e31749355c5f380aee6c469531093dd1ce98,"commit,pr"
github:shivenmian,shivenmian,shivenmian,,pr
github:shlomiatar,shlomiatar,shlomiatar,cd8109910312865a45a51595b4089b6c2c3748d1146dc202a114f322beafa310,"commit,pr"
github:shockdesign,shockdesign,shockdesign,9f5e486b1b55bb26c24f5f751ee4366dbc29e69c872e28d90646d2119ea16bdd,"commit,pr,pr,pr"
github:shogosaito0607,ShogoSaito0607,ShogoSaito0607,,pr
github:shopped,shopped,shopped,,pr
github:shreeve,shreeve,Steve Shreeve,6b3f87af7b8bc886d0df1c7438364887e9b2a0ec97d8d94f28612290d592a440,"commit,pr"
github:shrimpy,shrimpy,shrimpy,1577f3fff10387c2b0cbc0b9a1749db64820085dd3ae2d954802dc549041f841,"commit,pr,pr"
github:shrugs,shrugs,shrugs,,pr
github:shrutic,shrutic,Shruti Malugu,622c904165364ea5c15cd82b9bb8bbfbba224bba038827fcb29cf55f7714b68f,"commit,pr,pr"
github:shrutic123,shrutic123,shrutic123,,pr
github:shtefanntz,shtefanntz,StefanT,056ad4525b6d53d0291f774eff961a7f8b1ba59ee41ee451e57ab530289b7fed,"commit,pr"
github:shuangzuan,Shuangzuan,Shuangzuan,ed9ae190354d2308bb5735dec7ff09b96109432d33f75ef49e0679f0c6525f88,"commit,pr,pr"
github:shubh73,shubh73,shubh73,,pr
github:shubham-tj,Shubham-TJ,shubham0142,0d987b07f09ab330452bf64b4762f6efd0c24b5a7035efd97333e964132d095c,commit
github:shubham1429,Shubham1429,Shubham1429,,pr
github:shubhamd99,shubhamd99,shubhamd99,,pr
github:shubhamguptadream11,shubhamguptadream11,shubhamguptadream11,5a7aed9ea0295d76c27efb5466382d29093ca9d3d369a31a40c13e8fd986555c,"commit,pr,pr,pr,pr,pr,pr,pr,pr,pr,pr,pr,pr,pr,pr,pr,pr,pr,pr,pr,pr"
github:shubhamksavita,shubhamksavita,Shubham Kumar Savita,553331c5817893a698e323aa3bdde5a456d6c0075695501dc5680c39fde7a361,"commit,pr,pr"
github:shubhi-pharmeasy,Shubhi-pharmeasy,Shubhi-pharmeasy,,pr
github:shubhu013,shubhu013,shubhu013,,pr
github:shuboc,shuboc,shuboc,,pr
github:shunwitter,shunwitter,shunwitter,,pr
github:shwanton,shwanton,Shawn Dempsey,f057a9d368ef9b26f4c2d136bef2683e249039ca4d97acac371aede04df7ecce,"commit,pr,pr,pr,pr,pr,pr,pr,pr,pr,pr,pr,pr,pr"
github:shyamalendu-kar,shyamalendu-kar,shyamalendu-kar,,pr
github:shywim,Shywim,Matthieu Harlé,351608619d2081682393d62e380a6c170ce408ec5d04d8065ca91c8e41f351de,"commit,pr"
github:siddarthkay,siddarthkay,Siddarth Kumar,315ca568baa744a4f74e5044b4bcd4f3e7ff4ec44667472f5f74637d632a76dc,"commit,pr,pr,pr,pr,pr,pr,pr,pr,pr,pr"
github:siddhantsoni,siddhantsoni,siddhantsoni,,pr
github:siddharthkul,siddharthkul,siddharthkul,,pr
github:sidferreira,sidferreira,sidferreira,,pr
github:sidharthguglani-zz,SidharthGuglani-zz,Sidharth Guglani,6ecbdaf4b22a85afd6e855325f4acd1d71546fdfb9f4019da24aaaa326c30595,"commit,pr"
github:sidverma32,sidverma32,Siddharth Verma,6a12636b6bd96c617533de78daabc23fe21acb0dcd0a42b3eb46b508acc5fc4d,"commit,pr,pr"
github:sienkowski,sienkowski,sienkowski,,pr
github:sigsegv8,sigsegv8,sigsegv8,,pr
github:sigvef,sigvef,sigvef,,pr
github:silvdb,SilVdB,SilVdB,,pr
github:simek,Simek,Simek,ddbec3b07b5d2cf881db9032fd6b0f083c40868dabc91b9da129748b33df8099,"commit,pr,pr,pr,pr,pr,pr,pr,pr,pr,pr,pr,pr,pr,pr,pr,pr,pr,pr,pr,pr,pr,pr,pr,pr,pr,pr,pr,pr,pr,pr,pr,pr,pr,pr,pr,pr,pr,pr,pr,pr,pr,pr,pr,pr,pr,pr,pr"
github:simenb,SimenB,Simen Bekkhus,3bfc7e3e2f11c4004291f50a37d63343493c3aa727bed0c897e748057544f873,"commit,pr,pr,pr,pr,pr,pr"
github:simka,simka,maciej simka,1be5aace81fc17526f27bab440d1864cf614b79095a451fba46113d2ad5b9b16,"commit,pr,pr,pr,pr"
github:simonayzman,simonayzman,Simon Ayzman,198cc38969ca86fe4f46d78321bd59339450a409b52ec0113baa968ed973b31b,"commit,pr,pr"
github:simonbengtsson,simonbengtsson,simonbengtsson,,pr
github:simonerm,SimonErm,SimonErm,,pr
github:simongong,simongong,simongong,,pr
github:simonkenyonshepard,SimonKenyonShepard,SimonKenyonShepard,,pr
github:simonmitchell,simonmitchell,simonmitchell,,pr
github:simonracz,simonracz,Simon Racz,f5db2c7e619e3988531e3799242d71688540f4b13c840e2e5999b4e5d4ee8548,"commit,pr,pr"
github:simonsimya,SimonSimya,SimonSimya,,pr
github:simplecreations,SimpleCreations,SimpleCreations,9651b616874b29a9b3738a0b6166d95479e39b7d1ab6bd87794ecf92c410e48c,"commit,pr,pr"
github:simpleton,simpleton,Sim Sun,a9f0c9f7fa90785d0d6f865f3cc3276bd30c72910a3d3e579d91abff86184bbe,"commit,pr"
github:singhgurraj,singhgurraj,singhgurraj,,pr
github:singingwolfboy,singingwolfboy,singingwolfboy,,pr
github:sirctseb,sirctseb,Christopher Best,209e1406403157fffd53e47a50dab87ba90595d0a908d8b7366853c42dee7ec6,"commit,pr"
github:sirpy,sirpy,sirpy,23b8da06679d7b8a39a2927991b6ccc13920d0b570e240e615ebaaddbbc2ce2f,"commit,pr"
github:situ2001,situ2001,situ2001,,pr
github:siuying,siuying,siuying,,pr
github:sjamr10,sjamr10,sjamr10,,pr
github:sjchmiela,sjchmiela,Stanisław Chmiela,cd8e22fac131506f76b07ccc73e500f357d91f50be60e4ce4f0bd007e7f62bfd,"commit,pr"
github:sjjdgg,sJJdGG,sJJdGG,,pr
github:sjkirby,sjkirby,Seth Kirby,1a068920b98cc7c47fa8ce1723882f0b0a3c2085f986f1912bbc4b8583d646e7,commit
github:sjmueller,sjmueller,Sam Mueller,dd4df0cab94fc78be366b9352ca4e06eba52c26fbba690fd34b0c67a4c40bf06,"commit,pr,pr,pr,pr"
github:skaplan,skaplan,skaplan,,pr
github:skellock,skellock,Steve Kellock,93f83f49e30ab2d0403d34267237b8bff9ea106ffab000fde7dc59259443959e,"commit,pr,pr"
github:skellyb,skellyb,skellyb,4bcc133c61b8b8ea6ec3b4ab41cfde41d42e1bcc9973b7cff062ba60ef4d6b04,"commit,pr"
github:skevy,skevy,Adam Miskiewicz,a47d5a35707575b52b4d204729b3f8e30f05dc2899ee4aadc3b897cdd1c8a26b,"commit,pr,pr,pr,pr,pr,pr,pr,pr,pr,pr,pr,pr,pr,pr,pr,pr,pr,pr,pr,pr,pr,pr,pr,pr,pr,pr,pr,pr,pr,pr,pr,pr,pr,pr,pr,pr,pr,pr"
github:skhameneh,skhameneh,Shawn Khameneh,92409cad21ba5b14785eec63ec6364a3ff447c3fea9b8f250e4efc5318c9b693,"commit,pr"
github:skinsshark,skinsshark,Sharon Zheng,7566b18d180b7381d6533ffbd057224495cdac18d4eb0a3ef80a44a316ce424e,"commit,pr,pr"
github:skipperlla,Skipperlla,Ömer Esmer,cac1cb3b85e82ec1f3ebbb3410092f7fddf0df0efdc3e2f349f8f2cc8692373b,"commit,pr"
github:skostilainen,skostilainen,skostilainen,,pr
github:skozer,skozer,Sean Kozer,233829bad92b691ce96aa7a4866699b1ba582d25ae83e7536e6198579756001f,"commit,pr"
github:skrilltrax,Skrilltrax,Aditya Wasan,6dea7fc5dd6bfd613a3f3f11246a0e71c7144eca9e7f9d69ad47350c7f5ad103,"commit,pr"
github:skrueger,skrueger,Simon Krueger,eb5f886eab1b61329e2f666a615bf0039352cd506b8d57ed4ce7122d46eb642b,commit
github:skv-headless,skv-headless,Sokovikov,b9ad1856ccd5331496015d28775d2b437af28731ef46f8e7b550dd3c131cbacb,"commit,pr,pr,pr,pr,pr,pr,pr,pr,pr,pr,pr,pr,pr,pr,pr,pr,pr,pr,pr,pr,pr,pr,pr,pr,pr,pr,pr,pr,pr,pr,pr,pr,pr,pr,pr,pr"
github:skychx,skychx,skychx,243d436f7d051c627ebea9b879fe6206540a57c088605111afea39833487ab90,"commit,pr,pr"
github:skyebook,skyebook,skyebook,,pr
github:sladyn98,sladyn98,sladyn98,,pr
github:slava,Slava,Slava Kim,bba336756f1dbfb8b0366a50acf2aa4927aa98f5fac00830d111916dcbe4ea96,commit
github:slavikmanukyan,slavikmanukyan,Slavik Manukyan,cb35c3dc9b93463c6da3ef19a3b1dfb86f0b97ad21257e603914648baff850a0,"commit,pr,pr"
github:slorber,slorber,Sébastien Lorber,33ad238bcacfca441f3125449cb44b638b3bb69d13f3eec5da2ca1b878ca2c84,"commit,pr,pr,pr,pr,pr"
github:slsadler14,Slsadler14,Slsadler14,,pr
github:slycaptainflint,SlyCaptainFlint,SlyCaptainFlint,c6e6ab452e2dbd14825bfbf5fd534fee406cd91c23ca99c078d19e19e76c094e,"commit,pr,pr,pr,pr,pr"
github:slycoder,slycoder,slycoder,,pr
github:sm2017,sm2017,sm2017,4c3fd711de4f9b17faba8b19f16763c812ee9fb082ab94322968b7eb28302689,"commit,pr,pr,pr"
github:smarki,smarki,Stefanos Markidis,9e612071c86b0cc9848c4e0dc3cec21aca5460211141c834fed84d211714e5ff,"commit,pr"
github:smartarray,SmartArray,SmartArray,,pr
github:smeenai,smeenai,Shoaib Meenai,4f5b52601b6e19b91e03598184b09384c871b2d0801fb2884b0816811925f948,"commit,pr"
github:smvv,smvv,Sander Mathijs van Veen,6f7a518d8eb7ad48ef4ba8250e5bd72f7d99325817f7702ad46ff3c5151dead3,"commit,pr"
github:snowcoderalex,SnowCoderAlex,Alex McKelvey,0dad1bfbc624e413d06fab847f9b3ca752efad3c19cc4cf2d38653b6bac48aa1,commit
github:soh335,soh335,soh335,1c82ca3de8d843e3ac7611d9983f4ef145efc0c08263df440496122e32cc4ba5,"commit,pr"
github:sohanr,SohanR,MD. Mizanur Rahman,e45041618421fc3bc0150bcc7faa9d01c82bdd136edffe8b34754cfb031bd632,"commit,pr"
github:sohobloo,sohobloo,Rex Rao,4a9df239209618e801336be93950d0fa9ce0eb47dd3f93aff7dc36925dbbd487,"commit,pr,pr"
github:sokki,sokki,Till Schmidt,27dcbb0ced8b1f65057a29e75373bb0e1b92b30de10c888a236403580aa3bdd5,"commit,pr"
github:sokolnickim,sokolnickim,Michael Sokolnicki,f15645ab1963a9e0980634d63fe4da948a80b5bf24c130555f993194e4aecc44,commit
github:soldovskii,soldovskii,soldovskii,,pr
github:solkaz,solkaz,Jeff Held,dce1b9cd5475d1857c6f11a97567c32547a93611360156fa38518657c354ff76,"commit,pr"
github:solon,solon,Brian Solon,d80488ef3ca3277172e292c886713352c78f9f8a414591e0048c5918f5728e24,"commit,pr,pr"
github:somena1,Somena1,somena1,1ab8c8a7c5d00282f851b80a73de7dce0defa94478e0b6d6d515c86b028dac60,"commit,pr"
github:sonaye,sonaye,sonaye,e5354bbe1d26b3b7e32f944a071946c33d388e213d05d040ff7bce592ca49a13,"commit,pr"
github:song-react,song-react,song-react,,pr
github:sonicdoe,sonicdoe,Jakob Krigovsky,71e6f4c7ed8a8fc85804a694fcfc09f873553982a5d1d05dc0ec5ab9199a5f53,"commit,pr,pr,pr,pr"
github:sonnylazuardi,sonnylazuardi,Sonny Lazuardi,28e29f4c506d1f05ba8d1963bb5e211c92d87bfc4a5e68d2318c6cdf94232fc5,"commit,pr"
github:sonnyp,sonnyp,Sonny Piers,cfe774fd59886269ee905eef94f1bd955955e24c09e75fbf19046c6966dd7b6f,"commit,pr,pr"
github:sooth-sayer,sooth-sayer,d.chernyatiev,69539c8bbc61a19418a455a79afab14b64b7995c2b9c2758e172b6b2e47c4be6,"commit,pr,pr,pr"
github:sophiebits,sophiebits,sophiebits,3b28fe6585ac9ba298ba3374750660277e7b23f83adaefec94ca5c9933f4e1b5,"commit,pr,pr,pr,pr,pr,pr,pr,pr,pr,pr,pr,pr,pr,pr,pr,pr,pr,pr,pr"
github:sopranolinist,sopranolinist,sopranolinist,,pr
github:sorenbs,sorenbs,sorenbs,,pr
github:soroushchehresa,soroushchehresa,soroushchehresa,,pr
github:sortofbusy,sortofbusy,sortofbusy,,pr
github:sospartan,sospartan,sospartan,67fe8df9c9df275570b0d393e9e7b7435373b25b2589b984649f5fb2661f7fdf,"commit,pr,pr,pr"
github:sossost,sossost,sossost,,pr
github:sota000,sota000,Sota Ogo,89d371c79c305c8c0b48e23b1a19635df8ac07d59517e07f07084762828bff29,"commit,pr,pr,pr,pr,pr,pr,pr,pr,pr,pr,pr,pr,pr,pr,pr,pr,pr,pr,pr,pr,pr"
github:sotayamashita,sotayamashita,Sota Yamashtia,2fbab20483e65205bdc32d766a7b7f6c31d2ec8aec3026d8df620418c5430428,"commit,pr"
github:sottar,sottar,sottar,fdec526fc56a650aeda2e549b30f237e94dd785e135b30f4de3b860136162b18,"commit,pr,pr"
github:souhailas,souhailaS,souhailaS,,pr
github:soumyajit4419,soumyajit4419,Soumyajit Behera,c90d7d3d3750da75e4cb3a5b24aa24567530302b7731d774684fa79c6a5e5427,"commit,pr,pr,pr"
github:soumyak1602,Soumyak1602,Soumyak1602,,pr
github:soutua,soutua,Pekka Soutua,960d4ebd9ffff929add782418360bfee2d9f691ca0f74f2f3932884b555fa244,"commit,pr"
github:soyanakagawa,soyanakagawa,soyanakagawa,359a575ce09d3e1e4421df5e9c9a400ae0ac727fd5b5707b992801a353483b98,"commit,pr"
github:sparga,sparga,sparga,,pr
github:sparshasaha,SparshaSaha,Sparsha Saha,3a33bdda41b0e84d292c4a12650fda790148709aae7906b3bf3edb8fb150d18e,"commit,pr,pr,pr,pr,pr,pr,pr"
github:spice-z,Spice-Z,Yugo Ogura,dc9960a56bd0e9d44b9bed5cb3b7a8323b6e55e25b9fa126abd0c0db3ebb88cf,"commit,pr"
github:spikebrehm,spikebrehm,spikebrehm,,pr
github:spikeking,SpikeKing,SpikeKing,,pr
github:splhack,splhack,Kazuki Sakamoto,5bb3961f16d397a0d25fabccf3fcc9e777963755c47ede3cb1004ff753c3d070,commit
github:spredolac,spredolac,Slobodan Predolac,924f5676ee9185cc009d5669e784b0752be0f3f44033a7f6510f6fc9b6961d4e,commit
github:springuper,springuper,springuper,bdae285839b3f004a2d0135639bc5663b2f07f5bf2825a70622c9e1bd16692dd,"commit,pr"
github:spuyet,spuyet,spuyet,,pr
github:srandazzo,SRandazzo,SRandazzo,,pr
github:srascar-bubble,srascar-bubble,srascar-bubble,,pr
github:sreejithr,sreejithr,Sreejith R,863e2fe1707fcefa056734175df6af7b32f8b8ca64a5108ac0511bfacec818d3,"commit,pr,pr"
github:sreesharp,sreesharp,Sreejumon,5fa2de215e562324782312e63d246576f00fa502dfe23b7562c44a5b891f4a95,"commit,pr,pr,pr,pr,pr,pr"
github:sri-rang,sri-rang,sri-rang,,pr
github:srikanthkh,srikanthkh,Srikanth K Hari,f22e8e4e0850a61759b99e033c22c0339aabc8d305a1d9f20fcecd8ccb5e4087,"commit,pr"
github:srikanthkyatham,srikanthkyatham,srikanthkyatham,,pr
github:sriraman,sriraman,sriraman,,pr
github:sriramramani,sriramramani,Sriram Ramasubramanian,0ceb648a68ad2c522ec83a176edd6b099735906146cd79a0cc921716dab1d973,commit
github:srishtyshree,Srishtyshree,Srishtyshree,,pr
github:sroka,Sroka,Maciej Srokowski,f3c79c4df8216ce244099ecafd1ac3a41124da232e3456eb6f9eed3efde7f546,"commit,pr"
github:sryze,sryze,Sergey Zolotarev,d24f7df5077891631859af04ec7d21b5d57933f219799e0ddde6d98174eefab4,"commit,pr,pr,pr,pr"
github:ss18,ss18,Semen Zhydenko,6e9ba954006f270d172266822c8c3dbd31fd650f0ab095694f154b74f262e58b,"commit,pr,pr"
github:sscaff1,sscaff1,Steven Scaffidi,7426b76c8b99544073f69cd4ca4d291700cccd3ef4b80ae27b9eacae45e43eda,"commit,pr"
github:stablestream,stablestream,stablestream,,pr
github:stam,stam,JasperStam,8911b65aa41ae5a64194855affe1d148b51016f3470c8aeec831e7314817f4a7,"commit,pr,pr"
github:stan229,stan229,stan229,,pr
github:stanley,Stanley,Stanisław Wasiutyński,76e8ce3a68bcecf4be825c5af4c01bd2ddec08cd0bf08a8544cda36d1f2a8873,"commit,pr"
github:stanparker,stanparker,stanparker,,pr
github:stanwolverine,stanwolverine,Jatin Nagar,2830770ed2be414e6565bdf99d9e30491c070f5e362a1e1f9b98dd8d116ac707,"commit,pr,pr"
github:starkwang,starkwang,Weijia Wang,f44bd1a288edcf66658d9efd1b23bca2768f849ebb1c79a6169ae62cf4b11235,"commit,pr"
github:stasd,StasD,StasD,,pr
github:statm,statm,Brian Zhao,608fb68c9fab1747f1c25c640ba384c2d6cc81fb7115c7285171ffb5e5e9f7ae,"commit,pr,pr"
github:staufman,staufman,Salil Apte,92704df2aafc6c5370f940be69a02d4f5cf15c5b5e3726ef019c9da5be8e0177,"commit,pr"
github:ste7en,ste7en,Stefano Formicola,1a9d3010e9a880439848ff48479dc5755cb6ee2a0a47068b4bfafe40a3c9cfbb,"commit,pr"
github:steelrooter,steelrooter,Sachin Tewari,19820a10984b93d583e0cb056a2b5b18a8d831a849c05998ba0332cebed637a2,"commit,pr"
github:steinalex,steinalex,Alex Stein,48592c275439a153678d50488976c8506675bc0dbe89f552b567ba3338a3694c,"commit,pr"
github:stepancheg,stepancheg,Stiopa Koltsov,560cc29f6c0d8f6ad5a4c3d8ac70033010831fb6ec2ccdeabf5d671869f6c46b,commit
github:stepanhruda,stepanhruda,Stepan Hruda,85d689e27fe6bc12bd6a59f100d2d8899410d292b6f278769307b68efabb97df,commit
github:stephencookdev,stephencookdev,stephencookdev,,pr
github:stephenkeep,stephenkeep,stephenkeep,,pr
github:stephenkopylov,stephenkopylov,stephenkopylov,,pr
github:stephenlacy,stephenlacy,Steve Lacy,2b241717bd8b39b94613111c42ee062794724cb3e743f5a08d36378af81e942e,"commit,pr,pr,pr,pr"
github:stereodenis,stereodenis,Denis,5a64ad134c186d6ff5a5869c041e39d867ab43dd862844f2f2d5bb8d1eeb821f,"commit,pr,pr,pr"
github:sterlingwes,sterlingwes,sterlingwes,,pr
github:steve-ng,steve-ng,Steve,feab5f1fda43d20e77a51d0072fc52949ccec84cd0557d438b61b505b6396a3c,"commit,pr"
github:steveccable,steveccable,Steven Cable,82c5d0dbacf78a5938f49fdb569657cbf7248741154f129bbc3bcd29bb1cbaaf,"commit,pr,pr,pr"
github:stevelacy,stevelacy,Steve Lacy,143b25d00908b09d07d03cde597ca7af11bef6d04486d1889480aa0fee1ca0e9,commit
github:steveluscher,steveluscher,Steven Luscher,8bcb6415145207e032d4be1f46ff2cb9e8e9de8f5fd804601ba5e27c7697301a,"commit,pr,pr,pr"
github:stevemao,stevemao,Steve Mao,494b4a0a0726fd80fe6c7e90dd4db34c712cbeb92fed96218558b0cd4f48aebe,"commit,pr"
github:stevenchung,stevenchung,StevenChung,f0fd26c369737cc788ea3e7ca8c79ef711bb60beceab0ec8fe5ab9e29758e6af,"commit,pr"
github:stevenxl,StevenXL,Steven Leiva,d967ef3e025a405bb7f3549c20cd851790b74fd48543fe83cb8b35a9911abd11,"commit,pr,pr,pr"
github:stevepotter,StevePotter,Stephen Poter,ca325e5e29a84356e48e7da7cf64154192d6fcfc5c5cac337b8bd299dca81e13,"commit,pr,pr,pr,pr,pr"
github:stevoisiak,Stevoisiak,Stevoisiak,,pr
github:stewartsum,stewartsum,Stewart Sum,40f659f370aa4c802f7d5d5ebf4aeeb18b5356c9e5233631419b7d564dd2f332,"commit,pr"
github:stianjensen,stianjensen,Stian Jensen,6dfdd7fdb24978a1d22a33d247a0abc98676bbe92584dcf21f6976f22e1ed320,"commit,pr"
github:stigi,stigi,Ullrich Schäfer,585c51c2b0d3036b839e1ff03f243b68fab56dd7b3ffd8d3808dbf19b8bb651c,"commit,pr,pr,pr"
github:stmoreau,stmoreau,stmoreau,,pr
github:stmoy,stmoy,stmoy,,pr
github:stobob,stobob,stobob,,pr
github:stockulus,stockulus,stockulus,,pr
github:strangeliu,strangeliu,strangeliu,,pr
github:stranger26,stranger26,Ho Chin Chee,0d22982f1435221edbcd77f2ee0d02bd67b98ffaa81b473af26b200beeef6393,"commit,pr"
github:strazi,strazi,strazi,233367a704cb4af10bdb24b515b6d6d227b58a7cbad6bc0c60ec3b922f21e54d,"commit,pr"
github:streethawknick,StreethawkNick,StreethawkNick,,pr
github:strindhaug,strindhaug,Stein Strindhaug,3cf9447b8649e47fd3ee2884b0d49c6b78198dd41f0df6719797d5c196500dfa,"commit,pr"
github:strulovich,strulovich,Omer Strulovich,5c7a2ef77d9a785906ef24233d02f707c98abcc3b209ff83d23a784f7eb6a734,commit
github:stryju,stryju,stryju,,pr
github:sttor,sttor,sttor,,pr
github:stu60610,stu60610,John.Yang,1afccb8c808f3ee1e732252611b34a9ecd9d28c92764b33f94eb36393b6ff6fc,"commit,pr"
github:studio3w,studio3w,studio3w,,pr
github:stuffbyliang,StuffByLiang,Liang Liu,8c69895578316660657eae08781c48ee2fd4d42edfe7ac12e3d7093c1a0faf6a,"commit,pr"
github:stwiname,stwiname,stwiname,,pr
github:subeibei,SuBeibei,SuBeibei,,pr
github:subodhsrivastava,subodhsrivastava,subodhsrivastava,,pr
github:subtlegradient,subtleGradient,Thomas Aylott,ef85557388fadb82e64b3472937785ace216d8abbfbaa351dc84b1b1d60a195c,commit
github:succeed2011,succeed2011,succeed2011,,pr
github:sudhirj,sudhirj,sudhirj,,pr
github:sudoplz,SudoPlz,Ioannis Kokkinidis,0b79663796ae9ba450e152f622ac20396d98e59e97d82742e6a626d947c999b2,"commit,pr,pr,pr,pr"
github:sueannioanis,sueannioanis,Sue Ann Ioanis,0bf9df2ee07d1bd3fec11ae7d123f24b883f72b8b24abb2fa497664b20bcb3f6,"commit,pr"
github:suelan,sueLan,sueLan,,pr
github:sugarshin,sugarshin,Shingo Sato,5008bffdf6d152d9c075389796d3162713f2791029736cb83f19545de0949096,commit
github:suhairzain,SuhairZain,Suhair Zain,57dc6ad3ea5db4a680957d68140028cf4aec411e345cef7c29ff48e6c8ad23bd,"commit,pr"
github:sujayjaju,sujayjaju,Sujay Jaju,787c5fc34c761c747c822906bfd2b17d076dc6b787d8109c4e9e8d689f6940c5,"commit,pr"
github:suminkimm,suminkimm,Su Min Kim,dee4049c63836b377dffadc6b52e3eb967626bbeb974af994c9b83d6b071a813,"commit,pr,pr,pr,pr,pr,pr,pr,pr"
github:sumkit,sumkit,Summer Kitahara,2600a8dabf62fa7014ab9aa890140203428995b7a1aa54a02606ee66ea73af17,commit
github:summerkiflain,summerkiflain,summerkiflain,,pr
github:summeryanguang,summerYanguang,summerYanguang,,pr
github:summys,Summys,Summys,,pr
github:sunblaze,sunblaze,sunblaze,,pr
github:sunbreak,Sunbreak,Sunbreak,0ac38bbf881bf999f5764a7b06c07d4ff1effb1095d652443941f16d6e7fce3a,"commit,pr,pr,pr,pr,pr,pr,pr,pr,pr,pr,pr,pr,pr,pr"
github:sundbry,sundbry,Ryan Sundberg,de16c1e42f82ab7beb6408de881429b05914ab26a866e06ce73e9333dab2ec38,"commit,pr"
github:sungjinoh,sungjinoh,osungjin,b7f199affe736ca009d38f8cf72b1b86768c3f392003ba77bd4766e7f0f5ab47,"commit,pr"
github:sungwoncho,sungwoncho,sungwoncho,,pr
github:sunkibaek,sunkibaek,sunkibaek,,pr
github:sunnygurnani,SunnyGurnani,Sunny Gurnani,f8dcbd90f53cc12b8cbc093f0cfd1ccec24c4e501ed7f2f418aa18c1dd00e6a2,"commit,pr"
github:sunnylqm,sunnylqm,Sunny Luo,31bba8f097f6a856b02798dfe3781f52e804cace4a02a96d25648c882cd39cce,"commit,pr,pr,pr,pr,pr,pr,pr,pr,pr,pr,pr,pr,pr,pr,pr,pr,pr,pr,pr,pr,pr,pr,pr,pr,pr,pr,pr,pr,pr,pr,pr,pr,pr,pr,pr,pr,pr,pr,pr,pr,pr,pr,pr,pr,pr,pr,pr,pr,pr,pr,pr,pr,pr,pr,pr,pr,pr,pr,pr,pr,pr,pr,pr,pr,pr,pr,pr,pr,pr,pr,pr,pr,pr,pr,pr,pr,pr,pr,pr,pr,pr,pr,pr,pr,pr,pr,pr,pr,pr,pr,pr,pr,pr,pr,pr,pr,pr,pr,pr,pr,pr,pr,pr,pr,pr"
github:sunshowers,sunshowers,Rain ⁣,8bd9a5ebf126571acc65783f574b2c4c1df54a73cb96b952ed463d5c3791ad3e,commit
github:sunweiyang,sunweiyang,Wei Sun,aa6700525962b37319eab947d219b74e1562f1bbdb222261d216a4eec0e19e74,"commit,pr"
github:sunzhaoyuan,sunzhaoyuan,sunzhaoyuan,,pr
github:sunzhongliangde,sunzhongliangde,sunzhongliangde,,pr
github:superbesse,SuperBesse,SuperBesse,,pr
github:supermarin,supermarin,Marin Usalj,9c0ff7086de023bba88e5bfc8bf76218fbb0bc9d46a4850ea8d9ba8629b353f2,"commit,pr"
github:superyarik,superyarik,superyarik,4740e042c59cf19e2a782cae753d85dc6a16ce0e62da6bc8430f19e67d372821,"commit,pr"
github:suryaansh001,suryaansh001,suryaansh001,,pr
github:sushant-sardeshpande,Sushant-Sardeshpande,Sushant Sardeshpande,9d35eee2daa51eb327bb096142b5c88ec2207a4fff27c8c7f9f8b2a9fdbb2c5c,"commit,pr,pr,pr"
github:susnchen,susnchen,susnchen,,pr
github:svbutko,svbutko,svbutko,7f15092f26528ea0d5988818d4cf4cbe59a6cc987a30b67de9fbc3a4c67ba4c9,"commit,pr,pr"
github:svengiebel,svengiebel,Sven,e68f761e9a7b1cf18808c48ccb132f504b8e630e24cb37b430e503615171b21a,"commit,pr"
github:sveta-k13,Sveta-K13,Sveta-K13,d79f85725a6a87e7ea80a248190ce5bba5b7ffea0f55c296af2ede6962b15e06,"commit,pr"
github:swaagie,Swaagie,Swaagie,,pr
github:swansontec,swansontec,swansontec,,pr
github:swashcap,swashcap,Cory Reed,653fc5964ec99859584866af05bde0a3da3b6f2de47fb02a8e85f89b9951aa0f,"commit,pr,pr,pr"
github:sweatherall,sweatherall,S. Weatherall,a13e6a52aa990a70ea58a212a62ce7a1abadebb41f57ab81ac2f082cb1404e09,"commit,pr"
github:sweggersen,sweggersen,Sam Mathias Weggersen,4f3793eddcb394e3faf8e9edbadafcc0259c2bf0bc3280c0c7c2285270e2d981,"commit,pr,pr,pr,pr,pr"
github:swillard13,swillard13,Shelly Willard,64096d43aeaf86c3e618089aa02a5e38da25fd84300340f760d915a694f1a893,commit
github:swissmanu,swissmanu,Manuel Alabor,c256fb807834f928ce8f6b81a17414eb7a3b1fe80650a09d1a6bba101db1be1b,"commit,pr"
github:swittk,swittk,swittk,7635e3b4f54118dcf818b4d20589f5cace51560804775e052066489ffdd542b2,"commit,pr,pr"
github:swolchok,swolchok,Scott Wolchok,34d9417a322e6bc1b37660acff2379e5c746f7647d841c1c9a20864244268966,commit
github:swordsman-inaction,Swordsman-Inaction,Swordsman-Inaction,87ef3fec3db25f7b6ce239ea7323faa421b3d8c6a62517b72d4cb487f057ebb8,"commit,pr,pr"
github:swrobel,swrobel,Stefan Wrobel,b26489ed992d0aacd531ce2f73eb21dc9e7fd616cf87aaa502ce5f2c34312e24,"commit,pr,pr,pr"
github:sxsing,sxsing,sxsing,,pr
github:syaau,syaau,Ranjan Shrestha,50848700cb5ba75e78d51ba2f61b796984ded936d97320fb7182fbeef77c757c,"commit,pr,pr,pr,pr"
github:sync,sync,sync,,pr
github:sytler,sytler,sytler,,pr
github:szarbartosz,szarbartosz,Bartosz Szar,6970d7d797e1d9a8de0af9d387e699c4748725fb574959d316183b442a3ea7d3,"commit,pr"
github:szymon20000,Szymon20000,Szymon20000,,pr
github:szymonrybczak,szymonrybczak,szymonrybczak,cf95cf7d4343b88b8e886ac670c1f00d8cdf17a512784ff057e60814f52d7070,"commit,pr,pr,pr,pr,pr,pr,pr,pr,pr,pr,pr,pr,pr,pr,pr,pr,pr,pr,pr,pr,pr,pr,pr,pr,pr,pr,pr,pr,pr,pr,pr,pr,pr,pr,pr,pr,pr,pr,pr,pr,pr,pr,pr,pr,pr,pr,pr,pr"
github:t-nanava,t-nanava,t-nanava,,pr
github:t-spoon,T-Spoon,T-Spoon,,pr
github:t4deu,t4deu,Tadeu Valentt,f838d7bc65107f03da53b36efbb8f0db851b619cceacbde491d4370d48598316,"commit,pr,pr,pr"
github:t9-zz,t9-zz,t9-zz,,pr
github:tabrindle,tabrindle,Trevor Brindle,f3cc392985b8777ef22fd66f2cc4015fe9ad169ebfdd9646eb9d5f78fbf7ccab,"commit,pr,pr,pr,pr,pr,pr"
github:tadeuzagallo,tadeuzagallo,Tadeu Zagallo,dd71e4fc5702aa81db3f30fe1c96f9db5f5804268fe8257b308ce199aa0e07d5,"commit,pr,pr,pr,pr,pr,pr,pr,pr,pr,pr,pr,pr,pr,pr,pr,pr,pr"
github:tadevi,tadevi,tadevi,,pr
github:taelimoh,taelimoh,taelimoh,c233339b3695b163b5efb82d89e4cd3fc68b87befca469f3d9a01696d485f925,commit
github:tahnok,tahnok,Wesley Ellis,6f30b736f5e902a45c5065c20d169fc94698917888e137e32b61a3c643f8b9f2,"commit,pr,pr"
github:taibin,taibin,taibin,,pr
github:taisyo7333,taisyo7333,taisyo7333,,pr
github:takeno,Takeno,Matteo Manchi,db33951bac5a3852e0a7c8ea1fef276b7eca3713f5d744615f3a7fd0ab50cb21,"commit,pr"
github:takeru,takeru,sasaki takeru,41a946dd719577351692149345f5150cae818d5c4545532f6e10118c0ad9b43d,"commit,pr"
github:takkanm,takkanm,takkanm,,pr
github:talbenesh,talbenesh,talbenesh,,pr
github:talhaazhar,talhaazhar,talhaazhar,cb25883d03da6a2bd8f218a3b1eeaf2e91311c23f123885c9a1d3ce459349a4f,"commit,pr"
github:talkol,talkol,talkol,,pr
github:tanakaderoy,tanakaderoy,tanakaderoy,,pr
github:tanaytanay,tanaytanay,tanaytanay,,pr
github:tanguyantoine,tanguyantoine,Tanguy Antoine,23e6a222e0bbfa4504cfef94d9b2140ae65f880859bc1593869d47c4cf808a0f,"commit,pr"
github:tantan-tt,TanTan-TT,TanTan-TT,,pr
github:tantawyk,tantawyk,tantawyk,,pr
github:tarunrajput,tarunrajput,tarunrajput,c33d1650b9c58ae5ff293c37943bc39890fa44d95a03ffc1f679348ee0bb4eca,"commit,pr,pr,pr,pr,pr,pr,pr,pr,pr,pr,pr,pr,pr,pr,pr,pr,pr,pr,pr,pr,pr,pr,pr,pr,pr,pr"
github:tatafu,tatafu,tatafu,,pr
github:tatianakapos,TatianaKapos,Tatiana Kapos,e6361ae604942d1147f75c842f3fb889f14273d2dfbc7691a39160622ef62f84,"commit,pr,pr,pr,pr,pr,pr,pr,pr,pr,pr"
github:taylesworth,taylesworth,taylesworth,,pr
github:taylor123,Taylor123,Taylor123,22d4de4c3e8b43a0bd2a01254226bd7b73cfb60ed27dd6fb6ca94aed400d8e7b,"commit,pr,pr,pr"
github:taylorkline,taylorkline,taylorkline,,pr
github:taym95,Taym95,Taym Haddadi,d498ea24f02f9cb20474ed71e2f29942244bf7a86ab5eaca528340be8352da27,"commit,pr"
github:tbash,tbash,T. Brandon Ashley,a7a1a7515779187933a259bbfe6fc846b318ae65556b1be0b3d1938649488cd1,"commit,pr"
github:tchayen,tchayen,tchayen,,pr
github:tck1,tcK1,tcK1,,pr
github:td-tomasz,td-tomasz,td-tomasz,,pr
github:tdekoning,tdekoning,Ted de Koning,071a1cb4b0908d9383d7c24f2b7d6a5974305c06d094f69fc01a3eb1d76def4d,"commit,pr"
github:tdn120,tdn120,tdn120,,pr
github:tdzl2003,tdzl2003,DengYun,6b3f561611df279fe4ba6a32ee6af3bf3049f7f08e756d07d51a8d47d0e582b2,"commit,pr,pr,pr,pr,pr,pr,pr,pr,pr,pr,pr,pr,pr,pr,pr"
github:teameh,teameh,Tieme van Veen,41a84790ee8c255cfd8d8fb685f8ebcb915ddc4134ee52a49cd1047008782b10,"commit,pr,pr,pr,pr,pr"
github:techasit232000,Techasit232000,Techasit232000,,pr
github:techieshark,techieshark,Peter W,b732d3a2a254691bc507174799b36b38483efd3b4aa2b0822c140c80954e49a1,"commit,pr"
github:technikonly,TechnikOnly,TechnikOnly,,pr
github:technikyle,technikyle,futbalguy,c9a359cd74d741368b6927483cdeffcb8baa4e41e53d7267af218360bb9b4089,"commit,pr,pr"
github:tegon,tegon,Leonardo Tegon,bf59eeb3e8733bedbcbc80c9de040602707c6b055825e5a98d164a8810f4312c,"commit,pr,pr"
github:tehfailsafe,tehfailsafe,tehfailsafe,91a7c174d7bb15c386f6e82db983183b10faf939f18483eba683b3a76e564855,"commit,pr,pr"
github:tenodi,tenodi,Tomislav Tenodi,f2930dbd9e7439acb841461b7de65bbde6420ef55de83c84d1ba00661bca8d00,"commit,pr,pr,pr,pr"
github:tepamid,tepamid,Dmitry Petukhov,61d51d511764f4609abc7a867b2866a89827d744587c37316e30ca0dff9fe846,"commit,pr,pr,pr,pr,pr,pr"
github:terran42,terran42,terran42,,pr
github:terribleben,terribleben,Ben Roth,a4e1884f17b63174dfb4bc1f860b3f6fb7a137c3110174f545539172f4bbd255,"commit,pr,pr,pr,pr,pr,pr,pr,pr,pr,pr"
github:terribledev,TerribleDev,Tommy Parnell,dfb55d72f1879996a4c1ece8f072010c8f5827a58244ba09966d86de4919f0cd,"commit,pr"
github:terrysahaidak,terrysahaidak,terrysahaidak,,pr
github:tetra2000,TETRA2000,TETRA2000,f939d2b70b5c91f6e4039490a893f50767cca397acb178f433de390d43f9ec34,"commit,pr,pr"
github:tgoldenberg,tgoldenberg,Thomas Goldenberg,9e015a1b52d8f81cbc73ca6c67c6938698981e1b5d5e59782054069a6e098e4c,"commit,pr,pr"
github:tgrlnc,tgrlnc,Tugrul Ince,08869f35a169fc8db36ef9928cb7419fec01a39c7adb58d35b6d955c1db42eb9,commit
github:th317erd,th317erd,th317erd,,pr
github:thaapasa,thaapasa,thaapasa,,pr
github:thajay,ThaJay,ThaJay,,pr
github:thamnh,Thamnh,Thamnh,,pr
github:thanaen,Thanaen,Thanaen,,pr
github:thanakij,thanakij,thanakij,,pr
github:thans,thans,Tore Hanssen,4c87711a3f2ae29072cf98c6204f88842ddb102205f7e747a6760feb3905b51a,commit
github:the-amrit-mahto-05,THE-Amrit-mahto-05,THE-Amrit-mahto-05,,pr
github:theberg,TheBerg,TheBerg,,pr
github:thebnich,thebnich,thebnich,,pr
github:thecodejack,thecodejack,thecodejack,,pr
github:thecodrr,thecodrr,thecodrr,,pr
github:theduc,TheDuc,TheDuc,,pr
github:theinventor,theinventor,theinventor,,pr
github:thejamesgore,thejamesgore,thejamesgore,,pr
github:thejchap,thejchap,Justin Chapman,eab841c24c42775dd4bf12a28c42762e4a25c3ebd6e9b491bdede5b730ba44bc,"commit,pr"
github:thekevinbrown,thekevinbrown,thekevinbrown,,pr
github:theminerymike,theminerymike,theminerymike,,pr
github:themissouri,TheMissouri,TheMissouri,,pr
github:thenerdguylulu,TheNerdGuyLulu,TheNerdGuyLulu,,pr
github:thenonameguy,thenonameguy,Szabó Krisztián,6b13ecc5d9d72a8cb7836d7cf6234b5d9145030b0a289ac4260c546b9d2939b8,"commit,pr"
github:theoludwig,theoludwig,Théo LUDWIG,c77a078561653729acfe7d6f9ec6c43e0fa8df861db5a7290098d02d08be22a8,"commit,pr,pr"
github:theoy,theoy,Theo Yaung,e664faeb07f3489160d4fe8a3f0077323ff2bd8287cd223e520ba62a10aae148,commit
github:thepaulmcbride,ThePaulMcBride,ThePaulMcBride,,pr
github:therealadum,therealadum,therealadum,,pr
github:therogue76,TheRogue76,Parsa Nasirimehr,f8e8fbdb499e62bbbc215f8078a247127d981423433bd006f46a1603e3e5ff8f,"commit,pr,pr,pr,pr,pr,pr,pr,pr,pr,pr,pr"
github:theseyi,theseyi,theseyi,,pr
github:thevangelist,thevangelist,thevangelist,,pr
github:thevinster,thevinster,Vincent Lee,b8814655eeec98c3ee21b8b4b315c5d95948b80c36f3d42b768a7e1355fb1095,commit
github:thewirv,TheWirv,TheWirv,,pr
github:thiagobrez,thiagobrez,Thiago Brezinski,46bb9655ea6da558be3564148a64433c9e9c61eec444724e9e6e4fba19e53f4f,"commit,pr"
github:thib92,thib92,thib92,60591a34014b49c2ccca10dfbcdacaa17b27ce99157278463ec2797d8d4ed04d,"commit,pr"
github:thierrydh,ThierryDH,ThierryDH,,pr
github:thisbejim,thisbejim,thisbejim,,pr
github:thisisablock,thisisablock,thisisablock,,pr
github:thisisgit,thisisgit,Dong-Hwan Kim,975528d55f811ca704315e0c7294b277050354c096b9db9f718f61900c033c8a,"commit,pr"
github:thisismissem,ThisIsMissEm,ThisIsMissEm,,pr
github:tholcman,tholcman,tholcman,,pr
github:thomas0c,Thomas0c,Thomas Carlson,636dd08f7db14158a2c67207c82ef199eeae55177add9b4002d757c6d86232d2,"commit,pr,pr"
github:thomas101,Thomas101,Thomas Beverley,855f85788d92657392156cb0666ab8ffcafdeb46fe1bcd6953858939c4060a4f,"commit,pr"
github:thomasleplus,thomasleplus,Thomas Leplus,318462f6cb764d58be85cb177d58846b7e0c047aa6ebda5817556c28dd24feac,"commit,pr"
github:thomdixon,thomdixon,Thom Dixon,e4a50c83ce1ee0db7c8c2416dbaa4a1331b5a03e852c77474c540b335264de8d,"commit,pr"
github:thorbenprimke,thorbenprimke,Thorben Primke,58ed096fc22cd460d829e310cc8e796ed8cf4721e0b6d7bbb483fe9dcb4e6a35,"commit,pr,pr"
github:thotegowda,thotegowda,thotegowda,,pr
github:threepointone,threepointone,Sunil Pai,2d0d4051c189e1ed3c96dc119b9911a00620a480f9c8bd24505fda8988e18382,"commit,pr"
github:throwaway-fishery,throwaway-fishery,Breadman Da,0798f7b105923e7fe1be7e54b7beec312dc16feb50bab722a97b987587faf3b4,"commit,pr,pr,pr,pr,pr,pr"
github:thstarshine,thstarshine,thstarshine,,pr
github:thuongtv-vn,thuongtv-vn,thuongtv-vn,,pr
github:thurber,thurber,thurber,,pr
github:thurn,thurn,Derek Thurn,cf1cae3b30bb1222ddcea258f5ad968c3c2e3e9bf3a3d22d088389365fc7c2f3,commit
github:thurt,thurt,thurt,,pr
github:thymikee,thymikee,Michał Pierzchała,f5c574609a4eef0b8496dc7e9b70e3bed53f0acdb6c745bf61cccc2464e3d6bf,"commit,pr,pr,pr,pr,pr,pr,pr,pr,pr,pr,pr,pr,pr,pr,pr,pr,pr,pr,pr,pr,pr,pr,pr,pr,pr,pr,pr,pr,pr,pr,pr,pr,pr,pr,pr,pr,pr,pr,pr,pr,pr,pr,pr,pr,pr,pr"
github:tianjianchn,tianjianchn,tianjianchn,,pr
github:tido64,tido64,Tommy Nguyen,efec7bdc469d4759e7501a91825976c8193319ede9bef227cb3a1961218d3ef8,"commit,pr,pr,pr,pr,pr,pr,pr,pr,pr,pr,pr,pr,pr,pr,pr,pr,pr,pr,pr,pr,pr,pr,pr,pr,pr,pr,pr,pr,pr,pr,pr,pr,pr,pr,pr,pr,pr,pr,pr,pr,pr,pr,pr,pr,pr,pr,pr,pr,pr,pr,pr,pr,pr,pr,pr,pr,pr,pr,pr,pr,pr,pr,pr,pr,pr,pr,pr,pr,pr,pr,pr,pr"
github:tigerc10,TigerC10,Ian Cervantez,c7211b770cdde4c12359971757daa7467dfe6636aac69310b2fba1513b3df43b,"commit,pr"
github:tigerzhang08,tigerzhang08,tigerzhang08,,pr
github:tikitdo,TikiTDO,Tikhon Botchkarev,795aec72dbf7c06543b6e528f58a88762f43f50948bd8b8f1db7cbe5ac8da50e,"commit,pr"
github:tim-ford,tim-ford,tim-ford,,pr
github:timbocole,timbocole,timbocole,5dad7e0bf2049bc97fa60f9144c1cf21d256b0c8c297205e8cc886d0baaac273,"commit,pr"
github:timcreasy,timcreasy,Tim Creasy,64087d36fc0da2e230c21481fe835d4219940fa05eb486d5d01aed960a80a53a,"commit,pr"
github:timfpark,timfpark,Tim Park,cb7d81deb8eeb9afa65e0a4f67773d5fe3958994350074d071c89d235e81ce1e,"commit,pr,pr,pr"
github:timgates42,timgates42,Tim Gates,c40e14e5b93e1a9aeb562ac5e2545b8ba0bc58c03031a39c5c58d0e09a8126b0,"commit,pr,pr"
github:timjacobi,timjacobi,timjacobi,,pr
github:timomeh,timomeh,Timo Mämecke,f681b54389b3479042753d734be53adea33175a75649d5b18c2728da7663405c,"commit,pr"
github:timotew,timotew,timotew,,pr
github:timwangdev,timwangdev,Tim Wang,e448ce58f3406e42e085c683be9f3cb76e04392b3284f2557cd0f0585d16018b,"commit,pr,pr,pr,pr,pr,pr,pr,pr,pr,pr"
github:timzaak,timzaak,timzaak,,pr
github:tinajohnson,tinajohnson,tinajohnson,,pr
github:tinoadev,TinoADev,Tino,c765323586e500be4e3227ba9363390835bf5acb41ce256f362882bc2236270f,"commit,pr"
github:tirao,TiraO,TiraO,,pr
github:tisho,tisho,Tisho Georgiev,c783c0ca096ef799fa659e57e4f740b7bd1752084d3fe0aca20438406f02b10c,"commit,pr"
github:titozzz,Titozzz,Thibault Malbranche,60ea3e2cc2bd487101f88c8065c7f13bf93bae2401880bfd75ce8e8d087f4d9e,"commit,pr,pr,pr,pr,pr,pr,pr,pr,pr,pr,pr,pr,pr,pr,pr,pr,pr,pr,pr,pr,pr,pr,pr,pr,pr,pr,pr,pr,pr,pr,pr"
github:tiziodcaio,tiziodcaio,tiziodcaio,,pr
github:tjkang,tjkang,tjkang,,pr
github:tjzel,tjzel,Tomasz Żelawski,115167341b8016c7be5d2fc1369719752a2134abe2cd89b4961aa18044935f4c,"commit,pr,pr,pr,pr,pr,pr,pr,pr,pr,pr,pr,pr,pr,pr,pr,pr,pr"
github:tkreuder,tkreuder,tkreuder,,pr
github:tkuichooseyou,tkuichooseyou,tkuichooseyou,,pr
github:tlow92,tlow92,tlow92,,pr
github:tlvenn,tlvenn,Christian Meunier,65fc5969fc909c56698541bdb75df78e2daa8972f03357191dc5ca6d816764ae,"commit,pr,pr,pr,pr"
github:tmaszko,TMaszko,TMaszko,d91d7711cacb60095ed8ee95ce510a43e0dfd08b088864cb9f078a50789e1a28,"commit,pr,pr"
github:tmikov,tmikov,tmikov,,pr
github:tmisiukiewicz,TMisiukiewicz,TMisiukiewicz,,pr
github:tmomemt,TMomemt,TMomemt,,pr
github:tmwoodson,tmwoodson,Tamara Woodson,af00c5878a580fab44840b8e207e22afa67997c54e115cd0ad67d9b60752963f,"commit,pr"
github:tnovak,tnovak,Tomislav Novak,2cdd921e68a7a7d29805207642e7b51b78872708746326cfb996bc69f6492e14,"commit,pr,pr,pr"
github:toaima1991-afk,toaima1991-afk,toaima1991-afk,,pr
github:toblux,toblux,toblux,,pr
github:tobua,tobua,Matthias Giger,092a2d4147b890194b8aee0c01cb9a53d9199ab098ca5dfba1499bcea4ad694a,"commit,pr"
github:toby-coding,toby-coding,toby-coding,,pr
github:tobycox,tobycox,Toby Cox,6042fe7584f2a0b8aa38f30b77759101b06f1eda520be89d3b86c8bc2fff1514,"commit,pr,pr"
github:tocalvo,tocalvo,tocalvo,,pr
github:tocttou,tocttou,tocttou,,pr
github:todorone,todorone,todorone,,pr
github:tolbkni,tolbkni,tolbkni,,pr
github:tom-un,tom-un,Tom Underhill,52ecdc272a442cd3dded34f5435f322871f18014cc674956863c08b6a1c5e735,"commit,pr,pr,pr,pr,pr,pr,pr"
github:tom910,Tom910,Andrei Marchenko,f58c64d84433fbb088acb1efec66a6495c719480d3ee62b1cab4e90cea533bc3,"commit,pr,pr,pr"
github:tomashubelbauer,TomasHubelbauer,Tomáš Hübelbauer,381382eaeb556f69bda411c68106944ecfe21ec5326c742c01dffbb88ad9b202,"commit,pr"
github:tomasreimers,tomasreimers,Tomas Reimers,51d98226e7393835d923db4a5313ea753c1c41f693cee620b5e6351e02064ddc,"commit,pr,pr,pr,pr,pr,pr,pr,pr,pr,pr"
github:tomasz-szymanek,tomasz-szymanek,tomasz-szymanek,,pr
github:tomatterton,TomAtterton,Tom Atterton,f0192843febc5b00bc5b2b1516295603a2c37f71742548f2f9d6248312171ab6,"commit,pr,pr"
github:tomauty,tomauty,tomauty,,pr
github:tomcheung,tomcheung,tomcheung,,pr
github:tomduncalf,tomduncalf,Tom Duncalf,5612462cc7bc0f6749b75a305df50a8465ae511070c63656645bbf9dc90ada3b,"commit,pr,pr,pr,pr"
github:tomekvenits,tomekvenits,Venits,309442fcddadfe3a303c4b92ceb51dd04ffcd5fcca6e6a9382f0d345337d21ae,"commit,pr"
github:tomekzaw,tomekzaw,Tomasz Zawadzki,c1e553f428d7d0b665d99b631b0afaf9ed16d9cda1560612e8a08d44a2abe486,"commit,pr,pr,pr,pr,pr,pr,pr,pr,pr,pr,pr,pr,pr,pr,pr,pr,pr,pr,pr,pr,pr"
github:tomkur,tomkur,Tomasz Kurpios,39d9ae846b34d9d1011a307325c9e769df35f3783ab967162a1a150a8d462b26,"commit,pr"
github:tommyh,tommyh,tommyh,,pr
github:tommymchugh,tommymchugh,tommymchugh,,pr
github:tomoima525,tomoima525,Tomoaki Imai,0a3880bdc5e2ee702e2a878e7015f615e5c14bd50696b15f6002b9de97e9f0be,"commit,pr"
github:tomscallon,tomscallon,tomscallon,,pr
github:tomswift,TomSwift,Nick,84c2ba8bf05e5222ba651eb9ad2a335711c13bd0e55dd07765812044e606da8b,"commit,pr,pr"
github:tomtargosz,tomtargosz,Tom Targosz,31a4b98685aca58abe47f4c8b8937138768e73b516efaec7c3be8fb1ab182617,"commit,pr"
github:tomwalters,tomwalters,tomwalters,,pr
github:tonmanayo,tonmanayo,tonmanayo,,pr
github:tony-mk,Tony-MK,Antony M. Kithinzi,7c14f972f70a2c35b8feb44b52f7681a59e01eca4db8168d6e7bbcde9b8201c7,"commit,pr"
github:tonyd33,tonyd33,tonyd33,,pr
github:tonyhb,tonyhb,tonyhb,,pr
github:tonysherbondy,tonysherbondy,Anthony Sherbondy,8f9d3ea03282b584dc692af6a6c5b092a79cdf557e49fd6d712bc2d08a74e6a4,"commit,pr"
github:tonytaing,tonytaing,tonytaing,,pr
github:tonyxiao,tonyxiao,Tony Xiao,b5de928afedf67e8a56b98e4ac3aa8228fb681e9f38e525f1d5479935dbf6271,"commit,pr"
github:toomass,toomass,toomass,4ee002b0c62c6d81579271d166e1516b7b5445fcaf3eb37d9f69fe4e79dd75a8,"commit,pr"
github:tophyr,tophyr,Chris Sarbora,52536e08fdaf1b22c3a77e26f5ec52cf3f32a921055bc5afae15cb66e83b6578,commit
github:tornjv,TornjV,Veljko Tornjanski,61d59a8fec9ca10c4804bebd33ce5d19beab83fb279b8d2bfd56a4a4acce456b,"commit,pr"
github:tossense,tossense,tossense,,pr
github:toukovk,toukovk,Touko Vainio-Kaila,cb3fd7f1694ba5acad4070f138f8fcfaae4d7d9ea4e3e580b87c28743a94647c,"commit,pr,pr"
github:toulouse,toulouse,Andy Toulouse,3cd6b8234afd9495eb75a8f85f3415f1c083ec896f2b50c6b9072af56275bd20,commit
github:toxicfork,toxicFork,toxicFork,,pr
github:tp,tp,Timm Preetz,fa5c9ca8b9084703eb9c65e406f53d9d7556d62771657b69ff460714ece13d05,"commit,pr"
github:tqc,tqc,Tom Clarkson,cf6e38efa68f74e8339158a34df5cef7d2bbf1b0fff1322093d3fe339a46a7ba,"commit,pr,pr,pr"
github:tqpcharlie,tqpcharlie,tqpcharlie,,pr
github:tracyyoung666,tracyyoung666,tracyyoung666,,pr
github:trailblazerr1,Trailblazerr1,Anurag kushwaha,2eb13da7b008d551c6ef5b5e2c5c60b682e42acb8277e07b05f0d1a2bf1dd9ed,"commit,pr"
github:trancever,Trancever,Dawid,06feae8baa8636012069a76ac97408e1d241608dc031f9ede725b892aedeb0e3,"commit,pr"
github:tranluongtuananh,TranLuongTuanAnh,TranLuongTuanAnh,1ce698aba0893664ec1a11904b58007143c7e3740318af682b89c78e426945a5,"commit,pr"
github:transitive-bullshit,transitive-bullshit,Travis Fischer,8ac66c70a7dee8a0b581a6ca124deca5b64a8d8d522929eacbf42e6f82eeb6b9,"commit,pr"
github:trashcoder,trashcoder,trashcoder,e6a1d47e3bf535ad58e398a9a8e84c43ab2fb9b313cff87284c887fc5c3b3e45,"commit,pr,pr,pr,pr"
github:traviswimer,traviswimer,traviswimer,,pr
github:trentrand,trentrand,trentrand,,pr
github:trevorah,trevorah,Andy Trevorah,c6739c659c1f97b87466de045c7f6d221c458d28e754e2c95418f8af8b6701a0,"commit,pr"
github:trevorlasn,trevorlasn,Indrek Lasn,653e51c5bef882956e30f91b14f18e58ffef516f952d3783dc355e2b5560a3ef,"commit,pr"
github:trhaynes,trhaynes,Tom Haynes,bf843758c919670fa85ee1e8cb11592c14f7bff92d22388b234d40dd30a630d6,"commit,pr"
github:trippcr,trippcr,trippcr,,pr
github:tristanbbq,tristanbbq,tristanbbq,,pr
github:tronnatthakorn,TronNatthakorn,TronNatthakorn,,pr
github:trozee,troZee,troZee,852dba3ce431ee13b936b215f912a5fcf21c752b4aeb49f86bf99e929d0417e8,"commit,pr,pr,pr"
github:trueadm,trueadm,Dominic Gannaway,3b9e0e7da6fdbdf784fbf9d6e99fbc208a3a0f05e5dbf4c6d377d1df2d35986c,"commit,pr,pr,pr"
github:tryangul,tryangul,tryangul,,pr
github:tsaichien,tsaichien,Chi Tsai,4f06c7faa534e243ca7d4508699da96e20e44ee45cb65a0c2a8e59b6f2ffc713,"commit,pr,pr,pr,pr,pr,pr,pr,pr,pr,pr,pr,pr,pr,pr,pr,pr,pr,pr,pr,pr,pr,pr,pr,pr,pr,pr,pr,pr,pr"
github:tsangint,tsangint,luckyzeng,5d91b3ffbaa47dd9dc7469df5519ba09906fc4c2e67c634a5a9c45f4dc4174f5,"commit,pr,pr,pr"
github:tsaohucn,tsaohucn,tsaohucn,,pr
github:tsapeta,tsapeta,Tomasz Sapeta,bebbb30816b49dce997347e6a03dec90f17f7ee338569de68c68c3a3f107ec7b,"commit,pr,pr,pr,pr,pr"
github:tsjamm,tsjamm,Sai Teja Jammalamadaka,eddfbcc6062a7044e3258f01cc3d5e2c6d75e5d7dfcdaaff7d1f7781adc6ca0a,"commit,pr"
github:tspanindra,tspanindra,Panindra,dd37b6780102bef45d5a347fdea36705d5401db734d39b49fcf0bd46027ae2a2,"commit,pr"
github:tsuk29,tsuk29,tsuk29,,pr
github:tsunammis,tsunammis,Stan Chollet,04563d32c3914eeb0b32e72053d45dd57b5f1fec4b62fffd86d8a8469a4e4eb1,"commit,pr"
github:tszajna0,tszajna0,Tomasz Szajna,e6325786b4ee3b0dcac7a9e03182cfe194ff3aaae887276ddecbb256bbda55a0,"commit,pr"
github:ttsugriy,ttsugriy,Taras Tsugrii,6979658c395546c91b84df77f9c3fa27f4005a816b57c218939fb11bae59945b,commit
github:tuckerconnelly,tuckerconnelly,Tucker Connelly,26c4ffea89a29e2e9ad79090e6663f53949f22cc464b53a52e73741404a55412,"commit,pr,pr,pr,pr,pr,pr"
github:tunahanbayindir,tunahanbayindir,tunahanbayindir,,pr
github:tuncaulubilge,tuncaulubilge,tuncaulubilge,247bc7d9fe8a723924ab40a7b25a43512b0b26edf9feb662dbbf1e9144f100a9,"commit,pr,pr"
github:turker0,turker0,turker0,,pr
github:turnrye,turnrye,Ryan Turner,755afb8fad5113fa8585fcbe8b368dbfd8007c8b464bcdae1662203233e5810d,"commit,pr,pr,pr"
github:tutejsy,TuTejsy,tutejsy,7de38a10ab02926b7a2895556d8c970adcb8eeec8d57a255d35f1070b9581643,"commit,pr"
github:tuuben,Tuuben,Tuuben,,pr
github:tux2nicolae,tux2nicolae,Telechi Nicolae,59ccaea30409132bc4e89dd9f1c2729d0fd2abffa5934dc7e0c29f10935569f9,"commit,pr"
github:tvalentius,tvalentius,tvalentius,,pr
github:tvanlaerhoven,tvanlaerhoven,Tom Van Laerhoven,239197e05e25a891fb4e30d6039252cd5bbaacebc826e17bb58a54d7d3956288,"commit,pr"
github:tvrqvoise,Tvrqvoise,Tvrqvoise,cc12454b3a3e203eef6f6a516e620829b9e7ec3b1f188e2f82d5771833948b2b,"commit,pr"
github:twasilczyk,twasilczyk,Tomasz Wasilczyk,e0e12a43784bc713e2834a873579a95c6b994d36c78d3b983f1945ba38eddf78,"commit,pr"
github:twelvearrays,twelvearrays,twelvearrays,,pr
github:tyao1,tyao1,Tianyu Yao,576201079443daaca0190ddc1dd0d18e5ef2bc6169e79a914511655a98572966,"commit,pr"
github:tychota,tychota,tychota,7fe1f4d489df8b2256f6dc0b3605b3766987591b6a6f5e694b1827609ae8a7d3,"commit,pr,pr,pr"
github:tyiu,tyiu,Terry Yiu,9ec642edb37fd0b55578966d5f3ebcb0316c026fe563a5816d6a516e5aa863af,"commit,pr"
github:tykus160,tykus160,Wojciech Tyczynski,f44bd1ef656735a553803ad917dadb3f805be96c978c8b142fda7506aea0ca26,"commit,pr"
github:tylermcginnis,tylermcginnis,Tyler McGinnis,5b157b2155f0336e19d5ed4696307af708008b949bd10c700b9410af594f9f5f,"commit,pr,pr,pr,pr,pr"
github:tylersmalley,tylersmalley,tylersmalley,,pr
github:tylinux,tylinux,tylinux,,pr
github:tyrone-sudeium,tyrone-sudeium,Tyrone Trevorrow,f2792ccf19bdd27ef7f13773a1e23cedf395b19e2f2c9d94d6c21592371bfec0,"commit,pr"
github:tyronet-sportsbet,tyronet-sportsbet,tyronet-sportsbet,,pr
github:ubax,Ubax,Ubax,,pr
github:uber5001,uber5001,uber5001,,pr
github:uc-kbish,UC-KBish,UC-KBish,,pr
github:udnisap,udnisap,Pasindu Perera,bf8eda458bfa8b44c3343402f8e91e611aa277567e4ad08c4fa6f61b84f06139,"commit,pr,pr,pr,pr"
github:udoless,udoless,udoless,,pr
github:uidude-fb,uidude-fb,Evan Gilbert,141d2e6ead8ae93b3fe261548647c8bc043fd5c59452364b95fb757074e855ef,commit
github:uk-ar,uk-ar,uk-ar,31a099fe28e755d3b222490afe5fcd7d1a61bf659b71ca0d7b04f1d0c574d62f,"commit,pr"
github:uloco,uloco,Umut Topuzoğlu,24ea97c182e97ef2160078663c2fb16b01be058b2d0b07eab79f9a9a56e8850c,"commit,pr"
github:ultragtx,ultragtx,ultragtx,,pr
github:ultramiraculous,ultramiraculous,Chris Williams,9b5683e4d11c0a3726b42d0378ffec68fbb7e4bbb3b25f5f7b62f5e2f2fba182,"commit,pr,pr,pr"
github:ulyss,ulyss,ulyss,,pr
github:umairda,umairda,umairda,,pr
github:umar-7w4,umar-7w4,umar-7w4,,pr
github:umhan35,umhan35,Zhao Han,d8d92adf7eb9a9d52824d5bef04ffe1e0a25e0b32a62f985d65d013ef07dc465,"commit,pr,pr,pr,pr,pr,pr,pr"
github:ummahusla,ummahusla,ummahusla,,pr
github:unamed000,unamed000,unamed000,,pr
github:unexge,unexge,unexge,8c5a8670ed76dc6774a38d3b95b623e5db080994f81a4c629bb71242cd3629c7,"commit,pr"
github:unidy2002,UNIDY2002,UNIDY2002,1167b43e266691e3dbc9c05177d8818ebd411f96937d4b2626b0ca15f9a3df09,"commit,pr,pr,pr,pr,pr,pr"
github:universalmind303,universalmind303,universalmind303,,pr
github:unodetantos,UnoDeTantos,UnoDeTantos,81b77a0e6ac376d75135406d5fa954911f978f9db31e7c558ae23f23cf37d4cc,"commit,pr"
github:unrain,unrain,unrain,,pr
github:upgle,upgle,"Seong-hyun, Oh",c431dfc9cdbd8c313ce1952db207da758e36ebb6675f6b92269e30c11e1b4952,"commit,pr,pr"
github:uqmessias,uqmessias,Uilque Messias,0f0a4873da1af53c89a779697b8f007175efe23f4fc7eab1e77117a0ceaab8cc,"commit,pr,pr,pr"
github:urbanchrisy,UrbanChrisy,UrbanChrisy,,pr
github:urbancvek,urbancvek,urbancvek,,pr
github:urvashi01,urvashi01,urvashi01,,pr
github:user9109348102340981,User9109348102340981,Stephanie Nicholson,87dba1f04b8254ba84e128c8463b4cdb8a8daf62a7f2c879be1bcf38efc44377,commit
github:usikder,usikder,Uts Sikder,9b3c20ead4190bcaea85037260db99c32dd0badb973f893ffd965e436b38dc70,commit
github:usrbowe,usrbowe,Lukas Kurucz,1f8eb71828397fbc2e430b5f9b816c8d8c265978da4e33e310f748b2863cc164,"commit,pr,pr,pr"
github:utkarsh-dixit,utkarsh-dixit,Utkarsh,41dc6aaf47b0d6da6bdea0d3ef8d2ae65fcc56143f4d45de17c28cac4a955206,"commit,pr,pr,pr,pr,pr"
github:v-fernandez,v-fernandez,Victor Fernandez,c17a0f2e6b0c681534b58a3e6b20eb348d8f49126456172623afd806096d349d,"commit,pr"
github:v-oss891,v-oss891,v-oss891,,pr
github:v2panda,v2panda,v2panda,,pr
github:v4nn4,v4nn4,v4nn4,,pr
github:vadimeremeev,vadimeremeev,vadimeremeev,,pr
github:vafada,vafada,vafada,,pr
github:vahidbo,VahidBo,m30do,6da57db1908b37ef8394133ef214387d1b9b15e61241e85b896084c071a9d5c0,"commit,pr"
github:valscion,valscion,Vesa Laakso,3ff8fd84512086020a5ec5fe8abb4a4e071c81f455412e92210507ea8fb2f063,"commit,pr"
github:vamshi9666,vamshi9666,vamshi9666,,pr
github:vansonleung,VansonLeung,VansonLeung,,pr
github:varungupta85,varungupta85,Varun Gupta,c6d94c21502064632cc7ca5ac62592c36d84630963a78c96bbd044f80af75b03,"commit,pr,pr"
github:varunsh-coder,varunsh-coder,Varun Sharma,0da32cc896107c1791fa675968e53f05b4cba27e4c8f1af366cc838a77622df2,"commit,pr"
github:vascofg,vascofg,vascofg,,pr
github:vasilich6107,vasilich6107,vasilich,80b3b979b2064be1b15c70c59d6a6febdc2463e7d6352b8103e44fac841bff71,"commit,pr"
github:vasun77,vasun77,vasun77,,pr
github:vasylnahuliak,vasylnahuliak,vasylnahuliak,,pr
github:vaukalak,vaukalak,vaukalak,,pr
github:vcalvello,vcalvello,Victor Calvello,69644c298d5bf305f9848a30a8561e4b4febacf721e1a0ad058deb883390a503,"commit,pr,pr,pr"
github:vcapretz,vcapretz,vcapretz,,pr
github:vchenpeng,vchenpeng,vchenpeng,,pr
github:vczero,vczero,vczero,,pr
github:vdel26,vdel26,Victor Delgado,62d355378bbe54d1a67168eb4c5d1592278b2f0260733867dffee537850e6980,"commit,pr"
github:vdmtrv,vdmtrv,Ventsislav Dimitrov,c998a348d7a1d452f56c70dd3ddaaedb0a54c6e7d8c8eda1a290f80eb20bb6d8,"commit,pr,pr,pr"
github:vedadsose,vedadsose,Vedad Sose,2a54da8430d8040000b2b11b85865c9bf0339fe0e8b2184c44db8eb413e7e6cd,"commit,pr"
github:veggiedefender,veggiedefender,veggiedefender,,pr
github:vekerdyb,vekerdyb,vekerdyb,,pr
github:vemarav,vemarav,vemarav,,pr
github:venik,venik,venik,,pr
github:venryx,Venryx,Venryx,52eb8d520546b1e2eadbb0662cd057a23e58e8fdbe2ca33e0f21a123f35030be,"commit,pr"
github:verifiedfan,Verifiedfan,Verifiedfan,,pr
github:veviego,veviego,veviego,,pr
github:veviego-meta,veviego-meta,Vincent Viego,3a04dfc3360f100c96515f1e609c83cd57341c841c74806e84b9fc39e9c98485,commit
github:vevo-heyward-dai,vevo-heyward-dai,vevo-heyward-dai,,pr
github:vicachu42,Vicachu42,Vic,41cb0c6d844d55c8d1dd88415dd882c62941fdd9b6940b7dfe4a9aeada3f0ae4,"commit,pr,pr"
github:vicary,vicary,Vicary A,57fafdc0def783cd2acbfc4c364a16e0f376fb6bf54d1ee4417b08287ac4b626,"commit,pr"
github:vickya371,VickyA371,Vicky Ahuja,b9bfa5ce8106b198f506fb1694ff7c3310ab794b84cbe5ea03670a0e1d5e7fb4,"commit,pr"
github:vidocqh,VidocqH,VidocqH,5c26b93d41d988076f7f3602633c78c135c8645b91e84035650395d4d188a406,"commit,pr"
github:vigzmv,vigzmv,vigzmv,,pr
github:vikassharma96,vikassharma96,vikassharma96,,pr
github:vikeri,vikeri,Viktor Eriksson,5afca2df6d3af0438b97b0f7ebf69a452f364b82027c7b48f526d777d65e46de,"commit,pr"
github:vikkalen,vikkalen,vikkalen,,pr
github:vikrama,vikrama,vikrama,,pr
github:viktorsec,viktorsec,Viktor Seč,092a8a1fc9232cfd8f1a015909f6694118fc0587f22cf178776dfb5fffe515fa,"commit,pr"
github:vin-xi,Vin-Xi,Vin-Xi,9360bc77062abe3c0d39702e75687460020602b32717f8d6fd655f5b5d56aad0,"commit,pr,pr,pr,pr,pr,pr"
github:vinayharwani13,vinayharwani13,Vinay Harwani,2785c6c7a5ca4c992ce81e2b56a02b335fd0b032ffa3e2a11d1b152758df83a2,"commit,pr,pr"
github:vinaynb,vinaynb,vinaynb,,pr
github:vinc3m1,vinc3m1,Vince Mi,0c4ef512649e0c6b18fa49acfb02c2ba291dac0846f29d0fa61554ce1a942999,commit
github:vince0613,Vince0613,Vince Oppedisano,852c2885fcaf9e562081e89a6d1a06a5e2d0078ae53d3365bdc68475b560e176,commit
github:vinceburn,VinceBurn,Vincent Bernier,2c5dc4e7cd547c254f1f6628c9cdb32388d372ea92c6afc227927b6ebded217d,"commit,pr"
github:vincent-paing,vincent-paing,vincent-paing,413ef68f911488546985ca4b2bd0c07bb8ea79f62031e05f5d15fe9ecd731de4,"commit,pr"
github:vincent178,vincent178,vincent178,,pr
github:vincentlanglet,VincentLanglet,Vincent Langlet,362968c0561d203b54915950dc1e8aab4b5ccdbc7dd1508a766d83c3d56064b1,"commit,pr"
github:vincentriemer,vincentriemer,Vincent Riemer,e09f6096a4e2cf5483f85e4a9b19030845a783af87f5d559db1444ec7a4c662d,"commit,pr,pr,pr,pr,pr,pr,pr,pr,pr,pr,pr,pr,pr,pr,pr,pr,pr,pr,pr,pr,pr,pr,pr,pr,pr,pr,pr,pr,pr,pr"
github:vincentvella,vincentvella,vincentvella,,pr
github:vincenzovitale,vincenzovitale,Vincenzo Vitale,dfcc22354edb335743a043de0abff10b717d18cd01db78cf0d8bbf77ace51486,"commit,pr,pr,pr"
github:vinceplusplus,vinceplusplus,vinceplusplus,,pr
github:vinceyuan,vinceyuan,Vince Yuan,aacd8726a23a9e61b1111690b4342de4f5a6cd961697206bba3fed085b7252a3,"commit,pr,pr"
github:vineethkuttan,vineethkuttan,vineethkuttan,b1e72980398e49cfd5041178fe6943533217d9fb5b48904d370f2bb61eb32278,"commit,pr,pr,pr"
github:vinigfer,vinigfer,vinigfer,,pr
github:vinniegarcia,vinniegarcia,Vinnie Garcia,688ce47902a28b8b5fabc3c1c66556f493b5d9d3e6d8fd09dfd1f797383739e2,"commit,pr"
github:viotti,viotti,viotti,,pr
github:vipulnsward,vipulnsward,Vipul A M,3e4437cb6621f51580e945213a1724f86c8e66a2dcfdc152298e195e898d46ef,"commit,pr"
github:viraj-10,Viraj-10,Viraj-10,82e5f8665cd367e15c6d983bcd3d1998a23f69035d931a7f7748b5285153a5d0,"commit,pr"
github:viru86,viru86,viru86,,pr
github:vishalkakadiya,vishalkakadiya,Vishal Kakadiya,f1b12d4d228b95c226a82896810edd868addae7a0f8c6f32794a0d85bda1316c,"commit,pr"
github:vishnevskiy,vishnevskiy,Stanislav Vishnevskiy,ce51465eb91681d9a2d1326a0f1f27cb28a695a567ba183d857261abb9bed84d,"commit,pr,pr,pr"
github:vitalii-tb,vitalii-tb,Vitalii T,7d1946317e8b85cb6f055e7a002021d83f7da11746587eb44ded31e89951e9a6,"commit,pr"
github:vitalis,vitalis,Vitaly Gorodetsky,5c28022ac2b538c3ca62a2f100d30e0c59a27bdc1b26d75839c66e325bace8c9,"commit,pr"
github:vitalyiegorov,vitalyiegorov,Vitaly Iegorov,85a85c12a7115f835ed2c1d0077bc14f339d4733679bc97ef99fcddb37ec73b0,"commit,pr"
github:vitch,vitch,vitch,,pr
github:vitdelit,vitDelit,Vitaly Potyakov,85f10c32fa0303e20b469852b129e627c954dfaa38d2d7cbb76b48ab4ef888f7,"commit,pr"
github:vitor-saldanha,vitor-saldanha,vitor-saldanha,,pr
github:vivaxy,vivaxy,vivaxy,36707d7a4d6a762a500379aa5ec89ee1a3a947e5538b9d0e60fe004e2042017c,"commit,pr"
github:vivekkiran,vivekkiran,vivekkiran,,pr
github:viviancromwell,viviancromwell,viviancromwell,,pr
github:vjeranc,vjeranc,Vjeran Crnjak,e5db5049df282157897a0ddad6258f3ccd5db4c0efc2e7edfac8a9199f007306,"commit,pr"
github:vjeux,vjeux,Christopher Chedeau,b4a5ffe7f96d61f3a2543eef3a3d4da7aba90bd7f10dbc2d37fc85e18a8efde0,"commit,pr,pr,pr,pr,pr,pr,pr,pr,pr,pr,pr,pr,pr,pr,pr,pr,pr,pr,pr,pr,pr,pr,pr,pr,pr,pr,pr,pr,pr,pr,pr,pr,pr,pr,pr,pr,pr,pr,pr,pr,pr,pr,pr,pr,pr,pr,pr,pr,pr,pr,pr,pr,pr,pr,pr,pr,pr,pr,pr,pr,pr,pr,pr,pr,pr,pr,pr,pr,pr,pr,pr,pr,pr,pr,pr,pr,pr,pr,pr,pr,pr,pr,pr,pr,pr,pr,pr,pr,pr,pr,pr,pr,pr,pr,pr,pr,pr,pr,pr"
github:vkarpov15,vkarpov15,Valeri Karpov,f253ac953814ae7b80fad5048ffb17642382155be0cab545c727d020681fffe8,"commit,pr,pr"
github:vkurchatkin,vkurchatkin,Vladimir Kurchatkin,4f269db25ee8c8ed3b85458c532354139ad49fd8e61a491193624ab94c2b45d4,"commit,pr"
github:vladd-g,vladd-g,vlad,717011500c396b3ab10af6fe9c2ecd3cb0c5373fc1e97d6da1d043a31d825703,"commit,pr"
github:vladimir-kotikov,vladimir-kotikov,Vladimir Kotikov,89c59011c4a3c5a84a8dfc56f07359189e3b81b46e30d1b9834f14c996f82ac1,"commit,pr,pr,pr"
github:vladimirivanoviliev,vladimirivanoviliev,Vladimir Iliev,1541562dba65d38fbb4a4a4b4ee2eb9217bee3cdb050e770c080ffd4e335872f,"commit,pr"
github:vladimirmakaev,VladimirMakaev,Vladimir Makaev,7a26add1ca2bb465db6b461da096cd3d7fd8304ced6fab645c1c7238e3eeb186,commit
github:vladstoick,vladstoick,Vlad Stoica,3def3d2aee50bb5651e811da92d56842784abd6a06f0b70dec69b5185e87ac9b,commit
github:vlazdra,vlazdra,vlazdra,,pr
github:vmoroz,vmoroz,Vladimir Morozov,2fa17a7ca48f69d075f3363b522d92eb12d33577d9442d45101081852097881c,"commit,pr"
github:voideanvalue,voideanvalue,Bhuwan Khattar,d40244d9b0be96d186432836d3e588ced5423b55b277c098d7b85ef1c78db900,commit
github:vojtechbartos,VojtechBartos,Vojta Bartos,c70bc70bdc16a9fd5c18a5df006bac177486293d92f314644517acb007187213,"commit,pr,pr"
github:vomchik,vomchik,vomchik,,pr
github:vond,VonD,VonD,9e918453dafee6e564affbf1d0877fcad62b0eaa9a15b20bc03a22c0b5530df7,"commit,pr"
github:vonovak,vonovak,Vojtech Novak,4410c642c09b460f268cc03956f3e94117759100d02463d709011e96c005b3cf,"commit,pr,pr,pr,pr,pr,pr,pr,pr,pr,pr,pr,pr,pr,pr,pr,pr,pr,pr,pr,pr,pr,pr,pr,pr,pr,pr,pr,pr,pr,pr,pr,pr,pr,pr,pr,pr,pr,pr,pr,pr,pr,pr,pr,pr,pr,pr,pr,pr,pr,pr,pr,pr,pr,pr,pr,pr,pr,pr,pr,pr,pr,pr,pr,pr,pr"
github:vorjdux,vorjdux,Matheus Santos,d33c8698cdb32828be7ff4188efd7a468e3668893c282db81c41c24c5cd70e77,"commit,pr"
github:vorpus,vorpus,vorpus,,pr
github:vovanmozg,vovanmozg,vovanmozg,,pr
github:vovkasm,vovkasm,Vladimir Timofeev,ef17893ecab2278ab1176bee42644b7dd7cef75f8b8f4a504cb8d3b8b0e480ff,"commit,pr,pr,pr,pr,pr,pr"
github:vpicone,vpicone,Vince Picone,889d23eeaa29a3b6ddfe8134912c7d87479cfde61dc9fc77b1ec4df50e12bd8d,"commit,pr"
github:vreality64,vreality64,Ian Park,3e18a9d3f79fc526e98585495a45b8680147fde11ab6b219a1c23559abdea626,"commit,pr"
github:vschlattinger,VSchlattinger,Valentin Schlattinger,608ede4c783eb780ab8041bb1f0cea70526fd9d3d38561dcde8273f62fd7ffcf,"commit,pr"
github:vschs007,vschs007,vschs007,,pr
github:vshab,vshab,Vladislav Shabanov,4e5c3f306d85605891162096c8b70440d5e7ab87f9e3b7bc69d0ccc154aa9845,"commit,pr"
github:vsona,vsona,vsona,,pr
github:vtorosyan,vtorosyan,vtorosyan,,pr
github:vyazovoy,Vyazovoy,Vyazovoy,,pr
github:vzaidman,vzaidman,Vitali Zaidman,3dd70e1c041ff266be1d2d68bad02a2509d689aa0bbf918f4591afa5c3ba2c9c,"commit,pr,pr,pr,pr,pr,pr,pr,pr,pr,pr,pr,pr,pr,pr,pr,pr,pr,pr,pr,pr,pr,pr,pr,pr,pr,pr,pr,pr,pr,pr,pr,pr,pr,pr,pr,pr,pr,pr,pr,pr,pr,pr,pr,pr,pr,pr,pr,pr,pr,pr,pr,pr,pr,pr,pr,pr,pr,pr,pr,pr,pr,pr,pr,pr,pr,pr,pr,pr,pr,pr,pr,pr,pr,pr,pr,pr,pr,pr,pr,pr,pr,pr,pr,pr,pr,pr,pr,pr,pr,pr,pr,pr,pr,pr,pr,pr,pr,pr,pr,pr,pr,pr,pr,pr,pr,pr,pr,pr,pr,pr,pr,pr,pr,pr,pr,pr,pr,pr,pr,pr,pr,pr,pr,pr,pr,pr,pr"
github:vzdravkovic9,vzdravkovic9,Vladimir Zdravkovic,5db64f48768d5c9db7c15b32b9ada2d47182475459301fe96f691229912a4aef,commit
github:wadewegner,wadewegner,wadewegner,,pr
github:waldojeffers,WaldoJeffers,Achille Urbain,f5bbd4d3804b16f62f183b432b630a5cf3092828b63b27701f718ca0f82bb28a,"commit,pr"
github:walsberger,walsberger,Nelen,5fc3a244548d6e7ce381195e105cd64492f084af8bd5dd487de1c0f4393e2351,commit
github:wanderwang,WanderWang,WanderWang,,pr
github:wangchou,wangchou,wangchou,,pr
github:wangii,wangii,wangii,,pr
github:wangjoshuah,wangjoshuah,Joshua Wang,039825fc53666586e540832ed118ef2acfbfaccf59fcc31f9b9f6b50ebccaba9,"commit,pr,pr"
github:wanone,wanone,wanone,,pr
github:war-in,war-in,war-in,dcd6a3b868718eba1792e9e88669e83c700766b4b273bbbd09ebdd5fb13b1516,"commit,pr,pr,pr"
github:warejohn,warejohn,warejohn,,pr
github:wasabia,wasabia,themorecolor@gmail.com,b482b3ab6f42345612513924445e789205ccaadfe7669032ad3653c77822cebf,"commit,pr,pr"
github:watanabeyu,watanabeyu,Yu Watanabe,fb336457bc0dc489a1ca10d1afc3dc60592095bd4f75db9e857184414243321a,"commit,pr,pr,pr"
github:waywardmonkeys,waywardmonkeys,Bruce Mitchener,03c0d50b924972a875f087adda8e7b1497534549dd322d825c5c548c0b14f98e,commit
github:wcandillon,wcandillon,William Candillon,6a570dec2263ab8bc250e0bd9d470a11a21d2a8f3b0da08673d96fe25aa80ce0,"commit,pr,pr,pr,pr,pr,pr"
github:wd39,wd39,wd39,4d02379ce2586508c1b49ca783719d9c2d539bfdb35ad8b565bb3b6dae256b4c,"commit,pr"
github:wddwycc,wddwycc,duan,8a24073c5044a59c583130050a77300efe8af5dc163e652c5e2f80a5764d61c0,"commit,pr"
github:webmariner,webmariner,James Timmons,10250c2e5819a617f1a49235ba0e646b7d1a6754872bf09ae33cbe2bbe288726,"commit,pr"
github:webwelten,webwelten,Michael Abt,0d41bc476bf4b482187d7e6a73490bd08b1821a60d7da8ac5da82615e2e941a9,"commit,pr"
github:weicool,weicool,Wei Yeh,87433973d50a583e3f388aec055c9524bb7abb878d1b300f5507eda335bdc23a,"commit,pr"
github:weih9,weih9,Wei Han,69f424af1cedc1a7d998c11e5dd9198ec2ef93df6500312676b80197c1d1bade,"commit,pr"
github:weihanyau,weihanyau,weihanyau,,pr
github:weixiyen,weixiyen,Weixi Yen,d1928345a03770e253ce0b325aa7c3c75861a18a7b222a1bbcb1b6db37766c22,"commit,pr,pr,pr"
github:wellmonge,wellmonge,Wellinton Monge,a068cbae0512c66b7d9450006b436f3c7be68c31e803f1882d0237f474c66064,"commit,pr"
github:wem2017,wem2017,wem2017,,pr
github:wenkesj,wenkesj,wenkesj,,pr
github:wenpkpk,wenpkpk,wenpkpk,,pr
github:wenxing1245,wenxing1245,wenxing1245,,pr
github:wesley1001,wesley1001,wesley1001,,pr
github:westd,westd,westd,,pr
github:wfern,wfern,William Fernandes,191af26cf21077a79c99be97a1a09f46f97d8d2584f34a203e210ff65cdfa4ee,"commit,pr"
github:wgywgy,wgywgy,wgywgy,,pr
github:wh201906,wh201906,wh201906,ec253abf2321735f1d4d36a0338752d03a0c18fabe4222108c86daa61c34e790,"commit,pr"
github:whatisyourname0,whatisyourname0,whatisyourname0,,pr
github:whitedogg13,whitedogg13,whitedogg13,,pr
github:whitehatcip,whiteHatCip,whiteHatCip,,pr
github:whois-pk,whois-pk,Pankaj Khushalani,8ec4b7d4d792009644714ff85b666459a83d6fcec677deb07c447d91216f527a,"commit,pr"
github:whoyawn,whoyawn,whoyawn,,pr
github:wietsevenema,wietsevenema,wietsevenema,,pr
github:wildseansy,wildseansy,Sean Holbert,99911e4c8e6a1bb9cb8157897f50647e72865e8e97eb26493731c925951198f1,"commit,pr,pr"
github:wilhelmeek,wilhelmeek,wilhelmeek,,pr
github:willchu,willchu,Will,73f399f0678965cdbe9469a0e47103c1f0304075f9bf83d2976bd84eeef6a613,"commit,pr"
github:willdurand,willdurand,William Durand,6a0bcf713eff1af3d37c1be06fbb21324a73352820b4bf4464fdae17a8681dae,"commit,pr"
github:willfong,willfong,willfong,,pr
github:willholen,willholen,Will Holen,24a80f457f4345bf29975860244cdd65311780fc7b7e5bc5b22c0ebf813e2b1d,"commit,pr"
github:williamtstanley,williamtstanley,williamtstanley,,pr
github:williamtwilson,williamtwilson,Will Wilson,68ebc5957790358297c3bb5e2f3c80fc7c17b36893b1efc34b1aab128973534a,"commit,pr"
github:willorfang,willorfang,willorfang,,pr
github:willpiers,willpiers,willpiers,,pr
github:willsawyerrrr,willsawyerrrr,William Sawyer,25a68394b09efa870bb8b3fab5e22de1c4f9dbefb6fbc6db408589df46185cc5,"commit,pr"
github:willspag,willspag,Will Spagnoli,497ebcbeca4ad9c1831defd126c29440297b043500227f6b05965d5521a21610,"commit,pr"
github:willthefirst,willthefirst,Will Moritz,fdc106e44997b1853a6c03cb00f94d513d9c8dcd7aeb9a01b4eb159ab88bc477,"commit,pr,pr"
github:wilsonpage,wilsonpage,wilsonpage,,pr
github:winfieldco,winfieldco,winfieldco,,pr
github:winkervsbecks,winkerVSbecks,Varun Vachhar,ece57d0fed7ee8ae036cbef23f84b3ac221aca0f978dc4e04511711488837ddd,"commit,pr"
github:winterbe,winterbe,Benjamin Winterberg,b5f1a968ee47525509c41feb522ecb4edd3cf8cfdf99c8bce6167e8befd51f19,"commit,pr,pr"
github:wiseqingyang,wiseqingyang,wiseqingyang,,pr
github:with-me,with-me,with-me,,pr
github:wiyarmir,wiyarmir,Guillermo Orellana,183107a213308342e23fc8fa45a63ba6b05a50b8fcc310c52f42a22848e02b4c,"commit,pr"
github:wja123,wja123,wja123,,pr
github:wjaykim,wjaykim,wjaykim,,pr
github:wkozyra95,wkozyra95,wkozyra95,,pr
github:wli,wli,William Li,d726cbab2a9e7c7a2256ae0732a8fbb52b25b8f76581dbf21b4a187cee4250a9,"commit,pr"
github:wmcbain,wmcbain,wmcbain,,pr
github:wneel,wneel,wneel,,pr
github:woehrl01,woehrl01,Lukas Wöhrl,9d3bfc494f386670d75f2fa4b1b64e1666dd692119c3e43dacaa2c173b60b35a,commit
github:wojciechloboda,wojciechloboda,wojciechloboda,,pr
github:wojteg1337,wojteg1337,Wojteg1337,4d8a22fc37641cf517bd2761eb876695db88a107bd2ab1c11c66e2491ae91dac,"commit,pr,pr,pr"
github:wokalski,wokalski,Wojtek Czekalski,e9e271589c8868dbc96c971407274f229bdfb12529c1cf8e43c49c89044e31f3,"commit,pr,pr"
github:wolewicki,WoLewicki,Wojciech Lewicki,21740af90fd6ca4e28900ac05eec63de7eb30408a46d48fdbb3d216bae16b555,"commit,pr,pr,pr,pr,pr,pr,pr,pr,pr,pr,pr,pr,pr,pr,pr,pr,pr,pr,pr,pr"
github:wolf-at-mystro,wolf-at-mystro,wolf-at-mystro,,pr
github:wolfgang42,wolfgang42,wolfgang42,,pr
github:wolfulus,WoLfulus,WoLfulus,,pr
github:wonshaw,WonShaw,WonShaw,,pr
github:wood1986,wood1986,wood1986,3af223b331a5ba56ab97f8fc4291dc0334998593e09c63fb64db02a5036ef44a,"commit,pr,pr"
github:woodpav,woodpav,woodpav,,pr
github:wookiefpv,WookieFPV,WookieFPV,,pr
github:wootsbot,wootsbot,Jorge Luis Calleja Alvarado,9d0380fe1cbb7f656145d7aa6e1dc09510a4741692c257802b784147681e959f,"commit,pr"
github:worldask,worldask,worldask,,pr
github:worm-emoji,worm-emoji,worm-emoji,,pr
github:woxtu,woxtu,woxtu,a9f70ff2cce42939beb00a2105e5a700b9330c838413eb91d4154a827a1bd50b,"commit,pr,pr"
github:wschurman,wschurman,Will Schurman,fc90061d8e01ccbebf0443745c51912cfa9fd1bd08006eb8d0a075b355d9207e,"commit,pr,pr"
github:wsun,wsun,Will Sun,9bdb27de480a26eceaa209a2c18aef3dbdbb7cd46e8b766705f280fd02cc34c6,"commit,pr"
github:wsxyeah,wsxyeah,wsxyeah,,pr
github:wtfil,wtfil,Evgen Filatov,df7557203c8113b2be8e8a2ebd141b3f0b79e350c9986b198a8f53f07e5fa954,"commit,pr"
github:wtfleming,wtfleming,Will Fleming,c3f28b0c900003206cceac1873ab3227ee38a65c04377bf345eef008c93d861c,"commit,pr"
github:wub,wub,Jarrod Mosen,61c5cf4e67eb72e82cd46ba73032e19c38809997dc78f3a169f58e33217eac37,"commit,pr"
github:wugpro,WugPro,WugPro,,pr
github:wusuopu,wusuopu,wusuopu,d3c2a0e8f041a8b7fdb0716fcea3aab120ed0a551a09965132a830fe876a3524,"commit,pr,pr,pr,pr,pr"
github:wv1124,wv1124,wv1124,,pr
github:wvengen,wvengen,wvengen,9babc7a699baf807335675641de8c5781bc9a4db486347be9f5cbd6a04029355,"commit,pr"
github:wwalser,wwalser,Wesley Walser,1b9debab39b1cc66b1882ce97c4bad6e8f084b0b29fb3ed80c852eeb1b9b80c1,commit
github:wwwillchen,wwwillchen,wwwillchen,,pr
github:wwwsevolod,wwwsevolod,wwwsevolod,,pr
github:wyattacedia,wyattacedia,wyattacedia,,pr
github:x-dune,x-dune,x-dune,ad6b7658aa4300817f0f326502f5ea20675f484e08dc60f7155df56c497c854d,"commit,pr"
github:xantredev,XantreDev,XantreGodlike,84aa515d6dc66ceac343b0b978fa53fdda196acd8b9f0685452ddbbb57d97754,"commit,pr"
github:xavdid,xavdid,David Brownman,c28a9a78f2bc239413cd0a8ade8b821c6f5c2b83ad75044f19958cb2cc1d8519,"commit,pr"
github:xavier-villelegier,xavier-villelegier,Xavier Villelégier,be6e18d262e8b42740c0740155432ea6899cbbf5e13e023deecc4804b9d734ea,"commit,pr"
github:xavierd,xavierd,Xavier Deguillard,6aab46abd74a72d45af3fa126b4866f5d89560aa85cd047e93df3ccfa09a7deb,commit
github:xcarpentier,xcarpentier,Xavier Carpentier,4fe5be1a78e49d7f22295b33f0d714c741813bfbfc242b0ca47a6c88fda5c116,"commit,pr,pr,pr"
github:xcatliu,xcatliu,xcatliu,b329c4895e8781b5cb3a9c0ff344eb768fd0ccd7cbf7e9c0e0eeefdc0e434b9c,"commit,pr"
github:xcdx80,xcdx80,xcdx80,,pr
github:xcuyao,xcuYao,xcuYao,,pr
github:xepherjin,XepherJin,RetroXeusPoktan,ad2d6ba04903d4d7ccfa41b659aefcc8191fe270c0fc1bb56e07e693fa1ffc22,"commit,pr"
github:xhmm,XHMM,XHMM,,pr
github:xianglinhe,xianglinhe,xianglinhe,38086af1cb7a75210abffffd387d536188f0507d294817575d4351aad5bd2ee4,"commit,pr"
github:xiankuncheng,xiankuncheng,Xiankun Cheng,178294b72d39339a14fcd4c1a13fd1136a026da929d30c917086288430d0c3f9,"commit,pr"
github:xiehui999,xiehui999,xiehui999,,pr
github:xieswufe,xieswufe,xieswufe,,pr
github:xiewang,xiewang,xiewang,,pr
github:xing-zheng,xing-zheng,Xing Zheng,c811519ca19954c011dd93e3bf813e6e7f5e45f4026d0e440ccdc6b3f74a0271,"commit,pr,pr"
github:xinthink,xinthink,Think Wu,6fd1464b3312a56ac896e774475739a183aabb7fc04d2b4fd812b14d133ce5ca,"commit,pr,pr"
github:xintre,Xintre,Natalia,24462a98f9474d5eabda4c050f5be72ebfa2dc95c6eb5f577d46ae9477661019,"commit,pr"
github:xixiliran,xixiliran,xixiliran,,pr
github:xixixao,xixixao,Michal Srb,94ff8c499a9d306f45e0e97adfcd6a582c1fe6d743add3ef71bf4c7b188c68fe,"commit,pr,pr,pr,pr,pr,pr,pr"
github:xkrsz,xkrsz,xkrsz,,pr
github:xleoooo,xleoooo,Leon Xu,cc884cf5a7b57b7f0d9fd7bb2aa2571a7079e97960bc5ee704355435910abd8f,"commit,pr,pr,pr"
github:xml,xml,Christian Lilley,5559d455587f2499266b99fce6256ff2dd95234fc39e763791450a7edb9bb100,"commit,pr"
github:xqwzts,xqwzts,Victor Choueiri,997756361fdc5465718a4654868ba049e2b539b1a5452dd76b6ff227c4d0e142,"commit,pr,pr"
github:xrahul,xRahul,Rahul Jain,f40c81e2b61715fa5d2833b476b5f9c9c0e4c0272bf517da19b329cbff67b998,"commit,pr"
github:xsjctony,xsjcTony,Aelita,d967c9c40323588163297626364d742d6ffdce7f51f4c84ff82a1d1e456b919c,"commit,pr"
github:xsyki,xSyki,xSyki,2f7d08ef4cc5563b34a9c29ff2073ec11dfb1123e557cb1a35c18768cb37bbbf,"commit,pr"
github:xtabbas,xtabbas,xtabbas,,pr
github:xuelgong,xuelgong,Sharon Gong,c8026c6c58409e5be71e4b57e673c8ef5fdcb71be0b7f952255b054f3805f3c7,"commit,pr,pr,pr,pr,pr,pr"
github:xujinyang,xujinyang,xujinyang,ce9e9fc37f37b85df3ce0b6a56d9d3e0f46697dd0aa72fcf5d689368add0f679,"commit,pr,pr,pr,pr,pr,pr"
github:xuyueee,xuyueee,Yue Xu,f60d81ca5192e1cce5781a7b03cdcd8c65779567bc424d15274233913c386d3a,commit
github:xxrlzzz,xxrlzzz,xxrlzzz,,pr
github:xxsnakerxx,xxsnakerxx,xxsnakerxx,,pr
github:xymostech,xymostech,Emily Eisenberg,33ac8ebf81064942021e993c8cf29a777fe4a89d3fb7dd95fc0ebbde2ba65421,"commit,pr"
github:xyx2011,xyx2011,xyx2011,,pr
github:xzilja,xzilja,xzilja,,pr
github:yacosdad,yacosdad,Gene,4a226eb4fdb8c1989315a27bfafc61851484ec1135fe1ff55f042ec60a56a640,"commit,pr,pr,pr,pr"
github:yairk,yairk,yairk,,pr
github:yairopro,yairopro,yairopro,,pr
github:yajihum,yajihum,yajihum,,pr
github:yajur-grover,Yajur-Grover,Yajur Grover,d1832c3cbdade46a78979adec662f886ed15a81d0bc9936576bc9231ec45f2f8,"commit,pr"
github:yakupozbaydar,yakupozbaydar,yakupozbaydar,,pr
github:yamill,yamill,Yamill Vallecillo,35d350769cfa5ea8785e76c60dee00a825ead3a755b13d5b9974ab22c1de3909,"commit,pr,pr,pr,pr,pr,pr,pr,pr"
github:yanbober,yanbober,yanbober,,pr
github:yancouto,yancouto,Yan Soares Couto,4ee1016e66ede1559f7b7f90d27fdf061f181bced4f9606932ef36236d82d4c3,commit
github:yanfeng42,yanfeng42,yanfeng42,,pr
github:yangguang2009,yangguang2009,yangguang,330f79be245479d1953b8d67c44b826cc3ddc792765625e9b698ad5885c580f1,"commit,pr"
github:yangjonghun,YangJonghun,YangJH,a9558fa2e6bc0113ed5547d9d8c8b777e8939d88c07228e0347cde2567623b41,"commit,pr,pr"
github:yangli-io,yangli-io,yangli-io,,pr
github:yangweigbh,yangweigbh,yangweigbh,,pr
github:yannic,Yannic,Yannic Bonenberger,b3ba4771b7ff9c266b02fbf125ce837ffb5ce3124522b9b1d1fb4fb922c9837c,commit
github:yannickl,yannickl,Yannick Loriot,2948799f91f3f1658ea073455645be0041900d98c8b985ef350d87984efc1ba8,"commit,pr,pr,pr,pr,pr"
github:yanniski,yanniski,yanniski,,pr
github:yardenphy,yardenPhy,yardenPhy,56c57b445f87e48cf395942c053e390b01f0d4e520e6f76a4ada05e544ba2edb,commit
github:yardenshacham,yardenShacham,yardenShacham,,pr
github:yarivkenan,yarivkenan,Yariv Kenan,8e72d6c837728e056625af03572242da800c18a78acd679a11cb1d3f10036b7e,"commit,pr"
github:yas375,yas375,Victor Ilyukevich,5f011946540d77b56af1f97f785e8056246c809868c396ebf87083a53873289d,"commit,pr"
github:yasemincidem,yasemincidem,yasemincidem,,pr
github:yashsoni369,yashsoni369,yashsoni369,,pr
github:yashwardhan7,yashwardhan7,yashwardhan7,,pr
github:yasincidem,yasincidem,Yasin Çidem,12d5c25a55a651393ffa27e8acfa19f82a5429f445942376374b9c54699e10a3,"commit,pr"
github:yasir6jan,yasir6jan,Mohd. Yasir Ansari,01ce56e7095ce0d10a55b42ba53d0e008e403a24d0c45a153428a96f2fc86efc,"commit,pr,pr,pr"
github:yasser-g,Yasser-G,Yasser-G,,pr
github:yatatsu,yatatsu,yatatsu,90b383748775bf6aafc169b3635fc5e11ce90a81f94e81834a6d1c76048b6410,"commit,pr"
github:yatchoi,yatchoi,yatchoi,,pr
github:yavuzceliker,yavuzceliker,yavuzceliker,,pr
github:yeahdongcn,yeahdongcn,R0CKSTAR,55d23a9eaa7102a9e2291ec8d2b6f65e0529c251d477e065d2ba62c66a98ed99,"commit,pr"
github:yeatszhang,yeatszhang,yeatszhang,,pr
github:yedidyak,yedidyak,Yedidya Kennard,1dedffd247f99f1a2037948155adecde1f1e5546c5eb213d36c2def679ec7fb2,"commit,pr,pr,pr,pr,pr"
github:yelled3,yelled3,Adam Farhi,f932726733e806ae090f88f85cecd15af9e527213a2e183cc97fe0a9be1d106c,"commit,pr,pr"
github:yeri-kim,Yeri-Kim,Yeri-Kim,,pr
github:yesman317,yesman317,yesman317,,pr
github:yesmeck,yesmeck,yesmeck,,pr
github:yfeldblum,yfeldblum,Yedidya Feldblum,531759d52a72482dc7519e468479a4b2f3ccaa60bd51458e66d5512f98244a3c,"commit,pr,pr,pr,pr,pr,pr"
github:ygongdev,ygongdev,Yicheng (Jerry) Gong,afdd10c0b7011d078218764f78b2a83cfd49daa35d924d51852741aa720a61b4,commit
github:yhkaplan,yhkaplan,Joshua Kaplan,86888c8426b3626f27ef52f3c9b16a80109e6f1cef3b8f88a3f73a93a3c4734f,"commit,pr,pr"
github:yiding,yiding,Yiding Jia,59e784392c05fe19ef5fb553df0cc44f098e82f6b398eb28ce0583cc7afdfb3e,commit
github:yihanseattle,yihanseattle,yihanseattle,,pr
github:yihuang,yihuang,yihuang,88c79b1251c0b918502d0b17da350a3a7ef34fcf3cf7543f90f5f8c55159c32d,commit
github:yiminghe,yiminghe,yiminghe,7827d3300d5b5d1417ab8c981c4641127699c22feeeb3a01482fe05d9f1936e3,"commit,pr"
github:yisun,yisun,Yi Sun,fb8167a0aedf6f9a6e1f08f9da87fa0cde7a0ed97ebba016ce2e843b6d8aa647,commit
github:yjh0502,yjh0502,Jihyun Yu,fce033d386c0c7b4a32a07f937ba2378aeec6a7b4ae201cc2b6dabb58048df0c,"commit,pr"
github:yjose,yjose,Youssouf El Azizi,5dd6b6abbd72777f228d8c2dbd82c5072f290afadeb09a698a2a5de610ced122,"commit,pr"
github:yjtpinelabs,yjtpinelabs,yjtpinelabs,,pr
github:yk3372,yk3372,yk3372,5da56cc850babbdd6ba472288a485625e2cdbbaf428020ebca820d3de1cfd57e,"commit,pr,pr,pr,pr,pr"
github:ykumthekar4929,ykumthekar4929,ykumthekar4929,,pr
github:ykzts,ykzts,Yamagishi Kazutoshi,7b60d1cca8dedb59c1de8ce4c892825bc6dd639d42d93c590029431f3d3da19e,"commit,pr"
github:ymmuse,ymmuse,ymmuse,8946369059ade41a04384b5693325b36c4c05a68ed8e4a97c7d97050b91b7c3f,"commit,pr"
github:yns88,yns88,Yunus Rahbar,79f92dc4052a029f4cc1a0e813c4fd9d00b5131181df01a04ec48e90d6d3da2e,"commit,pr"
github:yoel311,YOEL311,YOEL311,,pr
github:yogasw,yogasw,Yoga Setiawan,a089156b6a2add0a8f0e15f02c067f9c176d5267a6db4e64ae659962fa700a37,"commit,pr"
github:yogeshpaliyal,yogeshpaliyal,Yogesh Choudhary Paliyal,e27cc7ca043a74115853288b442de36609343a2c9622edd588a11358f3c73572,"commit,pr"
github:yogevbd,yogevbd,Yogev Ben David,969227f60a0c16db4381309820d133c518958954a7b5e9611874adacd74ea4a5,"commit,pr"
github:yoichitgy,yoichitgy,yoichitgy,,pr
github:yolosaucisson,yolosaucisson,yolosaucisson,,pr
github:yonahkarp,YonahKarp,YonahKarp,,pr
github:yonom,Yonom,Simon Farshid,c449791bf99dd3e0fcfd8241afd2be239316aaf68985307cd28f6955be9fbe7c,"commit,pr,pr,pr,pr"
github:yorkie,yorkie,yorkie,,pr
github:youedd,youedd,youedd,ffed42421984e74411149715d32a517cbaee3f643c3f04bbbb1b608a54c3c6c0,"commit,pr,pr,pr,pr,pr"
github:youngjl1,youngjl1,youngjl1,,pr
github:younthu,younthu,Andrew Yang,0b63d23b9332bd6617c84515ea082c086ed493b203bec349b4fbbb75395ed469,"commit,pr,pr,pr"
github:youssefsamih,youssefSamih,youssefSamih,,pr
github:yqwed,Yqwed,Yqwed,,pr
github:yshing,yshing,Y.Shing,9675642fbe2b3cbcf30303beca05d5ff6afd39a31ac4e11280aaf190a4cc2686,"commit,pr"
github:ytqiu,ytqiu,ytqiu,,pr
github:yu-w,Yu-w,Yu Wang,4396e27b44bfcadeb8820c0510462ae16e73ab4acb67d485021c5c1470c3ea08,commit
github:yuanbogeng,yuanboGeng,yuanboGeng,,pr
github:yuandufb,YuanDuFB,Yuan Du,a14dd7d8210252782bd66fe790f93e71cf7001eaecb4ceb8869aefa5a35b50b9,commit
github:yuanyan,yuanyan,yuanyan,6cb6287fcc9009fafa4d9069502659961a04f6c6810b65fb6cf764ba99c85969,"commit,pr,pr,pr,pr,pr"
github:yueshuaijie,yueshuaijie,yueshuaijie,,pr
github:yujiayinshi,yujiayinshi,yujiayinshi,,pr
github:yun77op,yun77op,yun77op,,pr
github:yungblud,yungblud,yungblud,,pr
github:yungsters,yungsters,Tim Yung,4713b177a39c8d5de47811037421be22add6b2f6e0dbfb940f7efe0791dba06d,"commit,pr,pr,pr,pr,pr,pr,pr,pr,pr,pr,pr,pr,pr,pr,pr,pr,pr,pr,pr,pr,pr,pr,pr,pr,pr,pr,pr,pr,pr,pr,pr,pr,pr,pr,pr,pr,pr,pr,pr,pr,pr,pr,pr,pr,pr,pr,pr,pr,pr,pr,pr,pr,pr,pr,pr,pr,pr,pr,pr,pr,pr,pr,pr,pr,pr,pr,pr,pr,pr,pr,pr,pr,pr,pr,pr,pr,pr,pr,pr,pr,pr,pr,pr,pr,pr,pr,pr,pr,pr,pr,pr,pr,pr,pr,pr,pr,pr,pr,pr,pr,pr,pr,pr,pr,pr,pr,pr,pr,pr,pr,pr,pr,pr,pr,pr,pr,pr,pr,pr,pr,pr,pr,pr,pr,pr,pr,pr,pr,pr,pr,pr,pr,pr,pr,pr,pr,pr,pr,pr,pr,pr,pr,pr,pr,pr,pr,pr,pr,pr,pr,pr,pr,pr,pr,pr,pr,pr,pr,pr,pr,pr,pr,pr,pr,pr,pr,pr,pr,pr,pr,pr,pr,pr,pr,pr,pr,pr,pr,pr,pr,pr,pr,pr,pr,pr,pr,pr,pr,pr,pr,pr,pr,pr,pr,pr,pr,pr,pr,pr,pr,pr,pr,pr,pr,pr,pr,pr,pr,pr,pr,pr,pr,pr,pr,pr,pr,pr,pr,pr,pr,pr,pr,pr,pr,pr,pr,pr,pr,pr,pr,pr,pr,pr,pr,pr,pr,pr,pr,pr,pr,pr,pr,pr,pr,pr,pr,pr,pr,pr,pr,pr,pr,pr,pr,pr,pr,pr,pr,pr,pr,pr,pr,pr,pr,pr,pr,pr,pr,pr,pr,pr,pr,pr,pr,pr,pr,pr,pr,pr,pr,pr,pr,pr,pr,pr,pr,pr,pr,pr,pr,pr,pr"
github:yunkasu,yunkasu,yunkasu,,pr
github:yupeng-li,Yupeng-li,Yupeng-li,,pr
github:yuriy-ulantsev,yuriy-ulantsev,yuriy-ulantsev,,pr
github:yurnery,yurnery,yurnery,,pr
github:yury-dymov,yury-dymov,yury-dymov,,pr
github:yurykorzun,yurykorzun,yurykorzun,,pr
github:yusato,yusato,yusato,,pr
github:yusefnapora,yusefnapora,Yusef Napora,c7e97f59e2f233004812d6da04dd6f91fd219b03cf3b13223cde8bd2761d5431,"commit,pr,pr,pr"
github:yushimatenjin,yushimatenjin,yushimatenjin,,pr
github:yusinto,yusinto,yusinto,,pr
github:yutin1987,yutin1987,YuTin Liu,5d51e6307bddec5472e724f590af7abc8b391f0fd2bf138a649038b1800e9337,"commit,pr,pr,pr,pr,pr"
github:yuweipei,yuweipei,yuweipei,,pr
github:yux-m,yux-m,yux-m,b991fc33a986d981a672b13743203a4103dc1e47bfb863b82981f19bf5793fbd,"commit,pr,pr,pr"
github:yuya-fujimoto,yuya-fujimoto,YUYA FUJIMOTO,b17957193d908e2208633968a2466dbbc32e4fa383d9ad7e85da8ea85cae2ffb,"commit,pr,pr"
github:yuya-iwabuchi,yuya-iwabuchi,yuya-iwabuchi,,pr
github:yuya-takeyama,yuya-takeyama,yuya-takeyama,,pr
github:yuzhiqiang1993,yuzhiqiang1993,yuzhiqiang1993,,pr
github:yuzhiyi,yuzhiyi,yuzhiyi,,pr
github:yvettep321,yvettep321,yvettep321,,pr
github:ywongweb,ywongweb,ywongweb,,pr
github:ywz2010,ywz2010,ywz2010,,pr
github:yyoshiki41,yyoshiki41,yyoshiki41,eeb27c242107f6f40db1dde5636545224a07195206f3ae0c21806c21a0087f88,"commit,pr"
github:yzarubin,yzarubin,Yuri Zarubin,2cbf755c7c8dfb91c2bc9f459d7e08fbbbf94415c690c9d0fadea6b7bd205bf8,"commit,pr"
github:z11h,z11h,Zakaria Ridouh,03fb34cf71a823f36c8cf32dac6555e064ebc2d2ec119faf9c812f6271180e48,"commit,pr,pr"
github:za1batsu,Za1batsu,Za1batsu,7adc37f2032c14633c1f1259dac0b8fe2401749a412323843cc8d2ea86ae2203,"commit,pr,pr,pr,pr,pr"
github:zaaath,zaaath,Lev Taydakov,06177d4c6e2dd27441be6db0df716e21503df79c8ad6360a1a618c12ae59d7c5,"commit,pr"
github:zachary95,zachary95,zachary95,,pr
github:zackdotcomputer,zackdotcomputer,zackdotcomputer,,pr
github:zacqary,Zacqary,Zacqary,,pr
github:zaferatli,zaferatli,zaferatli,,pr
github:zahinafsar,zahinafsar,zahinafsar,,pr
github:zahoq,Zahoq,Karol Latusek,0734cca1a6ea835f45332bc478840d991aae25eeadb732b31571a85fd6043103,"commit,pr,pr"
github:zamotany,zamotany,zamotany,,pr
github:zaubernerd,ZauberNerd,ZauberNerd,15415c94a1c81854c4ca694483483527066738f4098dbd157244215b78f405a2,"commit,pr,pr"
github:zbauman3,zbauman3,Zane Bauman,8801853d98e58110c1ecdddf851ecfb02a0d22c20c63359589197c4f3f2200ae,"commit,pr"
github:zcbenz,zcbenz,Cheng Zhao,e671523c8a696d8f8353c7511055e3cb00f86d0bc20d7a9b55b0d9db2eef9a96,commit
github:zdravkon,ZdravkoN,Zdravko Nikolovski,2d25bc7083791169fed86d1614f17c9ab6c3e2fb0c406909cb68e8cc0c5fb25d,"commit,pr"
github:zebulgar,zebulgar,zebulgar,,pr
github:zedtux,zedtux,Guillaume Hain,68ebf3e2e8f9d51574178b01ed88ac37bd303e5e85d1a96e220a823b9e0a3bf1,"commit,pr"
github:zeljkox,zeljkoX,zeljkoX,,pr
github:zeninsta,zeninsta,Zen Xu,c3bdcc48d0495a10656ebe6abf3a45c96c1e4788b668ba49a165e842fbc8b136,commit
github:zenithpolar,zenithpolar,zenithpolar,,pr
github:zenz,zenz,zenz,,pr
github:zephinzer,zephinzer,zephinzer,,pr
github:zerkella,zerkella,Andrey Tserkus,c6918e40a670107cdb546869b5b120ee553211188dee83198825c0dc19e4c32a,commit
github:zerosrat,zerosrat,zerosrat,acb8853a78e3707ccbe37de91de9201d8a61ea82ba7053d1d024e6f3aeef2037,"commit,pr,pr"
github:zertosh,zertosh,Andres Suarez,a2f533097de6987161baeddf355d7f9f1f640a301f25e41742e6f053bb4ab35f,"commit,pr"
github:zeyadsalloum,zeyadsalloum,Zeyad Salloum,68e3529a1f7c8376a179a778bdd9fd24a06d7a25d2add2b83ca3d45a608378ae,commit
github:zeyap,zeyap,Zeya Peng,d3eedf6cad741d2c3509a70879b6419c80ad43a04345d0598b850d025b11632d,"commit,pr,pr,pr,pr,pr,pr,pr,pr,pr,pr,pr,pr,pr,pr,pr,pr,pr,pr,pr,pr,pr,pr,pr,pr,pr,pr,pr,pr,pr,pr,pr,pr,pr,pr,pr,pr,pr,pr,pr,pr,pr,pr,pr,pr,pr,pr,pr,pr,pr,pr,pr,pr,pr,pr,pr,pr,pr,pr,pr,pr,pr,pr,pr,pr,pr,pr,pr,pr,pr,pr,pr,pr,pr,pr,pr,pr,pr,pr,pr,pr,pr,pr,pr,pr,pr,pr,pr,pr,pr,pr,pr,pr,pr,pr,pr,pr,pr,pr,pr,pr,pr,pr,pr,pr,pr,pr,pr,pr,pr,pr,pr,pr,pr,pr,pr,pr,pr,pr,pr,pr,pr,pr,pr,pr,pr,pr,pr,pr,pr,pr,pr,pr"
github:zezhouliu,zezhouliu,zezhouliu,,pr
github:zhang740,zhang740,zhang740,,pr
github:zhangmincons,zhangmincons,zhangmincons,,pr
github:zhao-qi,Zhao-Qi,Zhao-Qi,,pr
github:zhaotai,zhaotai,zhaotai,,pr
github:zhaoxingyu,zhaoxingyu,zhaoxingyu,,pr
github:zhaozihaoandroid,zhaozihaoandroid,zhaozihaoandroid,,pr
github:zhgqthomas,zhgqthomas,zhgqthomas,,pr
github:zhigang1992,zhigang1992,Kyle Fang,e770729e7290e75cf65677f60665f322538588e446bbe4dbd375164d3b5447f4,"commit,pr"
github:zholobov,zholobov,zholobov,,pr
github:zhongjie-chen,zhongjie-chen,zhongjie-chen,,pr
github:zhongwuzw,zhongwuzw,zhongwuzw,1ad17a2ca2293f3dc68f7e4c49c024021892e4712a51c9e0dbbc26557c6320a3,"commit,pr,pr,pr,pr,pr,pr,pr,pr,pr,pr,pr,pr,pr,pr,pr,pr,pr,pr,pr,pr,pr,pr,pr,pr,pr,pr,pr,pr,pr,pr,pr,pr,pr,pr,pr,pr,pr,pr,pr,pr,pr,pr,pr,pr,pr,pr,pr,pr,pr,pr,pr,pr,pr,pr,pr,pr,pr,pr,pr,pr,pr,pr,pr,pr,pr,pr,pr,pr,pr,pr,pr,pr,pr,pr,pr,pr,pr,pr,pr,pr,pr,pr,pr,pr,pr,pr,pr,pr,pr,pr,pr,pr,pr,pr,pr,pr,pr,pr,pr,pr,pr,pr,pr,pr,pr,pr,pr,pr,pr,pr,pr,pr,pr,pr,pr,pr,pr,pr,pr,pr,pr,pr,pr,pr,pr,pr,pr,pr,pr,pr,pr,pr,pr,pr,pr,pr,pr,pr,pr,pr,pr,pr,pr,pr,pr,pr,pr,pr,pr,pr,pr,pr,pr,pr,pr,pr,pr,pr,pr,pr,pr,pr,pr,pr,pr,pr,pr,pr,pr,pr,pr,pr,pr,pr,pr,pr,pr,pr,pr,pr,pr,pr,pr,pr,pr,pr,pr,pr,pr,pr,pr,pr,pr,pr,pr,pr,pr,pr,pr,pr,pr,pr,pr,pr,pr,pr,pr,pr,pr,pr,pr,pr,pr,pr,pr,pr,pr,pr,pr,pr,pr,pr,pr,pr,pr,pr,pr,pr,pr,pr,pr,pr,pr,pr,pr,pr,pr,pr,pr,pr,pr,pr,pr,pr,pr,pr,pr,pr,pr,pr,pr,pr,pr,pr,pr,pr,pr,pr,pr,pr,pr,pr,pr,pr,pr,pr,pr,pr,pr"
github:zhonshu,zhonshu,zhonshu,,pr
github:zhouzh1,zhouzh1,Zhi Zhou,587e66cfc5cdd89cf14e9365ff217fce44446e67aa8c286e4d436d69fac0f8e4,"commit,pr,pr"
github:zhouzhongyuan,zhouzhongyuan,周中原,ae294569ab3d8571ae71a0b14bdecbee69a4acf108e235cadcbc209a0bc90b2d,"commit,pr"
github:zhpd,zhpd,zpd106,65af962ac24a3e77a01e276d9643c33bafab84060d5f6926224f3dc906ac2f55,"commit,pr,pr"
github:zhu-arthur,Zhu-Arthur,Zhu-Arthur,,pr
github:zhu-xiaowei,zhu-xiaowei,zhu-xiaowei,,pr
github:zhuangpp,ZHUANGPP,Jiayan Zhuang,9c37f8bd40d652acc25c8493a3dae570df97abfb41ce450fd8d4871aafa5e144,"commit,pr,pr,pr,pr"
github:zhuchaowe,zhuchaowe,zhuchaowe,,pr
github:zhumingcheng697,zhumingcheng697,McCoy Zhu,3650bc32e3e08cb9517bc73a2a76c0b5e0e60c0e2dc0872c49dccb1e43027259,"commit,pr"
github:zhuoyitao,ZhuoYitao,ZhuoYitao,,pr
github:ziahamza,ziahamza,ziahamza,,pr
github:zibs,zibs,zibs,,pr
github:zienag,zienag,Alfred Zien,fb50dfb9c3c1f8bf1ffe45d1c15507a0786de0876bcbbdc9934258f38ac8c67a,"commit,pr"
github:zihanchen-msft,ZihanChen-MSFT,Zihan Chen (MSFT),ffa01ba19ec731f96f48f30021b891dab9805b7e0ed735ade396d3c916f53e4c,"commit,pr,pr,pr,pr,pr,pr,pr,pr,pr,pr,pr,pr,pr,pr,pr,pr,pr,pr,pr,pr,pr,pr,pr,pr,pr,pr"
github:zijunl,zijunl,zijunl,,pr
github:zimengle,zimengle,zimeng,da4226fdceb934df683d3b5f2bbad6c580aa2ff16ef43f0d196878c0794289a3,"commit,pr"
github:zinuzoid,zinuzoid,Jim Jetsada Machom,6841de34e990daad1333f9ac2bac1f99610e76815093aa7d04f418a94b921df8,commit
github:zixan,zixan,Zeeshan Mughal,8b1aadfc58dfb5c40a2eb822a934f2a6d1d9dc6c64d49793bc36f6b521eba74c,"commit,pr"
github:zj-lin-golorry,zj-lin-golorry,zj-lin-golorry,,pr
github:zjgnlzq,zjgnlzq,zjgnlzq,,pr
github:zjj010104,zjj010104,Jiajie Zhu,c784106c17ab92a77b8f96dfe6e7b02e9f6109ed85bad5241c5f490c684c3890,commit
github:zjlovezj,zjlovezj,zjlovezj,c066f4ba6420cb1b561d115fb3ddbd564e786915ff89842eff15c596862c5f08,"commit,pr,pr,pr"
github:zlern2k,zlern2k,Daniel Weaver,bddf649b852dbd0be6181fbda1382a4227966e9cd37e46cdbceb8ba15cc87f18,commit
github:zlpcloud,zlpcloud,zlpcloud,,pr
github:zobeirhamid,zobeirhamid,zobeirhamid,,pr
github:zolbooo,zolbooo,zolbooo,,pr
github:zongjingyao,zongjingyao,zongjingyao,,pr
github:zongwan,zongwan,zongwan,aaedf6fcc1093bfd441986af07fcb9e350f864be9a85a495c288a5dd1b2ef137,"commit,pr,pr,pr,pr"
github:zoontek,zoontek,Mathieu Acthernoene,cb1d7214a57e3397fef5ef491f36010cfb72f74261bd6143f71b164ff79b0651,"commit,pr,pr,pr,pr,pr,pr,pr,pr,pr,pr,pr,pr,pr,pr,pr,pr,pr,pr,pr,pr"
github:zorantodorovic,zorantodorovic,zorantodorovic,,pr
github:zpao,zpao,Paul O'Shannessy,34a54c62788bab1a96eafb4f7de14c1969883bb2be8fd59e765c48a640f28109,"commit,pr,pr,pr,pr,pr,pr"
github:zubeyralmaho,zubeyralmaho,zubeyralmaho,,pr
github:zubko,zubko,Alexander Zubko,2a5d6d833ad67916023b4f333a7b3cd27ed305053079984ac6111212ddd668a4,"commit,pr"
github:zwem,Zwem,Denis,d4e2df10cb7539cb33cb8ba3be526b668410f57b6a7201bb596613b09382faa9,"commit,pr,pr,pr"
github:zxcpoiu,zxcpoiu,zxcpoiu,77ccb260f0ace95aa8d309e77399fc3e811167821c8bbc09f510b32ac2487e53,"commit,pr,pr,pr,pr,pr"
github:zyestin,zyestin,zyestin,1d8ebcd692b234050b561244cc64ad2fa8f71ad5c8f901741a9613eb494d11cd,"commit,pr"
github:zyszys,ZYSzys,ZYSzys,f1e5fce3e444ba1a40350971f7fad60674bf741da3113bda8af7c4e29ca46a08,"commit,pr"
github:zzz0108,zzz0108,Tien Anh Nguyen,349e7bafee1ed4b77d0fb9ee5e36370bbc2e72007a6845c9949f809c25230cef,"commit,pr"
name:codemodservice bot,,CodemodService Bot,,commit
name:codemodservice fbsourcebuckformatlinterbot,,CodemodService FBSourceBuckFormatLinterBot,,commit
name:codemodservice fbsourceclangformatlinterbot,,CodemodService FBSourceClangFormatLinterBot,,commit
name:codemodservice fbsourcegooglejavaformatlinterbot,,CodemodService FBSourceGoogleJavaFormatLinterBot,,commit
name:codemodservice fbsourcektfmtlinterbot,,CodemodService FBSourceKtfmtLinterBot,,commit
name:dark knight,,Dark Knight,,commit
name:intl scheduler,,Intl Scheduler,,commit
